[07-23 20:59:26]: [INFO] Created column 'regdate' and set the current timestamp, 1784822366189, to all 0 rows
[07-23 20:59:26]: [INFO] SQLite Setup finished
[07-23 20:59:26]: [INFO] Hooked into LuckPerms!
[07-23 20:59:26]: [WARN] WARNING! The protectInventory feature requires PacketEvents! Disabling it...
[07-23 20:59:26]: [INFO] AuthMe 6.0.0 build n.2734 successfully enabled!
[07-23 20:59:33]: [INFO] Downloading GEO IP database, because the old database is older than 30 days or doesn't exist
[07-23 20:59:33]: [WARN] No MaxMind credentials found in the configuration file! GeoIp protections will be disabled.
[07-23 20:59:33]: [INFO] There is no newer GEO IP database uploaded to MaxMind. Using the old one for now.
[07-23 20:59:33]: [WARN] Could not download GeoLiteAPI database [FileNotFoundException]: plugins/AuthMe/GeoLite2-Country.mmdb (No such file or directory)
[07-23 20:59:33]: java.io.FileNotFoundException: plugins/AuthMe/GeoLite2-Country.mmdb (No such file or directory)
	at java.base/java.io.RandomAccessFile.open0(Native Method)
	at java.base/java.io.RandomAccessFile.open(RandomAccessFile.java:338)
	at java.base/java.io.RandomAccessFile.<init>(RandomAccessFile.java:257)
	at java.base/java.io.RandomAccessFile.<init>(RandomAccessFile.java:211)
	at com.maxmind.db.BufferHolder.<init>(BufferHolder.java:19)
	at com.maxmind.db.Reader.<init>(Reader.java:119)
	at com.maxmind.geoip2.DatabaseReader.<init>(DatabaseReader.java:106)
	at com.maxmind.geoip2.DatabaseReader$Builder.build(DatabaseReader.java:238)
	at AuthMe-6.0.0-Spigot-1.21.jar//fr.xephi.authme.service.GeoIpService.startReading(GeoIpService.java:183)
	at AuthMe-6.0.0-Spigot-1.21.jar//fr.xephi.authme.service.GeoIpService.updateDatabase(GeoIpService.java:150)
	at org.bukkit.craftbukkit.scheduler.CraftTask.run(CraftTask.java:78)
	at org.bukkit.craftbukkit.scheduler.CraftAsyncTask.run(CraftAsyncTask.java:57)
	at com.destroystokyo.paper.ServerSchedulerReportingWrapper.run(ServerSchedulerReportingWrapper.java:22)
	at java.base/java.util.concurrent.ThreadPoolExecutor.runWorker(ThreadPoolExecutor.java:1090)
	at java.base/java.util.concurrent.ThreadPoolExecutor$Worker.run(ThreadPoolExecutor.java:614)
	at java.base/java.lang.Thread.run(Thread.java:1474)

[07-23 21:00:54]: [FINE] hanansaleh registered 39.37.141.42
[07-23 21:00:54]: [FINE] hanansaleh logged in 39.37.141.42
[07-23 21:01:17]: [FINE] azansalehhh registered 119.73.121.86
[07-23 21:01:17]: [FINE] azansalehhh logged in 119.73.121.86
[07-23 21:01:22]: [FINE] hanansaleh logged in 39.37.141.42
[07-23 21:05:17]: [INFO] SQLite Setup finished
[07-23 21:05:17]: [INFO] Unhooked from Permissions!
[07-23 21:05:17]: [INFO] Hooked into LuckPerms!
[07-23 21:05:17]: [WARN] WARNING! The protectInventory feature requires PacketEvents! Disabling it...
[07-23 21:07:10]: [INFO] SQLite Setup finished
[07-23 21:07:10]: [INFO] Unhooked from Permissions!
[07-23 21:07:10]: [INFO] Hooked into LuckPerms!
[07-23 21:07:10]: [WARN] WARNING! The protectInventory feature requires PacketEvents! Disabling it...
[07-23 21:07:28]: [FINE] manansaleh2007 registered 39.37.141.42
[07-23 21:07:28]: [FINE] The user manansaleh2007 has 2 accounts:
[07-23 21:07:28]: [FINE] §7§ahanansaleh§7, §amanansaleh2007§7.
[07-23 21:07:28]: [FINE] manansaleh2007 logged in 39.37.141.42
[07-23 21:07:55]: [FINE] The user manansaleh2007 has 2 accounts:
[07-23 21:07:55]: [FINE] §7§ahanansaleh§7, §amanansaleh2007§7.
[07-23 21:07:55]: [FINE] manansaleh2007 logged in 39.37.141.42
[07-23 21:08:27]: [FINE] NightmareDady registered 119.73.121.86
[07-23 21:08:27]: [FINE] The user NightmareDady has 2 accounts:
[07-23 21:08:27]: [FINE] §7§aazansalehhh§7, §aNightmareDady§7.
[07-23 21:08:27]: [FINE] NightmareDady logged in 119.73.121.86
[07-23 21:11:03]: [INFO] SQLite Setup finished
[07-23 21:11:03]: [INFO] Unhooked from Permissions!
[07-23 21:11:03]: [INFO] Hooked into LuckPerms!
[07-23 21:11:03]: [WARN] WARNING! The protectInventory feature requires PacketEvents! Disabling it...
[07-23 21:21:12]: [FINE] NightmareDady used the wrong password
[07-23 21:21:25]: [FINE] The user NightmareDady has 2 accounts:
[07-23 21:21:25]: [FINE] §7§aazansalehhh§7, §aNightmareDady§7.
[07-23 21:21:25]: [FINE] NightmareDady logged in 119.73.121.86
[07-23 21:21:54]: [FINE] The user NightmareDady has 2 accounts:
[07-23 21:21:54]: [FINE] §7§aazansalehhh§7, §aNightmareDady§7.
[07-23 21:21:54]: [FINE] NightmareDady logged in 119.73.121.86
[07-23 21:23:14]: [INFO] SQLite Setup finished
[07-23 21:23:14]: [INFO] Unhooked from Permissions!
[07-23 21:23:14]: [INFO] Hooked into LuckPerms!
[07-23 21:23:14]: [WARN] WARNING! The protectInventory feature requires PacketEvents! Disabling it...
[07-23 21:55:50]: [FINE] The user hanansaleh has 2 accounts:
[07-23 21:55:50]: [FINE] §7§ahanansaleh§7, manansaleh2007.
[07-23 21:55:50]: [FINE] hanansaleh logged in 39.37.141.42
[07-23 21:59:05]: [INFO] SQLite Setup finished
[07-23 21:59:05]: [INFO] Unhooked from Permissions!
[07-23 21:59:05]: [INFO] Hooked into LuckPerms!
[07-23 21:59:05]: [WARN] WARNING! The protectInventory feature requires PacketEvents! Disabling it...
[07-23 22:01:49]: [FINE] The user NightmareDady has 2 accounts:
[07-23 22:01:49]: [FINE] §7§aazansalehhh§7, §aNightmareDady§7.
[07-23 22:01:49]: [FINE] NightmareDady logged in 119.73.121.86
[07-23 22:10:40]: [FINE] The user manansaleh2007 has 2 accounts:
[07-23 22:10:40]: [FINE] §7§ahanansaleh§7, §amanansaleh2007§7.
[07-23 22:10:40]: [FINE] manansaleh2007 logged in 39.37.141.42
[07-23 22:15:15]: [FINE] The user hanansaleh has 2 accounts:
[07-23 22:15:15]: [FINE] §7§ahanansaleh§7, §amanansaleh2007§7.
[07-23 22:15:15]: [FINE] hanansaleh logged in 39.37.141.42
[07-23 22:21:35]: [INFO] SQLite Setup finished
[07-23 22:21:35]: [INFO] Unhooked from Permissions!
[07-23 22:21:35]: [INFO] Hooked into LuckPerms!
[07-23 22:21:35]: [WARN] WARNING! The protectInventory feature requires PacketEvents! Disabling it...
[07-23 22:21:55]: [INFO] SQLite Setup finished
[07-23 22:21:55]: [INFO] Unhooked from Permissions!
[07-23 22:21:55]: [INFO] Hooked into LuckPerms!
[07-23 22:21:55]: [WARN] WARNING! The protectInventory feature requires PacketEvents! Disabling it...
[07-23 22:22:46]: [FINE] .MUSTAFAhacker67 registered 119.156.107.120
[07-23 22:22:46]: [FINE] .MUSTAFAhacker67 logged in 119.156.107.120
[07-23 22:23:18]: [INFO] SQLite Setup finished
[07-23 22:23:18]: [INFO] Unhooked from Permissions!
[07-23 22:23:18]: [INFO] Hooked into LuckPerms!
[07-23 22:23:18]: [WARN] WARNING! The protectInventory feature requires PacketEvents! Disabling it...
[07-23 22:25:05]: [INFO] SQLite Setup finished
[07-23 22:25:05]: [INFO] Unhooked from Permissions!
[07-23 22:25:05]: [INFO] Hooked into LuckPerms!
[07-23 22:25:05]: [WARN] WARNING! The protectInventory feature requires PacketEvents! Disabling it...
[07-23 22:39:18]: [FINE] The user NightmareDady has 2 accounts:
[07-23 22:39:18]: [FINE] §7§aazansalehhh§7, §aNightmareDady§7.
[07-23 22:39:18]: [FINE] NightmareDady logged in 119.73.121.86
[07-23 23:14:26]: [FINE] NightmareDady used the wrong password
[07-23 23:14:35]: [FINE] NightmareDady used the wrong password
[07-23 23:14:48]: [FINE] The user NightmareDady has 2 accounts:
[07-23 23:14:48]: [FINE] §7§aazansalehhh§7, §aNightmareDady§7.
[07-23 23:14:48]: [FINE] NightmareDady logged in 119.73.121.86
[07-23 23:40:23]: [FINE] .MUSTAFAhacker67 logged in 119.156.107.120
[07-23 23:43:27]: [FINE] The user azansalehhh has 2 accounts:
[07-23 23:43:27]: [FINE] §7§aazansalehhh§7, §aNightmareDady§7.
[07-23 23:43:27]: [FINE] azansalehhh logged in 119.73.121.86
[07-24 00:01:19]: [FINE] The user azansalehhh has 2 accounts:
[07-24 00:01:19]: [FINE] §7§aazansalehhh§7, nightmaredady.
[07-24 00:01:19]: [FINE] azansalehhh logged in 119.73.121.86
[07-24 00:33:58]: [INFO] AuthMe 6.0.0-b2734 disabled!
[07-24 09:45:30]: [INFO] SQLite Setup finished
[07-24 09:45:31]: [INFO] Hooked into LuckPerms!
[07-24 09:45:31]: [WARN] WARNING! The protectInventory feature requires PacketEvents! Disabling it...
[07-24 09:45:31]: [INFO] AuthMe 6.0.0 build n.2734 successfully enabled!
[07-24 09:45:41]: [INFO] Downloading GEO IP database, because the old database is older than 30 days or doesn't exist
[07-24 09:45:41]: [WARN] No MaxMind credentials found in the configuration file! GeoIp protections will be disabled.
[07-24 09:45:41]: [INFO] There is no newer GEO IP database uploaded to MaxMind. Using the old one for now.
[07-24 09:45:41]: [WARN] Could not download GeoLiteAPI database [FileNotFoundException]: plugins/AuthMe/GeoLite2-Country.mmdb (No such file or directory)
[07-24 09:45:41]: java.io.FileNotFoundException: plugins/AuthMe/GeoLite2-Country.mmdb (No such file or directory)
	at java.base/java.io.RandomAccessFile.open0(Native Method)
	at java.base/java.io.RandomAccessFile.open(RandomAccessFile.java:338)
	at java.base/java.io.RandomAccessFile.<init>(RandomAccessFile.java:257)
	at java.base/java.io.RandomAccessFile.<init>(RandomAccessFile.java:211)
	at com.maxmind.db.BufferHolder.<init>(BufferHolder.java:19)
	at com.maxmind.db.Reader.<init>(Reader.java:119)
	at com.maxmind.geoip2.DatabaseReader.<init>(DatabaseReader.java:106)
	at com.maxmind.geoip2.DatabaseReader$Builder.build(DatabaseReader.java:238)
	at AuthMe-6.0.0-Spigot-1.21.jar//fr.xephi.authme.service.GeoIpService.startReading(GeoIpService.java:183)
	at AuthMe-6.0.0-Spigot-1.21.jar//fr.xephi.authme.service.GeoIpService.updateDatabase(GeoIpService.java:150)
	at org.bukkit.craftbukkit.scheduler.CraftTask.run(CraftTask.java:78)
	at org.bukkit.craftbukkit.scheduler.CraftAsyncTask.run(CraftAsyncTask.java:57)
	at com.destroystokyo.paper.ServerSchedulerReportingWrapper.run(ServerSchedulerReportingWrapper.java:22)
	at java.base/java.util.concurrent.ThreadPoolExecutor.runWorker(ThreadPoolExecutor.java:1090)
	at java.base/java.util.concurrent.ThreadPoolExecutor$Worker.run(ThreadPoolExecutor.java:614)
	at java.base/java.lang.Thread.run(Thread.java:1474)

[07-24 09:46:04]: [FINE] The user NightmareDady has 2 accounts:
[07-24 09:46:04]: [FINE] §7azansalehhh, §aNightmareDady§7.
[07-24 09:46:04]: [FINE] NightmareDady logged in 119.73.121.86
[07-24 09:55:25]: [FINE] The user azansalehhh has 2 accounts:
[07-24 09:55:25]: [FINE] §7§aazansalehhh§7, §aNightmareDady§7.
[07-24 09:55:25]: [FINE] azansalehhh logged in 119.73.121.86
[07-24 10:43:20]: [FINE] The user NightmareDady has 2 accounts:
[07-24 10:43:20]: [FINE] §7§aazansalehhh§7, §aNightmareDady§7.
[07-24 10:43:20]: [FINE] NightmareDady logged in 119.73.121.86
[07-24 11:05:11]: [FINE] The user NightmareDady has 2 accounts:
[07-24 11:05:11]: [FINE] §7§aazansalehhh§7, §aNightmareDady§7.
[07-24 11:05:11]: [FINE] NightmareDady logged in 119.73.121.86
[07-24 11:06:35]: [INFO] NightmareDady changed his password
[07-24 11:07:04]: [FINE] The user NightmareDady has 2 accounts:
[07-24 11:07:04]: [FINE] §7§aazansalehhh§7, §aNightmareDady§7.
[07-24 11:07:04]: [FINE] NightmareDady logged in 119.73.121.86
[07-24 11:08:51]: [FINE] The user azansalehhh has 2 accounts:
[07-24 11:08:51]: [FINE] §7§aazansalehhh§7, §aNightmareDady§7.
[07-24 11:08:51]: [FINE] azansalehhh logged in 119.73.121.86
[07-24 11:22:35]: [FINE] The user NightmareDady has 2 accounts:
[07-24 11:22:35]: [FINE] §7§aazansalehhh§7, §aNightmareDady§7.
[07-24 11:22:35]: [FINE] NightmareDady logged in 119.73.121.86
[07-24 11:35:51]: [FINE] The user hanansaleh has 2 accounts:
[07-24 11:35:51]: [FINE] §7§ahanansaleh§7, manansaleh2007.
[07-24 11:35:51]: [FINE] hanansaleh logged in 39.37.141.42
[07-24 11:42:48]: [FINE] The user hanansaleh has 2 accounts:
[07-24 11:42:48]: [FINE] §7§ahanansaleh§7, manansaleh2007.
[07-24 11:42:48]: [FINE] hanansaleh logged in 39.37.141.42
[07-24 11:54:26]: [INFO] AuthMe 6.0.0-b2734 disabled!
[07-24 12:23:29]: [INFO] SQLite Setup finished
[07-24 12:23:29]: [INFO] Hooked into LuckPerms!
[07-24 12:23:29]: [INFO] Hooked successfully into Essentials
[07-24 12:23:29]: [INFO] Essentials spawn file not found: '/server/plugins/Essentials/spawn.yml'
[07-24 12:23:29]: [WARN] WARNING! The protectInventory feature requires PacketEvents! Disabling it...
[07-24 12:23:29]: [INFO] AuthMe 6.0.0 build n.2734 successfully enabled!
[07-24 12:23:37]: [INFO] Downloading GEO IP database, because the old database is older than 30 days or doesn't exist
[07-24 12:23:37]: [WARN] No MaxMind credentials found in the configuration file! GeoIp protections will be disabled.
[07-24 12:23:37]: [INFO] There is no newer GEO IP database uploaded to MaxMind. Using the old one for now.
[07-24 12:23:37]: [WARN] Could not download GeoLiteAPI database [FileNotFoundException]: plugins/AuthMe/GeoLite2-Country.mmdb (No such file or directory)
[07-24 12:23:37]: java.io.FileNotFoundException: plugins/AuthMe/GeoLite2-Country.mmdb (No such file or directory)
	at java.base/java.io.RandomAccessFile.open0(Native Method)
	at java.base/java.io.RandomAccessFile.open(RandomAccessFile.java:338)
	at java.base/java.io.RandomAccessFile.<init>(RandomAccessFile.java:257)
	at java.base/java.io.RandomAccessFile.<init>(RandomAccessFile.java:211)
	at com.maxmind.db.BufferHolder.<init>(BufferHolder.java:19)
	at com.maxmind.db.Reader.<init>(Reader.java:119)
	at com.maxmind.geoip2.DatabaseReader.<init>(DatabaseReader.java:106)
	at com.maxmind.geoip2.DatabaseReader$Builder.build(DatabaseReader.java:238)
	at AuthMe-6.0.0-Spigot-1.21.jar//fr.xephi.authme.service.GeoIpService.startReading(GeoIpService.java:183)
	at AuthMe-6.0.0-Spigot-1.21.jar//fr.xephi.authme.service.GeoIpService.updateDatabase(GeoIpService.java:150)
	at org.bukkit.craftbukkit.scheduler.CraftTask.run(CraftTask.java:78)
	at org.bukkit.craftbukkit.scheduler.CraftAsyncTask.run(CraftAsyncTask.java:57)
	at com.destroystokyo.paper.ServerSchedulerReportingWrapper.run(ServerSchedulerReportingWrapper.java:22)
	at java.base/java.util.concurrent.ThreadPoolExecutor.runWorker(ThreadPoolExecutor.java:1090)
	at java.base/java.util.concurrent.ThreadPoolExecutor$Worker.run(ThreadPoolExecutor.java:614)
	at java.base/java.lang.Thread.run(Thread.java:1474)

[07-24 12:24:14]: [FINE] The user hanansaleh has 2 accounts:
[07-24 12:24:14]: [FINE] §7§ahanansaleh§7, manansaleh2007.
[07-24 12:24:14]: [FINE] hanansaleh logged in 39.37.141.42
[07-24 12:30:29]: [INFO] AuthMe 6.0.0-b2734 disabled!
[07-24 12:31:00]: [INFO] SQLite Setup finished
[07-24 12:31:00]: [INFO] Hooked into LuckPerms!
[07-24 12:31:00]: [INFO] Hooked successfully into Essentials
[07-24 12:31:00]: [INFO] Essentials spawn file not found: '/server/plugins/Essentials/spawn.yml'
[07-24 12:31:00]: [WARN] WARNING! The protectInventory feature requires PacketEvents! Disabling it...
[07-24 12:31:01]: [INFO] AuthMe 6.0.0 build n.2734 successfully enabled!
[07-24 12:31:08]: [INFO] Downloading GEO IP database, because the old database is older than 30 days or doesn't exist
[07-24 12:31:08]: [WARN] No MaxMind credentials found in the configuration file! GeoIp protections will be disabled.
[07-24 12:31:08]: [INFO] There is no newer GEO IP database uploaded to MaxMind. Using the old one for now.
[07-24 12:31:08]: [WARN] Could not download GeoLiteAPI database [FileNotFoundException]: plugins/AuthMe/GeoLite2-Country.mmdb (No such file or directory)
[07-24 12:31:08]: java.io.FileNotFoundException: plugins/AuthMe/GeoLite2-Country.mmdb (No such file or directory)
	at java.base/java.io.RandomAccessFile.open0(Native Method)
	at java.base/java.io.RandomAccessFile.open(RandomAccessFile.java:338)
	at java.base/java.io.RandomAccessFile.<init>(RandomAccessFile.java:257)
	at java.base/java.io.RandomAccessFile.<init>(RandomAccessFile.java:211)
	at com.maxmind.db.BufferHolder.<init>(BufferHolder.java:19)
	at com.maxmind.db.Reader.<init>(Reader.java:119)
	at com.maxmind.geoip2.DatabaseReader.<init>(DatabaseReader.java:106)
	at com.maxmind.geoip2.DatabaseReader$Builder.build(DatabaseReader.java:238)
	at AuthMe-6.0.0-Spigot-1.21.jar//fr.xephi.authme.service.GeoIpService.startReading(GeoIpService.java:183)
	at AuthMe-6.0.0-Spigot-1.21.jar//fr.xephi.authme.service.GeoIpService.updateDatabase(GeoIpService.java:150)
	at org.bukkit.craftbukkit.scheduler.CraftTask.run(CraftTask.java:78)
	at org.bukkit.craftbukkit.scheduler.CraftAsyncTask.run(CraftAsyncTask.java:57)
	at com.destroystokyo.paper.ServerSchedulerReportingWrapper.run(ServerSchedulerReportingWrapper.java:22)
	at java.base/java.util.concurrent.ThreadPoolExecutor.runWorker(ThreadPoolExecutor.java:1090)
	at java.base/java.util.concurrent.ThreadPoolExecutor$Worker.run(ThreadPoolExecutor.java:614)
	at java.base/java.lang.Thread.run(Thread.java:1474)

[07-24 12:31:22]: [FINE] The user hanansaleh has 2 accounts:
[07-24 12:31:22]: [FINE] §7§ahanansaleh§7, manansaleh2007.
[07-24 12:31:22]: [FINE] hanansaleh logged in 39.37.141.42
[07-24 12:33:40]: [INFO] AuthMe 6.0.0-b2734 disabled!
[07-24 12:34:11]: [INFO] SQLite Setup finished
[07-24 12:34:11]: [INFO] Hooked into LuckPerms!
[07-24 12:34:11]: [INFO] Hooked successfully into Essentials
[07-24 12:34:11]: [INFO] Essentials spawn file not found: '/server/plugins/Essentials/spawn.yml'
[07-24 12:34:11]: [WARN] WARNING! The protectInventory feature requires PacketEvents! Disabling it...
[07-24 12:34:12]: [INFO] AuthMe 6.0.0 build n.2734 successfully enabled!
[07-24 12:34:20]: [INFO] Downloading GEO IP database, because the old database is older than 30 days or doesn't exist
[07-24 12:34:20]: [WARN] No MaxMind credentials found in the configuration file! GeoIp protections will be disabled.
[07-24 12:34:20]: [INFO] There is no newer GEO IP database uploaded to MaxMind. Using the old one for now.
[07-24 12:34:20]: [WARN] Could not download GeoLiteAPI database [FileNotFoundException]: plugins/AuthMe/GeoLite2-Country.mmdb (No such file or directory)
[07-24 12:34:20]: java.io.FileNotFoundException: plugins/AuthMe/GeoLite2-Country.mmdb (No such file or directory)
	at java.base/java.io.RandomAccessFile.open0(Native Method)
	at java.base/java.io.RandomAccessFile.open(RandomAccessFile.java:338)
	at java.base/java.io.RandomAccessFile.<init>(RandomAccessFile.java:257)
	at java.base/java.io.RandomAccessFile.<init>(RandomAccessFile.java:211)
	at com.maxmind.db.BufferHolder.<init>(BufferHolder.java:19)
	at com.maxmind.db.Reader.<init>(Reader.java:119)
	at com.maxmind.geoip2.DatabaseReader.<init>(DatabaseReader.java:106)
	at com.maxmind.geoip2.DatabaseReader$Builder.build(DatabaseReader.java:238)
	at AuthMe-6.0.0-Spigot-1.21.jar//fr.xephi.authme.service.GeoIpService.startReading(GeoIpService.java:183)
	at AuthMe-6.0.0-Spigot-1.21.jar//fr.xephi.authme.service.GeoIpService.updateDatabase(GeoIpService.java:150)
	at org.bukkit.craftbukkit.scheduler.CraftTask.run(CraftTask.java:78)
	at org.bukkit.craftbukkit.scheduler.CraftAsyncTask.run(CraftAsyncTask.java:57)
	at com.destroystokyo.paper.ServerSchedulerReportingWrapper.run(ServerSchedulerReportingWrapper.java:22)
	at java.base/java.util.concurrent.ThreadPoolExecutor.runWorker(ThreadPoolExecutor.java:1090)
	at java.base/java.util.concurrent.ThreadPoolExecutor$Worker.run(ThreadPoolExecutor.java:614)
	at java.base/java.lang.Thread.run(Thread.java:1474)

[07-24 12:34:29]: [FINE] The user hanansaleh has 2 accounts:
[07-24 12:34:29]: [FINE] §7§ahanansaleh§7, manansaleh2007.
[07-24 12:34:29]: [FINE] hanansaleh logged in 39.37.141.42
[07-24 12:35:26]: [INFO] Essentials spawn file not found: '/server/plugins/Essentials/spawn.yml'
[07-24 12:35:26]: [INFO] Unhooked from Permissions!
[07-24 12:35:26]: [INFO] Hooked into LuckPerms!
[07-24 12:35:26]: [INFO] SQLite Setup finished
[07-24 12:35:26]: [WARN] WARNING! The protectInventory feature requires PacketEvents! Disabling it...
[07-24 12:41:35]: [FINE] The user hanansaleh has 2 accounts:
[07-24 12:41:35]: [FINE] §7§ahanansaleh§7, manansaleh2007.
[07-24 12:41:35]: [FINE] hanansaleh logged in 39.37.141.42
[07-24 12:43:16]: [INFO] AuthMe 6.0.0-b2734 disabled!
[07-24 12:43:45]: [INFO] SQLite Setup finished
[07-24 12:43:45]: [INFO] Hooked into LuckPerms!
[07-24 12:43:45]: [INFO] Hooked successfully into Essentials
[07-24 12:43:45]: [INFO] Essentials spawn file not found: '/server/plugins/Essentials/spawn.yml'
[07-24 12:43:45]: [WARN] WARNING! The protectInventory feature requires PacketEvents! Disabling it...
[07-24 12:43:45]: [INFO] AuthMe 6.0.0 build n.2734 successfully enabled!
[07-24 12:43:53]: [INFO] Downloading GEO IP database, because the old database is older than 30 days or doesn't exist
[07-24 12:43:53]: [WARN] No MaxMind credentials found in the configuration file! GeoIp protections will be disabled.
[07-24 12:43:53]: [INFO] There is no newer GEO IP database uploaded to MaxMind. Using the old one for now.
[07-24 12:43:53]: [WARN] Could not download GeoLiteAPI database [FileNotFoundException]: plugins/AuthMe/GeoLite2-Country.mmdb (No such file or directory)
[07-24 12:43:53]: java.io.FileNotFoundException: plugins/AuthMe/GeoLite2-Country.mmdb (No such file or directory)
	at java.base/java.io.RandomAccessFile.open0(Native Method)
	at java.base/java.io.RandomAccessFile.open(RandomAccessFile.java:338)
	at java.base/java.io.RandomAccessFile.<init>(RandomAccessFile.java:257)
	at java.base/java.io.RandomAccessFile.<init>(RandomAccessFile.java:211)
	at com.maxmind.db.BufferHolder.<init>(BufferHolder.java:19)
	at com.maxmind.db.Reader.<init>(Reader.java:119)
	at com.maxmind.geoip2.DatabaseReader.<init>(DatabaseReader.java:106)
	at com.maxmind.geoip2.DatabaseReader$Builder.build(DatabaseReader.java:238)
	at AuthMe-6.0.0-Spigot-1.21.jar//fr.xephi.authme.service.GeoIpService.startReading(GeoIpService.java:183)
	at AuthMe-6.0.0-Spigot-1.21.jar//fr.xephi.authme.service.GeoIpService.updateDatabase(GeoIpService.java:150)
	at org.bukkit.craftbukkit.scheduler.CraftTask.run(CraftTask.java:78)
	at org.bukkit.craftbukkit.scheduler.CraftAsyncTask.run(CraftAsyncTask.java:57)
	at com.destroystokyo.paper.ServerSchedulerReportingWrapper.run(ServerSchedulerReportingWrapper.java:22)
	at java.base/java.util.concurrent.ThreadPoolExecutor.runWorker(ThreadPoolExecutor.java:1090)
	at java.base/java.util.concurrent.ThreadPoolExecutor$Worker.run(ThreadPoolExecutor.java:614)
	at java.base/java.lang.Thread.run(Thread.java:1474)

[07-24 12:44:17]: [FINE] The user hanansaleh has 2 accounts:
[07-24 12:44:17]: [FINE] §7§ahanansaleh§7, manansaleh2007.
[07-24 12:44:17]: [FINE] hanansaleh logged in 39.37.141.42
[07-24 12:56:12]: [INFO] AuthMe 6.0.0-b2734 disabled!
[07-24 12:56:42]: [INFO] SQLite Setup finished
[07-24 12:56:42]: [INFO] Hooked into LuckPerms!
[07-24 12:56:42]: [INFO] Hooked successfully into Essentials
[07-24 12:56:42]: [INFO] Essentials spawn file not found: '/server/plugins/Essentials/spawn.yml'
[07-24 12:56:42]: [WARN] WARNING! The protectInventory feature requires PacketEvents! Disabling it...
[07-24 12:56:42]: [INFO] AuthMe 6.0.0 build n.2734 successfully enabled!
[07-24 12:56:50]: [INFO] Downloading GEO IP database, because the old database is older than 30 days or doesn't exist
[07-24 12:56:50]: [WARN] No MaxMind credentials found in the configuration file! GeoIp protections will be disabled.
[07-24 12:56:50]: [INFO] There is no newer GEO IP database uploaded to MaxMind. Using the old one for now.
[07-24 12:56:50]: [WARN] Could not download GeoLiteAPI database [FileNotFoundException]: plugins/AuthMe/GeoLite2-Country.mmdb (No such file or directory)
[07-24 12:56:50]: java.io.FileNotFoundException: plugins/AuthMe/GeoLite2-Country.mmdb (No such file or directory)
	at java.base/java.io.RandomAccessFile.open0(Native Method)
	at java.base/java.io.RandomAccessFile.open(RandomAccessFile.java:338)
	at java.base/java.io.RandomAccessFile.<init>(RandomAccessFile.java:257)
	at java.base/java.io.RandomAccessFile.<init>(RandomAccessFile.java:211)
	at com.maxmind.db.BufferHolder.<init>(BufferHolder.java:19)
	at com.maxmind.db.Reader.<init>(Reader.java:119)
	at com.maxmind.geoip2.DatabaseReader.<init>(DatabaseReader.java:106)
	at com.maxmind.geoip2.DatabaseReader$Builder.build(DatabaseReader.java:238)
	at AuthMe-6.0.0-Spigot-1.21.jar//fr.xephi.authme.service.GeoIpService.startReading(GeoIpService.java:183)
	at AuthMe-6.0.0-Spigot-1.21.jar//fr.xephi.authme.service.GeoIpService.updateDatabase(GeoIpService.java:150)
	at org.bukkit.craftbukkit.scheduler.CraftTask.run(CraftTask.java:78)
	at org.bukkit.craftbukkit.scheduler.CraftAsyncTask.run(CraftAsyncTask.java:57)
	at com.destroystokyo.paper.ServerSchedulerReportingWrapper.run(ServerSchedulerReportingWrapper.java:22)
	at java.base/java.util.concurrent.ThreadPoolExecutor.runWorker(ThreadPoolExecutor.java:1090)
	at java.base/java.util.concurrent.ThreadPoolExecutor$Worker.run(ThreadPoolExecutor.java:614)
	at java.base/java.lang.Thread.run(Thread.java:1474)

[07-24 12:57:36]: [FINE] hanansaleh used the wrong password
[07-24 12:57:54]: [FINE] The user hanansaleh has 2 accounts:
[07-24 12:57:54]: [FINE] §7§ahanansaleh§7, manansaleh2007.
[07-24 12:57:54]: [FINE] hanansaleh logged in 39.37.141.42
[07-24 12:59:21]: [INFO] AuthMe 6.0.0-b2734 disabled!
[07-24 12:59:52]: [INFO] SQLite Setup finished
[07-24 12:59:52]: [INFO] Hooked into LuckPerms!
[07-24 12:59:52]: [INFO] Hooked successfully into Essentials
[07-24 12:59:52]: [INFO] Essentials spawn file not found: '/server/plugins/Essentials/spawn.yml'
[07-24 12:59:53]: [WARN] WARNING! The protectInventory feature requires PacketEvents! Disabling it...
[07-24 12:59:53]: [INFO] AuthMe 6.0.0 build n.2734 successfully enabled!
[07-24 13:00:01]: [INFO] Downloading GEO IP database, because the old database is older than 30 days or doesn't exist
[07-24 13:00:01]: [WARN] No MaxMind credentials found in the configuration file! GeoIp protections will be disabled.
[07-24 13:00:01]: [INFO] There is no newer GEO IP database uploaded to MaxMind. Using the old one for now.
[07-24 13:00:01]: [WARN] Could not download GeoLiteAPI database [FileNotFoundException]: plugins/AuthMe/GeoLite2-Country.mmdb (No such file or directory)
[07-24 13:00:01]: java.io.FileNotFoundException: plugins/AuthMe/GeoLite2-Country.mmdb (No such file or directory)
	at java.base/java.io.RandomAccessFile.open0(Native Method)
	at java.base/java.io.RandomAccessFile.open(RandomAccessFile.java:338)
	at java.base/java.io.RandomAccessFile.<init>(RandomAccessFile.java:257)
	at java.base/java.io.RandomAccessFile.<init>(RandomAccessFile.java:211)
	at com.maxmind.db.BufferHolder.<init>(BufferHolder.java:19)
	at com.maxmind.db.Reader.<init>(Reader.java:119)
	at com.maxmind.geoip2.DatabaseReader.<init>(DatabaseReader.java:106)
	at com.maxmind.geoip2.DatabaseReader$Builder.build(DatabaseReader.java:238)
	at AuthMe-6.0.0-Spigot-1.21.jar//fr.xephi.authme.service.GeoIpService.startReading(GeoIpService.java:183)
	at AuthMe-6.0.0-Spigot-1.21.jar//fr.xephi.authme.service.GeoIpService.updateDatabase(GeoIpService.java:150)
	at org.bukkit.craftbukkit.scheduler.CraftTask.run(CraftTask.java:78)
	at org.bukkit.craftbukkit.scheduler.CraftAsyncTask.run(CraftAsyncTask.java:57)
	at com.destroystokyo.paper.ServerSchedulerReportingWrapper.run(ServerSchedulerReportingWrapper.java:22)
	at java.base/java.util.concurrent.ThreadPoolExecutor.runWorker(ThreadPoolExecutor.java:1090)
	at java.base/java.util.concurrent.ThreadPoolExecutor$Worker.run(ThreadPoolExecutor.java:614)
	at java.base/java.lang.Thread.run(Thread.java:1474)

[07-24 13:00:30]: [FINE] The user hanansaleh has 2 accounts:
[07-24 13:00:30]: [FINE] §7§ahanansaleh§7, manansaleh2007.
[07-24 13:00:30]: [FINE] hanansaleh logged in 39.37.141.42
[07-24 13:07:09]: [INFO] AuthMe 6.0.0-b2734 disabled!
[07-24 13:07:51]: [INFO] SQLite Setup finished
[07-24 13:07:51]: [INFO] Hooked into LuckPerms!
[07-24 13:07:52]: [INFO] Hooked successfully into Essentials
[07-24 13:07:52]: [INFO] Essentials spawn file not found: '/server/plugins/Essentials/spawn.yml'
[07-24 13:07:52]: [WARN] WARNING! The protectInventory feature requires PacketEvents! Disabling it...
[07-24 13:07:52]: [INFO] AuthMe 6.0.0 build n.2734 successfully enabled!
[07-24 13:07:59]: [INFO] Downloading GEO IP database, because the old database is older than 30 days or doesn't exist
[07-24 13:07:59]: [WARN] No MaxMind credentials found in the configuration file! GeoIp protections will be disabled.
[07-24 13:07:59]: [INFO] There is no newer GEO IP database uploaded to MaxMind. Using the old one for now.
[07-24 13:07:59]: [WARN] Could not download GeoLiteAPI database [FileNotFoundException]: plugins/AuthMe/GeoLite2-Country.mmdb (No such file or directory)
[07-24 13:07:59]: java.io.FileNotFoundException: plugins/AuthMe/GeoLite2-Country.mmdb (No such file or directory)
	at java.base/java.io.RandomAccessFile.open0(Native Method)
	at java.base/java.io.RandomAccessFile.open(RandomAccessFile.java:338)
	at java.base/java.io.RandomAccessFile.<init>(RandomAccessFile.java:257)
	at java.base/java.io.RandomAccessFile.<init>(RandomAccessFile.java:211)
	at com.maxmind.db.BufferHolder.<init>(BufferHolder.java:19)
	at com.maxmind.db.Reader.<init>(Reader.java:119)
	at com.maxmind.geoip2.DatabaseReader.<init>(DatabaseReader.java:106)
	at com.maxmind.geoip2.DatabaseReader$Builder.build(DatabaseReader.java:238)
	at AuthMe-6.0.0-Spigot-1.21.jar//fr.xephi.authme.service.GeoIpService.startReading(GeoIpService.java:183)
	at AuthMe-6.0.0-Spigot-1.21.jar//fr.xephi.authme.service.GeoIpService.updateDatabase(GeoIpService.java:150)
	at org.bukkit.craftbukkit.scheduler.CraftTask.run(CraftTask.java:78)
	at org.bukkit.craftbukkit.scheduler.CraftAsyncTask.run(CraftAsyncTask.java:57)
	at com.destroystokyo.paper.ServerSchedulerReportingWrapper.run(ServerSchedulerReportingWrapper.java:22)
	at java.base/java.util.concurrent.ThreadPoolExecutor.runWorker(ThreadPoolExecutor.java:1090)
	at java.base/java.util.concurrent.ThreadPoolExecutor$Worker.run(ThreadPoolExecutor.java:614)
	at java.base/java.lang.Thread.run(Thread.java:1474)

[07-24 13:08:17]: [FINE] The user hanansaleh has 2 accounts:
[07-24 13:08:17]: [FINE] §7§ahanansaleh§7, manansaleh2007.
[07-24 13:08:17]: [FINE] hanansaleh logged in 39.37.141.42
[07-24 13:17:24]: [FINE] hanansaleh used the wrong password
[07-24 13:17:32]: [FINE] The user hanansaleh has 2 accounts:
[07-24 13:17:32]: [FINE] §7§ahanansaleh§7, manansaleh2007.
[07-24 13:17:32]: [FINE] hanansaleh logged in 39.37.141.42
[07-24 13:25:26]: [INFO] Essentials spawn file not found: '/server/plugins/Essentials/spawn.yml'
[07-24 13:25:26]: [INFO] SQLite Setup finished
[07-24 13:25:26]: [INFO] Unhooked from Permissions!
[07-24 13:25:26]: [INFO] Hooked into LuckPerms!
[07-24 13:25:26]: [WARN] WARNING! The protectInventory feature requires PacketEvents! Disabling it...
[07-24 13:26:13]: [FINE] The user hanansaleh has 2 accounts:
[07-24 13:26:13]: [FINE] §7§ahanansaleh§7, manansaleh2007.
[07-24 13:26:13]: [FINE] hanansaleh logged in 39.37.141.42
[07-24 13:26:18]: [FINE] The user hanansaleh has 2 accounts:
[07-24 13:26:18]: [FINE] §7§ahanansaleh§7, manansaleh2007.
[07-24 13:26:18]: [FINE] hanansaleh logged in 39.37.141.42
[07-24 13:26:34]: [FINE] The user hanansaleh has 2 accounts:
[07-24 13:26:34]: [FINE] §7§ahanansaleh§7, manansaleh2007.
[07-24 13:26:34]: [FINE] hanansaleh logged in 39.37.141.42
[07-24 13:27:26]: [FINE] hanansaleh logged in 154.80.115.73
[07-24 13:28:20]: [FINE] The user hanansaleh has 2 accounts:
[07-24 13:28:20]: [FINE] §7§ahanansaleh§7, manansaleh2007.
[07-24 13:28:20]: [FINE] hanansaleh logged in 39.37.141.42
[07-24 13:43:52]: [INFO] AuthMe 6.0.0-b2734 disabled!
[07-24 13:44:29]: [INFO] SQLite Setup finished
[07-24 13:44:29]: [INFO] Hooked into LuckPerms!
[07-24 13:44:29]: [INFO] Hooked successfully into Essentials
[07-24 13:44:29]: [INFO] Essentials spawn file not found: '/server/plugins/Essentials/spawn.yml'
[07-24 13:44:29]: [WARN] WARNING! The protectInventory feature requires PacketEvents! Disabling it...
[07-24 13:44:29]: [INFO] AuthMe 6.0.0 build n.2734 successfully enabled!
[07-24 13:44:37]: [INFO] Downloading GEO IP database, because the old database is older than 30 days or doesn't exist
[07-24 13:44:37]: [WARN] No MaxMind credentials found in the configuration file! GeoIp protections will be disabled.
[07-24 13:44:37]: [INFO] There is no newer GEO IP database uploaded to MaxMind. Using the old one for now.
[07-24 13:44:37]: [WARN] Could not download GeoLiteAPI database [FileNotFoundException]: plugins/AuthMe/GeoLite2-Country.mmdb (No such file or directory)
[07-24 13:44:37]: java.io.FileNotFoundException: plugins/AuthMe/GeoLite2-Country.mmdb (No such file or directory)
	at java.base/java.io.RandomAccessFile.open0(Native Method)
	at java.base/java.io.RandomAccessFile.open(RandomAccessFile.java:338)
	at java.base/java.io.RandomAccessFile.<init>(RandomAccessFile.java:257)
	at java.base/java.io.RandomAccessFile.<init>(RandomAccessFile.java:211)
	at com.maxmind.db.BufferHolder.<init>(BufferHolder.java:19)
	at com.maxmind.db.Reader.<init>(Reader.java:119)
	at com.maxmind.geoip2.DatabaseReader.<init>(DatabaseReader.java:106)
	at com.maxmind.geoip2.DatabaseReader$Builder.build(DatabaseReader.java:238)
	at AuthMe-6.0.0-Spigot-1.21.jar//fr.xephi.authme.service.GeoIpService.startReading(GeoIpService.java:183)
	at AuthMe-6.0.0-Spigot-1.21.jar//fr.xephi.authme.service.GeoIpService.updateDatabase(GeoIpService.java:150)
	at org.bukkit.craftbukkit.scheduler.CraftTask.run(CraftTask.java:78)
	at org.bukkit.craftbukkit.scheduler.CraftAsyncTask.run(CraftAsyncTask.java:57)
	at com.destroystokyo.paper.ServerSchedulerReportingWrapper.run(ServerSchedulerReportingWrapper.java:22)
	at java.base/java.util.concurrent.ThreadPoolExecutor.runWorker(ThreadPoolExecutor.java:1090)
	at java.base/java.util.concurrent.ThreadPoolExecutor$Worker.run(ThreadPoolExecutor.java:614)
	at java.base/java.lang.Thread.run(Thread.java:1474)

[07-24 13:45:25]: [FINE] The user hanansaleh has 2 accounts:
[07-24 13:45:25]: [FINE] §7§ahanansaleh§7, manansaleh2007.
[07-24 13:45:25]: [FINE] hanansaleh logged in 39.37.141.42
[07-24 14:34:25]: [INFO] AuthMe 6.0.0-b2734 disabled!
[07-24 14:47:06]: [INFO] SQLite Setup finished
[07-24 14:47:06]: [INFO] Hooked into LuckPerms!
[07-24 14:47:06]: [INFO] Hooked successfully into Essentials
[07-24 14:47:06]: [INFO] Essentials spawn file not found: '/server/plugins/Essentials/spawn.yml'
[07-24 14:47:07]: [WARN] WARNING! The protectInventory feature requires PacketEvents! Disabling it...
[07-24 14:47:07]: [INFO] AuthMe 6.0.0 build n.2734 successfully enabled!
[07-24 14:47:15]: [INFO] Downloading GEO IP database, because the old database is older than 30 days or doesn't exist
[07-24 14:47:15]: [WARN] No MaxMind credentials found in the configuration file! GeoIp protections will be disabled.
[07-24 14:47:15]: [INFO] There is no newer GEO IP database uploaded to MaxMind. Using the old one for now.
[07-24 14:47:15]: [WARN] Could not download GeoLiteAPI database [FileNotFoundException]: plugins/AuthMe/GeoLite2-Country.mmdb (No such file or directory)
[07-24 14:47:15]: java.io.FileNotFoundException: plugins/AuthMe/GeoLite2-Country.mmdb (No such file or directory)
	at java.base/java.io.RandomAccessFile.open0(Native Method)
	at java.base/java.io.RandomAccessFile.open(RandomAccessFile.java:338)
	at java.base/java.io.RandomAccessFile.<init>(RandomAccessFile.java:257)
	at java.base/java.io.RandomAccessFile.<init>(RandomAccessFile.java:211)
	at com.maxmind.db.BufferHolder.<init>(BufferHolder.java:19)
	at com.maxmind.db.Reader.<init>(Reader.java:119)
	at com.maxmind.geoip2.DatabaseReader.<init>(DatabaseReader.java:106)
	at com.maxmind.geoip2.DatabaseReader$Builder.build(DatabaseReader.java:238)
	at AuthMe-6.0.0-Spigot-1.21.jar//fr.xephi.authme.service.GeoIpService.startReading(GeoIpService.java:183)
	at AuthMe-6.0.0-Spigot-1.21.jar//fr.xephi.authme.service.GeoIpService.updateDatabase(GeoIpService.java:150)
	at org.bukkit.craftbukkit.scheduler.CraftTask.run(CraftTask.java:78)
	at org.bukkit.craftbukkit.scheduler.CraftAsyncTask.run(CraftAsyncTask.java:57)
	at com.destroystokyo.paper.ServerSchedulerReportingWrapper.run(ServerSchedulerReportingWrapper.java:22)
	at java.base/java.util.concurrent.ThreadPoolExecutor.runWorker(ThreadPoolExecutor.java:1090)
	at java.base/java.util.concurrent.ThreadPoolExecutor$Worker.run(ThreadPoolExecutor.java:614)
	at java.base/java.lang.Thread.run(Thread.java:1474)

[07-24 14:47:23]: [FINE] The user hanansaleh has 2 accounts:
[07-24 14:47:23]: [FINE] §7§ahanansaleh§7, manansaleh2007.
[07-24 14:47:23]: [FINE] hanansaleh logged in 39.37.141.42
[07-24 15:06:15]: [INFO] AuthMe 6.0.0-b2734 disabled!
[07-24 15:25:33]: [INFO] SQLite Setup finished
[07-24 15:25:33]: [INFO] Hooked into LuckPerms!
[07-24 15:25:33]: [INFO] Hooked successfully into Essentials
[07-24 15:25:33]: [INFO] Essentials spawn file not found: '/server/plugins/Essentials/spawn.yml'
[07-24 15:25:33]: [WARN] WARNING! The protectInventory feature requires PacketEvents! Disabling it...
[07-24 15:25:33]: [INFO] AuthMe 6.0.0 build n.2734 successfully enabled!
[07-24 15:25:42]: [INFO] Downloading GEO IP database, because the old database is older than 30 days or doesn't exist
[07-24 15:25:42]: [WARN] No MaxMind credentials found in the configuration file! GeoIp protections will be disabled.
[07-24 15:25:42]: [INFO] There is no newer GEO IP database uploaded to MaxMind. Using the old one for now.
[07-24 15:25:42]: [WARN] Could not download GeoLiteAPI database [FileNotFoundException]: plugins/AuthMe/GeoLite2-Country.mmdb (No such file or directory)
[07-24 15:25:42]: java.io.FileNotFoundException: plugins/AuthMe/GeoLite2-Country.mmdb (No such file or directory)
	at java.base/java.io.RandomAccessFile.open0(Native Method)
	at java.base/java.io.RandomAccessFile.open(RandomAccessFile.java:338)
	at java.base/java.io.RandomAccessFile.<init>(RandomAccessFile.java:257)
	at java.base/java.io.RandomAccessFile.<init>(RandomAccessFile.java:211)
	at com.maxmind.db.BufferHolder.<init>(BufferHolder.java:19)
	at com.maxmind.db.Reader.<init>(Reader.java:119)
	at com.maxmind.geoip2.DatabaseReader.<init>(DatabaseReader.java:106)
	at com.maxmind.geoip2.DatabaseReader$Builder.build(DatabaseReader.java:238)
	at AuthMe-6.0.0-Spigot-1.21.jar//fr.xephi.authme.service.GeoIpService.startReading(GeoIpService.java:183)
	at AuthMe-6.0.0-Spigot-1.21.jar//fr.xephi.authme.service.GeoIpService.updateDatabase(GeoIpService.java:150)
	at org.bukkit.craftbukkit.scheduler.CraftTask.run(CraftTask.java:78)
	at org.bukkit.craftbukkit.scheduler.CraftAsyncTask.run(CraftAsyncTask.java:57)
	at com.destroystokyo.paper.ServerSchedulerReportingWrapper.run(ServerSchedulerReportingWrapper.java:22)
	at java.base/java.util.concurrent.ThreadPoolExecutor.runWorker(ThreadPoolExecutor.java:1090)
	at java.base/java.util.concurrent.ThreadPoolExecutor$Worker.run(ThreadPoolExecutor.java:614)
	at java.base/java.lang.Thread.run(Thread.java:1474)

[07-24 15:27:48]: [FINE] .MUSTAFAhacker67 logged in 119.156.107.120
[07-24 15:56:34]: [INFO] AuthMe 6.0.0-b2734 disabled!
[07-24 17:02:53]: [INFO] SQLite Setup finished
[07-24 17:02:53]: [INFO] Hooked into LuckPerms!
[07-24 17:02:54]: [INFO] Hooked successfully into Essentials
[07-24 17:02:54]: [INFO] Essentials spawn file not found: '/server/plugins/Essentials/spawn.yml'
[07-24 17:02:54]: [WARN] WARNING! The protectInventory feature requires PacketEvents! Disabling it...
[07-24 17:02:54]: [INFO] AuthMe 6.0.0 build n.2734 successfully enabled!
[07-24 17:03:01]: [INFO] Downloading GEO IP database, because the old database is older than 30 days or doesn't exist
[07-24 17:03:01]: [WARN] No MaxMind credentials found in the configuration file! GeoIp protections will be disabled.
[07-24 17:03:01]: [INFO] There is no newer GEO IP database uploaded to MaxMind. Using the old one for now.
[07-24 17:03:01]: [WARN] Could not download GeoLiteAPI database [FileNotFoundException]: plugins/AuthMe/GeoLite2-Country.mmdb (No such file or directory)
[07-24 17:03:01]: java.io.FileNotFoundException: plugins/AuthMe/GeoLite2-Country.mmdb (No such file or directory)
	at java.base/java.io.RandomAccessFile.open0(Native Method)
	at java.base/java.io.RandomAccessFile.open(RandomAccessFile.java:338)
	at java.base/java.io.RandomAccessFile.<init>(RandomAccessFile.java:257)
	at java.base/java.io.RandomAccessFile.<init>(RandomAccessFile.java:211)
	at com.maxmind.db.BufferHolder.<init>(BufferHolder.java:19)
	at com.maxmind.db.Reader.<init>(Reader.java:119)
	at com.maxmind.geoip2.DatabaseReader.<init>(DatabaseReader.java:106)
	at com.maxmind.geoip2.DatabaseReader$Builder.build(DatabaseReader.java:238)
	at AuthMe-6.0.0-Spigot-1.21.jar//fr.xephi.authme.service.GeoIpService.startReading(GeoIpService.java:183)
	at AuthMe-6.0.0-Spigot-1.21.jar//fr.xephi.authme.service.GeoIpService.updateDatabase(GeoIpService.java:150)
	at org.bukkit.craftbukkit.scheduler.CraftTask.run(CraftTask.java:78)
	at org.bukkit.craftbukkit.scheduler.CraftAsyncTask.run(CraftAsyncTask.java:57)
	at com.destroystokyo.paper.ServerSchedulerReportingWrapper.run(ServerSchedulerReportingWrapper.java:22)
	at java.base/java.util.concurrent.ThreadPoolExecutor.runWorker(ThreadPoolExecutor.java:1090)
	at java.base/java.util.concurrent.ThreadPoolExecutor$Worker.run(ThreadPoolExecutor.java:614)
	at java.base/java.lang.Thread.run(Thread.java:1474)

[07-24 17:08:05]: [INFO] AuthMe 6.0.0-b2734 disabled!
[07-24 17:20:50]: [INFO] SQLite Setup finished
[07-24 17:20:50]: [INFO] Hooked into LuckPerms!
[07-24 17:20:50]: [INFO] Hooked successfully into Essentials
[07-24 17:20:50]: [INFO] Essentials spawn file not found: '/server/plugins/Essentials/spawn.yml'
[07-24 17:20:50]: [WARN] WARNING! The protectInventory feature requires PacketEvents! Disabling it...
[07-24 17:20:50]: [INFO] AuthMe 6.0.0 build n.2734 successfully enabled!
[07-24 17:20:57]: [INFO] Downloading GEO IP database, because the old database is older than 30 days or doesn't exist
[07-24 17:20:57]: [WARN] No MaxMind credentials found in the configuration file! GeoIp protections will be disabled.
[07-24 17:20:57]: [INFO] There is no newer GEO IP database uploaded to MaxMind. Using the old one for now.
[07-24 17:20:57]: [WARN] Could not download GeoLiteAPI database [FileNotFoundException]: plugins/AuthMe/GeoLite2-Country.mmdb (No such file or directory)
[07-24 17:20:57]: java.io.FileNotFoundException: plugins/AuthMe/GeoLite2-Country.mmdb (No such file or directory)
	at java.base/java.io.RandomAccessFile.open0(Native Method)
	at java.base/java.io.RandomAccessFile.open(RandomAccessFile.java:338)
	at java.base/java.io.RandomAccessFile.<init>(RandomAccessFile.java:257)
	at java.base/java.io.RandomAccessFile.<init>(RandomAccessFile.java:211)
	at com.maxmind.db.BufferHolder.<init>(BufferHolder.java:19)
	at com.maxmind.db.Reader.<init>(Reader.java:119)
	at com.maxmind.geoip2.DatabaseReader.<init>(DatabaseReader.java:106)
	at com.maxmind.geoip2.DatabaseReader$Builder.build(DatabaseReader.java:238)
	at AuthMe-6.0.0-Spigot-1.21.jar//fr.xephi.authme.service.GeoIpService.startReading(GeoIpService.java:183)
	at AuthMe-6.0.0-Spigot-1.21.jar//fr.xephi.authme.service.GeoIpService.updateDatabase(GeoIpService.java:150)
	at org.bukkit.craftbukkit.scheduler.CraftTask.run(CraftTask.java:78)
	at org.bukkit.craftbukkit.scheduler.CraftAsyncTask.run(CraftAsyncTask.java:57)
	at com.destroystokyo.paper.ServerSchedulerReportingWrapper.run(ServerSchedulerReportingWrapper.java:22)
	at java.base/java.util.concurrent.ThreadPoolExecutor.runWorker(ThreadPoolExecutor.java:1090)
	at java.base/java.util.concurrent.ThreadPoolExecutor$Worker.run(ThreadPoolExecutor.java:614)
	at java.base/java.lang.Thread.run(Thread.java:1474)

[07-24 17:22:19]: [FINE] .WiryCircle3938 registered 119.156.107.120
[07-24 17:22:19]: [FINE] The user .WiryCircle3938 has 2 accounts:
[07-24 17:22:19]: [FINE] §7.mustafahacker67, §a.WiryCircle3938§7.
[07-24 17:22:19]: [FINE] .WiryCircle3938 logged in 119.156.107.120
[07-24 17:46:25]: [FINE] The user NightmareDady has 2 accounts:
[07-24 17:46:25]: [FINE] §7azansalehhh, §aNightmareDady§7.
[07-24 17:46:25]: [FINE] NightmareDady logged in 119.73.121.86
[07-24 17:47:19]: [FINE] The user NightmareDady has 2 accounts:
[07-24 17:47:19]: [FINE] §7azansalehhh, §aNightmareDady§7.
[07-24 17:47:19]: [FINE] NightmareDady logged in 119.73.121.86
[07-24 17:52:18]: [FINE] The user azansalehhh has 2 accounts:
[07-24 17:52:18]: [FINE] §7§aazansalehhh§7, §aNightmareDady§7.
[07-24 17:52:18]: [FINE] azansalehhh logged in 119.73.121.86
[07-24 18:04:44]: [FINE] The user .MUSTAFAhacker67 has 2 accounts:
[07-24 18:04:44]: [FINE] §7§a.MUSTAFAhacker67§7, .wirycircle3938.
[07-24 18:04:44]: [FINE] .MUSTAFAhacker67 logged in 119.156.107.120
[07-24 18:18:42]: [INFO] AuthMe 6.0.0-b2734 disabled!
[07-24 18:20:02]: [INFO] SQLite Setup finished
[07-24 18:20:02]: [INFO] Hooked into LuckPerms!
[07-24 18:20:02]: [INFO] Hooked successfully into Essentials
[07-24 18:20:02]: [INFO] Essentials spawn file not found: '/server/plugins/Essentials/spawn.yml'
[07-24 18:20:02]: [WARN] WARNING! The protectInventory feature requires PacketEvents! Disabling it...
[07-24 18:20:02]: [INFO] AuthMe 6.0.0 build n.2734 successfully enabled!
[07-24 18:20:10]: [INFO] Downloading GEO IP database, because the old database is older than 30 days or doesn't exist
[07-24 18:20:10]: [WARN] No MaxMind credentials found in the configuration file! GeoIp protections will be disabled.
[07-24 18:20:10]: [INFO] There is no newer GEO IP database uploaded to MaxMind. Using the old one for now.
[07-24 18:20:10]: [WARN] Could not download GeoLiteAPI database [FileNotFoundException]: plugins/AuthMe/GeoLite2-Country.mmdb (No such file or directory)
[07-24 18:20:10]: java.io.FileNotFoundException: plugins/AuthMe/GeoLite2-Country.mmdb (No such file or directory)
	at java.base/java.io.RandomAccessFile.open0(Native Method)
	at java.base/java.io.RandomAccessFile.open(RandomAccessFile.java:338)
	at java.base/java.io.RandomAccessFile.<init>(RandomAccessFile.java:257)
	at java.base/java.io.RandomAccessFile.<init>(RandomAccessFile.java:211)
	at com.maxmind.db.BufferHolder.<init>(BufferHolder.java:19)
	at com.maxmind.db.Reader.<init>(Reader.java:119)
	at com.maxmind.geoip2.DatabaseReader.<init>(DatabaseReader.java:106)
	at com.maxmind.geoip2.DatabaseReader$Builder.build(DatabaseReader.java:238)
	at AuthMe-6.0.0-Spigot-1.21.jar//fr.xephi.authme.service.GeoIpService.startReading(GeoIpService.java:183)
	at AuthMe-6.0.0-Spigot-1.21.jar//fr.xephi.authme.service.GeoIpService.updateDatabase(GeoIpService.java:150)
	at org.bukkit.craftbukkit.scheduler.CraftTask.run(CraftTask.java:78)
	at org.bukkit.craftbukkit.scheduler.CraftAsyncTask.run(CraftAsyncTask.java:57)
	at com.destroystokyo.paper.ServerSchedulerReportingWrapper.run(ServerSchedulerReportingWrapper.java:22)
	at java.base/java.util.concurrent.ThreadPoolExecutor.runWorker(ThreadPoolExecutor.java:1090)
	at java.base/java.util.concurrent.ThreadPoolExecutor$Worker.run(ThreadPoolExecutor.java:614)
	at java.base/java.lang.Thread.run(Thread.java:1474)

[07-24 18:20:21]: [FINE] The user .MUSTAFAhacker67 has 2 accounts:
[07-24 18:20:21]: [FINE] §7§a.MUSTAFAhacker67§7, .wirycircle3938.
[07-24 18:20:21]: [FINE] .MUSTAFAhacker67 logged in 119.156.107.120
[07-24 18:20:36]: [FINE] The user azansalehhh has 2 accounts:
[07-24 18:20:36]: [FINE] §7§aazansalehhh§7, nightmaredady.
[07-24 18:20:36]: [FINE] azansalehhh logged in 119.73.121.86
[07-24 18:20:41]: [FINE] The user NightmareDady has 2 accounts:
[07-24 18:20:41]: [FINE] §7§aazansalehhh§7, §aNightmareDady§7.
[07-24 18:20:41]: [FINE] NightmareDady logged in 119.73.121.86
[07-24 18:22:19]: [FINE] The user .WiryCircle3938 has 2 accounts:
[07-24 18:22:19]: [FINE] §7§a.MUSTAFAhacker67§7, §a.WiryCircle3938§7.
[07-24 18:22:19]: [FINE] .WiryCircle3938 logged in 119.156.107.120
[07-24 18:38:48]: [FINE] The user hanansaleh has 2 accounts:
[07-24 18:38:48]: [FINE] §7§ahanansaleh§7, manansaleh2007.
[07-24 18:38:48]: [FINE] hanansaleh logged in 39.37.141.42
[07-24 18:56:50]: [INFO] hanansaleh changed his password
[07-24 19:50:52]: [FINE] The user manansaleh2007 has 2 accounts:
[07-24 19:50:52]: [FINE] §7§ahanansaleh§7, §amanansaleh2007§7.
[07-24 19:50:52]: [FINE] manansaleh2007 logged in 39.37.141.42
[07-24 19:53:15]: [FINE] The user NightmareDady has 2 accounts:
[07-24 19:53:15]: [FINE] §7§aazansalehhh§7, §aNightmareDady§7.
[07-24 19:53:15]: [FINE] NightmareDady logged in 119.73.121.86
[07-24 19:54:01]: [FINE] The user NightmareDady has 2 accounts:
[07-24 19:54:01]: [FINE] §7§aazansalehhh§7, §aNightmareDady§7.
[07-24 19:54:01]: [FINE] NightmareDady logged in 119.73.121.86
[07-24 19:57:56]: [FINE] The user NightmareDady has 2 accounts:
[07-24 19:57:56]: [FINE] §7§aazansalehhh§7, §aNightmareDady§7.
[07-24 19:57:56]: [FINE] NightmareDady logged in 119.73.121.86
[07-24 20:01:43]: [FINE] The user NightmareDady has 2 accounts:
[07-24 20:01:43]: [FINE] §7§aazansalehhh§7, §aNightmareDady§7.
[07-24 20:01:43]: [FINE] NightmareDady logged in 119.73.121.86
[07-24 20:14:51]: [FINE] The user NightmareDady has 2 accounts:
[07-24 20:14:51]: [FINE] §7§aazansalehhh§7, §aNightmareDady§7.
[07-24 20:14:51]: [FINE] NightmareDady logged in 119.73.121.86
[07-24 20:21:42]: [FINE] The user NightmareDady has 2 accounts:
[07-24 20:21:42]: [FINE] §7§aazansalehhh§7, §aNightmareDady§7.
[07-24 20:21:42]: [FINE] NightmareDady logged in 119.73.121.86
[07-24 20:40:19]: [FINE] The user hanansaleh has 2 accounts:
[07-24 20:40:19]: [FINE] §7§ahanansaleh§7, manansaleh2007.
[07-24 20:40:19]: [FINE] hanansaleh logged in 39.37.141.42
[07-24 20:41:50]: [FINE] The user azansalehhh has 2 accounts:
[07-24 20:41:50]: [FINE] §7§aazansalehhh§7, §aNightmareDady§7.
[07-24 20:41:50]: [FINE] azansalehhh logged in 119.73.121.86
[07-24 20:55:38]: [FINE] The user hanansaleh has 2 accounts:
[07-24 20:55:38]: [FINE] §7§ahanansaleh§7, manansaleh2007.
[07-24 20:55:38]: [FINE] hanansaleh logged in 39.37.141.42
[07-24 21:04:02]: [INFO] AuthMe 6.0.0-b2734 disabled!
[07-24 21:10:30]: [INFO] SQLite Setup finished
[07-24 21:10:30]: [INFO] Hooked into LuckPerms!
[07-24 21:10:30]: [INFO] Hooked successfully into Essentials
[07-24 21:10:31]: [INFO] Essentials spawn file not found: '/server/plugins/Essentials/spawn.yml'
[07-24 21:10:31]: [WARN] WARNING! The protectInventory feature requires PacketEvents! Disabling it...
[07-24 21:10:31]: [INFO] AuthMe 6.0.0 build n.2734 successfully enabled!
[07-24 21:10:38]: [INFO] Downloading GEO IP database, because the old database is older than 30 days or doesn't exist
[07-24 21:10:38]: [WARN] No MaxMind credentials found in the configuration file! GeoIp protections will be disabled.
[07-24 21:10:38]: [INFO] There is no newer GEO IP database uploaded to MaxMind. Using the old one for now.
[07-24 21:10:38]: [WARN] Could not download GeoLiteAPI database [FileNotFoundException]: plugins/AuthMe/GeoLite2-Country.mmdb (No such file or directory)
[07-24 21:10:38]: java.io.FileNotFoundException: plugins/AuthMe/GeoLite2-Country.mmdb (No such file or directory)
	at java.base/java.io.RandomAccessFile.open0(Native Method)
	at java.base/java.io.RandomAccessFile.open(RandomAccessFile.java:338)
	at java.base/java.io.RandomAccessFile.<init>(RandomAccessFile.java:257)
	at java.base/java.io.RandomAccessFile.<init>(RandomAccessFile.java:211)
	at com.maxmind.db.BufferHolder.<init>(BufferHolder.java:19)
	at com.maxmind.db.Reader.<init>(Reader.java:119)
	at com.maxmind.geoip2.DatabaseReader.<init>(DatabaseReader.java:106)
	at com.maxmind.geoip2.DatabaseReader$Builder.build(DatabaseReader.java:238)
	at AuthMe-6.0.0-Spigot-1.21.jar//fr.xephi.authme.service.GeoIpService.startReading(GeoIpService.java:183)
	at AuthMe-6.0.0-Spigot-1.21.jar//fr.xephi.authme.service.GeoIpService.updateDatabase(GeoIpService.java:150)
	at org.bukkit.craftbukkit.scheduler.CraftTask.run(CraftTask.java:78)
	at org.bukkit.craftbukkit.scheduler.CraftAsyncTask.run(CraftAsyncTask.java:57)
	at com.destroystokyo.paper.ServerSchedulerReportingWrapper.run(ServerSchedulerReportingWrapper.java:22)
	at java.base/java.util.concurrent.ThreadPoolExecutor.runWorker(ThreadPoolExecutor.java:1090)
	at java.base/java.util.concurrent.ThreadPoolExecutor$Worker.run(ThreadPoolExecutor.java:614)
	at java.base/java.lang.Thread.run(Thread.java:1474)

[07-24 21:11:07]: [FINE] The user NightmareDady has 2 accounts:
[07-24 21:11:07]: [FINE] §7azansalehhh, §aNightmareDady§7.
[07-24 21:11:07]: [FINE] NightmareDady logged in 119.73.121.86
[07-24 21:11:40]: [FINE] The user NightmareDady has 2 accounts:
[07-24 21:11:40]: [FINE] §7azansalehhh, §aNightmareDady§7.
[07-24 21:11:40]: [FINE] NightmareDady logged in 119.73.121.86
[07-24 21:17:17]: [FINE] The user azansalehhh has 2 accounts:
[07-24 21:17:17]: [FINE] §7§aazansalehhh§7, §aNightmareDady§7.
[07-24 21:17:17]: [FINE] azansalehhh logged in 119.73.121.86
[07-24 22:55:10]: [FINE] The user NightmareDady has 2 accounts:
[07-24 22:55:10]: [FINE] §7azansalehhh, §aNightmareDady§7.
[07-24 22:55:10]: [FINE] NightmareDady logged in 119.73.121.86
[07-24 23:20:23]: [INFO] SQLite Setup finished
[07-24 23:20:23]: [INFO] Hooked into LuckPerms!
[07-24 23:20:24]: [INFO] Hooked successfully into Essentials
[07-24 23:20:24]: [INFO] Essentials spawn file not found: '/server/plugins/Essentials/spawn.yml'
[07-24 23:20:24]: [WARN] WARNING! The protectInventory feature requires PacketEvents! Disabling it...
[07-24 23:20:24]: [INFO] AuthMe 6.0.0 build n.2734 successfully enabled!
[07-24 23:20:31]: [INFO] Downloading GEO IP database, because the old database is older than 30 days or doesn't exist
[07-24 23:20:31]: [WARN] No MaxMind credentials found in the configuration file! GeoIp protections will be disabled.
[07-24 23:20:31]: [INFO] There is no newer GEO IP database uploaded to MaxMind. Using the old one for now.
[07-24 23:20:31]: [WARN] Could not download GeoLiteAPI database [FileNotFoundException]: plugins/AuthMe/GeoLite2-Country.mmdb (No such file or directory)
[07-24 23:20:31]: java.io.FileNotFoundException: plugins/AuthMe/GeoLite2-Country.mmdb (No such file or directory)
	at java.base/java.io.RandomAccessFile.open0(Native Method)
	at java.base/java.io.RandomAccessFile.open(RandomAccessFile.java:338)
	at java.base/java.io.RandomAccessFile.<init>(RandomAccessFile.java:257)
	at java.base/java.io.RandomAccessFile.<init>(RandomAccessFile.java:211)
	at com.maxmind.db.BufferHolder.<init>(BufferHolder.java:19)
	at com.maxmind.db.Reader.<init>(Reader.java:119)
	at com.maxmind.geoip2.DatabaseReader.<init>(DatabaseReader.java:106)
	at com.maxmind.geoip2.DatabaseReader$Builder.build(DatabaseReader.java:238)
	at AuthMe-6.0.0-Spigot-1.21.jar//fr.xephi.authme.service.GeoIpService.startReading(GeoIpService.java:183)
	at AuthMe-6.0.0-Spigot-1.21.jar//fr.xephi.authme.service.GeoIpService.updateDatabase(GeoIpService.java:150)
	at org.bukkit.craftbukkit.scheduler.CraftTask.run(CraftTask.java:78)
	at org.bukkit.craftbukkit.scheduler.CraftAsyncTask.run(CraftAsyncTask.java:57)
	at com.destroystokyo.paper.ServerSchedulerReportingWrapper.run(ServerSchedulerReportingWrapper.java:22)
	at java.base/java.util.concurrent.ThreadPoolExecutor.runWorker(ThreadPoolExecutor.java:1090)
	at java.base/java.util.concurrent.ThreadPoolExecutor$Worker.run(ThreadPoolExecutor.java:614)
	at java.base/java.lang.Thread.run(Thread.java:1474)

[07-24 23:20:42]: [FINE] The user NightmareDady has 2 accounts:
[07-24 23:20:42]: [FINE] §7azansalehhh, §aNightmareDady§7.
[07-24 23:20:42]: [FINE] NightmareDady logged in 119.73.121.86
[07-24 23:21:01]: [FINE] The user azansalehhh has 2 accounts:
[07-24 23:21:01]: [FINE] §7§aazansalehhh§7, §aNightmareDady§7.
[07-24 23:21:01]: [FINE] azansalehhh logged in 119.73.121.86
[07-24 23:28:36]: [FINE] The user NightmareDady has 2 accounts:
[07-24 23:28:36]: [FINE] §7§aazansalehhh§7, §aNightmareDady§7.
[07-24 23:28:36]: [FINE] NightmareDady logged in 119.73.121.86
[07-24 23:31:21]: [FINE] The user manansaleh2007 has 2 accounts:
[07-24 23:31:21]: [FINE] §7hanansaleh, §amanansaleh2007§7.
[07-24 23:31:21]: [FINE] manansaleh2007 logged in 39.37.141.42
[07-24 23:35:52]: [FINE] The user NightmareDady has 2 accounts:
[07-24 23:35:52]: [FINE] §7§aazansalehhh§7, §aNightmareDady§7.
[07-24 23:35:52]: [FINE] NightmareDady logged in 119.73.121.86
[07-24 23:48:30]: [INFO] AuthMe 6.0.0-b2734 disabled!
[07-24 23:50:28]: [INFO] SQLite Setup finished
[07-24 23:50:28]: [INFO] Hooked into LuckPerms!
[07-24 23:50:28]: [INFO] Hooked successfully into Essentials
[07-24 23:50:28]: [INFO] Essentials spawn file not found: '/server/plugins/Essentials/spawn.yml'
[07-24 23:50:28]: [WARN] WARNING! The protectInventory feature requires PacketEvents! Disabling it...
[07-24 23:50:28]: [INFO] AuthMe 6.0.0 build n.2734 successfully enabled!
[07-24 23:50:35]: [INFO] Downloading GEO IP database, because the old database is older than 30 days or doesn't exist
[07-24 23:50:35]: [WARN] No MaxMind credentials found in the configuration file! GeoIp protections will be disabled.
[07-24 23:50:35]: [INFO] There is no newer GEO IP database uploaded to MaxMind. Using the old one for now.
[07-24 23:50:35]: [WARN] Could not download GeoLiteAPI database [FileNotFoundException]: plugins/AuthMe/GeoLite2-Country.mmdb (No such file or directory)
[07-24 23:50:35]: java.io.FileNotFoundException: plugins/AuthMe/GeoLite2-Country.mmdb (No such file or directory)
	at java.base/java.io.RandomAccessFile.open0(Native Method)
	at java.base/java.io.RandomAccessFile.open(RandomAccessFile.java:338)
	at java.base/java.io.RandomAccessFile.<init>(RandomAccessFile.java:257)
	at java.base/java.io.RandomAccessFile.<init>(RandomAccessFile.java:211)
	at com.maxmind.db.BufferHolder.<init>(BufferHolder.java:19)
	at com.maxmind.db.Reader.<init>(Reader.java:119)
	at com.maxmind.geoip2.DatabaseReader.<init>(DatabaseReader.java:106)
	at com.maxmind.geoip2.DatabaseReader$Builder.build(DatabaseReader.java:238)
	at AuthMe-6.0.0-Spigot-1.21.jar//fr.xephi.authme.service.GeoIpService.startReading(GeoIpService.java:183)
	at AuthMe-6.0.0-Spigot-1.21.jar//fr.xephi.authme.service.GeoIpService.updateDatabase(GeoIpService.java:150)
	at org.bukkit.craftbukkit.scheduler.CraftTask.run(CraftTask.java:78)
	at org.bukkit.craftbukkit.scheduler.CraftAsyncTask.run(CraftAsyncTask.java:57)
	at com.destroystokyo.paper.ServerSchedulerReportingWrapper.run(ServerSchedulerReportingWrapper.java:22)
	at java.base/java.util.concurrent.ThreadPoolExecutor.runWorker(ThreadPoolExecutor.java:1090)
	at java.base/java.util.concurrent.ThreadPoolExecutor$Worker.run(ThreadPoolExecutor.java:614)
	at java.base/java.lang.Thread.run(Thread.java:1474)

[07-24 23:51:44]: [FINE] The user .MUSTAFAhacker67 has 3 accounts:
[07-24 23:51:44]: [FINE] §7hanansaleh, manansaleh2007, §a.MUSTAFAhacker67§7.
[07-24 23:51:44]: [FINE] .MUSTAFAhacker67 logged in 39.37.141.42
[07-24 23:52:18]: [FINE] The user .WiryCircle3938 has 4 accounts:
[07-24 23:52:18]: [FINE] §7hanansaleh, manansaleh2007, §a.MUSTAFAhacker67§7, §a.WiryCircle3938§7.
[07-24 23:52:18]: [FINE] .WiryCircle3938 logged in 39.37.141.42
[07-24 23:52:30]: [FINE] The user azansalehhh has 2 accounts:
[07-24 23:52:30]: [FINE] §7§aazansalehhh§7, nightmaredady.
[07-24 23:52:30]: [FINE] azansalehhh logged in 119.73.121.86
[07-24 23:53:17]: [FINE] The user hanansaleh has 4 accounts:
[07-24 23:53:17]: [FINE] §7§ahanansaleh§7, manansaleh2007, §a.MUSTAFAhacker67§7, §a.WiryCircle3938§7.
[07-24 23:53:17]: [FINE] hanansaleh logged in 39.37.141.42
[07-24 23:54:53]: [FINE] The user NightmareDady has 2 accounts:
[07-24 23:54:53]: [FINE] §7§aazansalehhh§7, §aNightmareDady§7.
[07-24 23:54:53]: [FINE] NightmareDady logged in 119.73.121.86
[07-25 00:06:08]: [FINE] The user .WiryCircle3938 has 4 accounts:
[07-25 00:06:08]: [FINE] §7§ahanansaleh§7, manansaleh2007, §a.MUSTAFAhacker67§7, §a.WiryCircle3938§7.
[07-25 00:06:08]: [FINE] .WiryCircle3938 logged in 39.37.141.42
[07-25 00:07:44]: [FINE] The user .WiryCircle3938 has 4 accounts:
[07-25 00:07:44]: [FINE] §7§ahanansaleh§7, manansaleh2007, §a.MUSTAFAhacker67§7, §a.WiryCircle3938§7.
[07-25 00:07:44]: [FINE] .WiryCircle3938 logged in 39.37.141.42
[07-25 00:16:54]: [FINE] The user .MUSTAFAhacker67 has 4 accounts:
[07-25 00:16:54]: [FINE] §7§ahanansaleh§7, manansaleh2007, §a.MUSTAFAhacker67§7, §a.WiryCircle3938§7.
[07-25 00:16:54]: [FINE] .MUSTAFAhacker67 logged in 39.37.141.42
[07-25 00:35:29]: [FINE] The user NightmareDady has 2 accounts:
[07-25 00:35:29]: [FINE] §7§aazansalehhh§7, §aNightmareDady§7.
[07-25 00:35:29]: [FINE] NightmareDady logged in 119.73.121.86
[07-25 00:36:11]: [FINE] The user NightmareDady has 2 accounts:
[07-25 00:36:11]: [FINE] §7§aazansalehhh§7, §aNightmareDady§7.
[07-25 00:36:11]: [FINE] NightmareDady logged in 119.73.121.86
[07-25 00:41:56]: [FINE] The user .WiryCircle3938 has 4 accounts:
[07-25 00:41:56]: [FINE] §7§ahanansaleh§7, manansaleh2007, §a.MUSTAFAhacker67§7, §a.WiryCircle3938§7.
[07-25 00:41:56]: [FINE] .WiryCircle3938 logged in 39.37.141.42
[07-25 00:50:30]: [FINE] The user .WiryCircle3938 has 4 accounts:
[07-25 00:50:30]: [FINE] §7§ahanansaleh§7, manansaleh2007, §a.MUSTAFAhacker67§7, §a.WiryCircle3938§7.
[07-25 00:50:30]: [FINE] .WiryCircle3938 logged in 39.37.141.42
[07-25 01:19:32]: [FINE] The user .WiryCircle3938 has 4 accounts:
[07-25 01:19:32]: [FINE] §7hanansaleh, manansaleh2007, .mustafahacker67, §a.WiryCircle3938§7.
[07-25 01:19:32]: [FINE] .WiryCircle3938 logged in 39.37.141.42
[07-25 01:21:59]: [FINE] The user .WiryCircle3938 has 4 accounts:
[07-25 01:21:59]: [FINE] §7hanansaleh, manansaleh2007, .mustafahacker67, §a.WiryCircle3938§7.
[07-25 01:21:59]: [FINE] .WiryCircle3938 logged in 39.37.141.42
[07-25 01:34:00]: [INFO] AuthMe 6.0.0-b2734 disabled!
[07-25 04:49:26]: [INFO] SQLite Setup finished
[07-25 04:49:26]: [INFO] Hooked into LuckPerms!
[07-25 04:49:27]: [INFO] Hooked successfully into Essentials
[07-25 04:49:27]: [INFO] Essentials spawn file not found: '/server/plugins/Essentials/spawn.yml'
[07-25 04:49:27]: [WARN] WARNING! The protectInventory feature requires PacketEvents! Disabling it...
[07-25 04:49:27]: [INFO] AuthMe 6.0.0 build n.2734 successfully enabled!
[07-25 04:49:32]: [INFO] Downloading GEO IP database, because the old database is older than 30 days or doesn't exist
[07-25 04:49:32]: [WARN] No MaxMind credentials found in the configuration file! GeoIp protections will be disabled.
[07-25 04:49:32]: [INFO] There is no newer GEO IP database uploaded to MaxMind. Using the old one for now.
[07-25 04:49:32]: [WARN] Could not download GeoLiteAPI database [FileNotFoundException]: plugins/AuthMe/GeoLite2-Country.mmdb (No such file or directory)
[07-25 04:49:32]: java.io.FileNotFoundException: plugins/AuthMe/GeoLite2-Country.mmdb (No such file or directory)
	at java.base/java.io.RandomAccessFile.open0(Native Method)
	at java.base/java.io.RandomAccessFile.open(RandomAccessFile.java:338)
	at java.base/java.io.RandomAccessFile.<init>(RandomAccessFile.java:257)
	at java.base/java.io.RandomAccessFile.<init>(RandomAccessFile.java:211)
	at com.maxmind.db.BufferHolder.<init>(BufferHolder.java:19)
	at com.maxmind.db.Reader.<init>(Reader.java:119)
	at com.maxmind.geoip2.DatabaseReader.<init>(DatabaseReader.java:106)
	at com.maxmind.geoip2.DatabaseReader$Builder.build(DatabaseReader.java:238)
	at AuthMe-6.0.0-Spigot-1.21.jar//fr.xephi.authme.service.GeoIpService.startReading(GeoIpService.java:183)
	at AuthMe-6.0.0-Spigot-1.21.jar//fr.xephi.authme.service.GeoIpService.updateDatabase(GeoIpService.java:150)
	at org.bukkit.craftbukkit.scheduler.CraftTask.run(CraftTask.java:78)
	at org.bukkit.craftbukkit.scheduler.CraftAsyncTask.run(CraftAsyncTask.java:57)
	at com.destroystokyo.paper.ServerSchedulerReportingWrapper.run(ServerSchedulerReportingWrapper.java:22)
	at java.base/java.util.concurrent.ThreadPoolExecutor.runWorker(ThreadPoolExecutor.java:1090)
	at java.base/java.util.concurrent.ThreadPoolExecutor$Worker.run(ThreadPoolExecutor.java:614)
	at java.base/java.lang.Thread.run(Thread.java:1474)

[07-25 04:49:54]: [FINE] The user .WiryCircle3938 has 4 accounts:
[07-25 04:49:54]: [FINE] §7hanansaleh, manansaleh2007, .mustafahacker67, §a.WiryCircle3938§7.
[07-25 04:49:54]: [FINE] .WiryCircle3938 logged in 39.37.141.42
[07-25 05:01:43]: [INFO] AuthMe 6.0.0-b2734 disabled!
[07-25 09:05:20]: [INFO] SQLite Setup finished
[07-25 09:05:20]: [INFO] Hooked into LuckPerms!
[07-25 09:05:20]: [INFO] Hooked successfully into Essentials
[07-25 09:05:20]: [INFO] Essentials spawn file not found: '/server/plugins/Essentials/spawn.yml'
[07-25 09:05:20]: [WARN] WARNING! The protectInventory feature requires PacketEvents! Disabling it...
[07-25 09:05:20]: [INFO] AuthMe 6.0.0 build n.2734 successfully enabled!
[07-25 09:05:27]: [INFO] Downloading GEO IP database, because the old database is older than 30 days or doesn't exist
[07-25 09:05:27]: [WARN] No MaxMind credentials found in the configuration file! GeoIp protections will be disabled.
[07-25 09:05:27]: [INFO] There is no newer GEO IP database uploaded to MaxMind. Using the old one for now.
[07-25 09:05:27]: [WARN] Could not download GeoLiteAPI database [FileNotFoundException]: plugins/AuthMe/GeoLite2-Country.mmdb (No such file or directory)
[07-25 09:05:27]: java.io.FileNotFoundException: plugins/AuthMe/GeoLite2-Country.mmdb (No such file or directory)
	at java.base/java.io.RandomAccessFile.open0(Native Method)
	at java.base/java.io.RandomAccessFile.open(RandomAccessFile.java:338)
	at java.base/java.io.RandomAccessFile.<init>(RandomAccessFile.java:257)
	at java.base/java.io.RandomAccessFile.<init>(RandomAccessFile.java:211)
	at com.maxmind.db.BufferHolder.<init>(BufferHolder.java:19)
	at com.maxmind.db.Reader.<init>(Reader.java:119)
	at com.maxmind.geoip2.DatabaseReader.<init>(DatabaseReader.java:106)
	at com.maxmind.geoip2.DatabaseReader$Builder.build(DatabaseReader.java:238)
	at AuthMe-6.0.0-Spigot-1.21.jar//fr.xephi.authme.service.GeoIpService.startReading(GeoIpService.java:183)
	at AuthMe-6.0.0-Spigot-1.21.jar//fr.xephi.authme.service.GeoIpService.updateDatabase(GeoIpService.java:150)
	at org.bukkit.craftbukkit.scheduler.CraftTask.run(CraftTask.java:78)
	at org.bukkit.craftbukkit.scheduler.CraftAsyncTask.run(CraftAsyncTask.java:57)
	at com.destroystokyo.paper.ServerSchedulerReportingWrapper.run(ServerSchedulerReportingWrapper.java:22)
	at java.base/java.util.concurrent.ThreadPoolExecutor.runWorker(ThreadPoolExecutor.java:1090)
	at java.base/java.util.concurrent.ThreadPoolExecutor$Worker.run(ThreadPoolExecutor.java:614)
	at java.base/java.lang.Thread.run(Thread.java:1474)

[07-25 09:05:35]: [FINE] The user azansalehhh has 2 accounts:
[07-25 09:05:35]: [FINE] §7§aazansalehhh§7, nightmaredady.
[07-25 09:05:35]: [FINE] azansalehhh logged in 119.73.121.86
[07-25 09:11:22]: [FINE] The user NightmareDady has 2 accounts:
[07-25 09:11:22]: [FINE] §7§aazansalehhh§7, §aNightmareDady§7.
[07-25 09:11:22]: [FINE] NightmareDady logged in 119.73.121.86
[07-25 09:39:32]: [FINE] The user .MUSTAFAhacker67 has 4 accounts:
[07-25 09:39:32]: [FINE] §7hanansaleh, manansaleh2007, §a.MUSTAFAhacker67§7, .wirycircle3938.
[07-25 09:39:32]: [FINE] .MUSTAFAhacker67 logged in 39.37.141.42
[07-25 10:40:12]: [FINE] The user azansalehhh has 2 accounts:
[07-25 10:40:12]: [FINE] §7§aazansalehhh§7, §aNightmareDady§7.
[07-25 10:40:12]: [FINE] azansalehhh logged in 119.73.121.86
[07-25 11:35:51]: [FINE] The user NightmareDady has 2 accounts:
[07-25 11:35:51]: [FINE] §7§aazansalehhh§7, §aNightmareDady§7.
[07-25 11:35:51]: [FINE] NightmareDady logged in 119.73.121.86
[07-25 11:56:36]: [FINE] The user NightmareDady has 2 accounts:
[07-25 11:56:36]: [FINE] §7azansalehhh, §aNightmareDady§7.
[07-25 11:56:36]: [FINE] NightmareDady logged in 119.73.121.86
[07-25 12:00:23]: [FINE] The user azansalehhh has 2 accounts:
[07-25 12:00:23]: [FINE] §7§aazansalehhh§7, §aNightmareDady§7.
[07-25 12:00:23]: [FINE] azansalehhh logged in 119.73.121.86
[07-25 12:24:17]: [FINE] The user NightmareDady has 2 accounts:
[07-25 12:24:17]: [FINE] §7§aazansalehhh§7, §aNightmareDady§7.
[07-25 12:24:17]: [FINE] NightmareDady logged in 119.73.121.86
[07-25 12:53:32]: [INFO] AuthMe 6.0.0-b2734 disabled!
[07-25 12:54:37]: [INFO] SQLite Setup finished
[07-25 12:54:37]: [INFO] Hooked into LuckPerms!
[07-25 12:54:37]: [INFO] Hooked successfully into Essentials
[07-25 12:54:37]: [INFO] Essentials spawn file not found: '/server/plugins/Essentials/spawn.yml'
[07-25 12:54:37]: [WARN] WARNING! The protectInventory feature requires PacketEvents! Disabling it...
[07-25 12:54:37]: [INFO] AuthMe 6.0.0 build n.2734 successfully enabled!
[07-25 12:54:45]: [INFO] Downloading GEO IP database, because the old database is older than 30 days or doesn't exist
[07-25 12:54:45]: [WARN] No MaxMind credentials found in the configuration file! GeoIp protections will be disabled.
[07-25 12:54:45]: [INFO] There is no newer GEO IP database uploaded to MaxMind. Using the old one for now.
[07-25 12:54:45]: [WARN] Could not download GeoLiteAPI database [FileNotFoundException]: plugins/AuthMe/GeoLite2-Country.mmdb (No such file or directory)
[07-25 12:54:45]: java.io.FileNotFoundException: plugins/AuthMe/GeoLite2-Country.mmdb (No such file or directory)
	at java.base/java.io.RandomAccessFile.open0(Native Method)
	at java.base/java.io.RandomAccessFile.open(RandomAccessFile.java:338)
	at java.base/java.io.RandomAccessFile.<init>(RandomAccessFile.java:257)
	at java.base/java.io.RandomAccessFile.<init>(RandomAccessFile.java:211)
	at com.maxmind.db.BufferHolder.<init>(BufferHolder.java:19)
	at com.maxmind.db.Reader.<init>(Reader.java:119)
	at com.maxmind.geoip2.DatabaseReader.<init>(DatabaseReader.java:106)
	at com.maxmind.geoip2.DatabaseReader$Builder.build(DatabaseReader.java:238)
	at AuthMe-6.0.0-Spigot-1.21.jar//fr.xephi.authme.service.GeoIpService.startReading(GeoIpService.java:183)
	at AuthMe-6.0.0-Spigot-1.21.jar//fr.xephi.authme.service.GeoIpService.updateDatabase(GeoIpService.java:150)
	at org.bukkit.craftbukkit.scheduler.CraftTask.run(CraftTask.java:78)
	at org.bukkit.craftbukkit.scheduler.CraftAsyncTask.run(CraftAsyncTask.java:57)
	at com.destroystokyo.paper.ServerSchedulerReportingWrapper.run(ServerSchedulerReportingWrapper.java:22)
	at java.base/java.util.concurrent.ThreadPoolExecutor.runWorker(ThreadPoolExecutor.java:1090)
	at java.base/java.util.concurrent.ThreadPoolExecutor$Worker.run(ThreadPoolExecutor.java:614)
	at java.base/java.lang.Thread.run(Thread.java:1474)

[07-25 12:59:49]: [INFO] AuthMe 6.0.0-b2734 disabled!
[07-25 15:16:14]: [INFO] SQLite Setup finished
[07-25 15:16:14]: [INFO] Hooked into LuckPerms!
[07-25 15:16:14]: [INFO] Hooked successfully into Essentials
[07-25 15:16:14]: [INFO] Essentials spawn file not found: '/server/plugins/Essentials/spawn.yml'
[07-25 15:16:14]: [WARN] WARNING! The protectInventory feature requires PacketEvents! Disabling it...
[07-25 15:16:14]: [INFO] AuthMe 6.0.0 build n.2734 successfully enabled!
[07-25 15:16:20]: [INFO] Downloading GEO IP database, because the old database is older than 30 days or doesn't exist
[07-25 15:16:20]: [WARN] No MaxMind credentials found in the configuration file! GeoIp protections will be disabled.
[07-25 15:16:20]: [INFO] There is no newer GEO IP database uploaded to MaxMind. Using the old one for now.
[07-25 15:16:20]: [WARN] Could not download GeoLiteAPI database [FileNotFoundException]: plugins/AuthMe/GeoLite2-Country.mmdb (No such file or directory)
[07-25 15:16:20]: java.io.FileNotFoundException: plugins/AuthMe/GeoLite2-Country.mmdb (No such file or directory)
	at java.base/java.io.RandomAccessFile.open0(Native Method)
	at java.base/java.io.RandomAccessFile.open(RandomAccessFile.java:338)
	at java.base/java.io.RandomAccessFile.<init>(RandomAccessFile.java:257)
	at java.base/java.io.RandomAccessFile.<init>(RandomAccessFile.java:211)
	at com.maxmind.db.BufferHolder.<init>(BufferHolder.java:19)
	at com.maxmind.db.Reader.<init>(Reader.java:119)
	at com.maxmind.geoip2.DatabaseReader.<init>(DatabaseReader.java:106)
	at com.maxmind.geoip2.DatabaseReader$Builder.build(DatabaseReader.java:238)
	at AuthMe-6.0.0-Spigot-1.21.jar//fr.xephi.authme.service.GeoIpService.startReading(GeoIpService.java:183)
	at AuthMe-6.0.0-Spigot-1.21.jar//fr.xephi.authme.service.GeoIpService.updateDatabase(GeoIpService.java:150)
	at org.bukkit.craftbukkit.scheduler.CraftTask.run(CraftTask.java:78)
	at org.bukkit.craftbukkit.scheduler.CraftAsyncTask.run(CraftAsyncTask.java:57)
	at com.destroystokyo.paper.ServerSchedulerReportingWrapper.run(ServerSchedulerReportingWrapper.java:22)
	at java.base/java.util.concurrent.ThreadPoolExecutor.runWorker(ThreadPoolExecutor.java:1090)
	at java.base/java.util.concurrent.ThreadPoolExecutor$Worker.run(ThreadPoolExecutor.java:614)
	at java.base/java.lang.Thread.run(Thread.java:1474)

[07-25 15:17:54]: [FINE] .MUSTAFAhacker67 logged in 119.156.126.109
[07-25 15:29:48]: [FINE] The user azansalehhh has 2 accounts:
[07-25 15:29:48]: [FINE] §7§aazansalehhh§7, nightmaredady.
[07-25 15:29:48]: [FINE] azansalehhh logged in 119.73.121.86
[07-25 15:29:53]: [FINE] The user NightmareDady has 2 accounts:
[07-25 15:29:53]: [FINE] §7§aazansalehhh§7, §aNightmareDady§7.
[07-25 15:29:53]: [FINE] NightmareDady logged in 119.73.121.86
[07-25 15:33:33]: [FINE] The user NightmareDady has 2 accounts:
[07-25 15:33:33]: [FINE] §7§aazansalehhh§7, §aNightmareDady§7.
[07-25 15:33:33]: [FINE] NightmareDady logged in 119.73.121.86
[07-25 15:51:05]: [FINE] The user hanansaleh has 3 accounts:
[07-25 15:51:05]: [FINE] §7§ahanansaleh§7, manansaleh2007, .wirycircle3938.
[07-25 15:51:05]: [FINE] hanansaleh logged in 39.37.141.42
[07-25 15:55:36]: [FINE] The user NightmareDady has 2 accounts:
[07-25 15:55:36]: [FINE] §7§aazansalehhh§7, §aNightmareDady§7.
[07-25 15:55:36]: [FINE] NightmareDady logged in 119.73.121.86
[07-25 15:58:21]: [INFO] AuthMe 6.0.0-b2734 disabled!
[07-25 15:58:55]: [INFO] SQLite Setup finished
[07-25 15:58:55]: [INFO] Hooked into LuckPerms!
[07-25 15:58:55]: [INFO] Hooked successfully into Essentials
[07-25 15:58:55]: [INFO] Essentials spawn file not found: '/server/plugins/Essentials/spawn.yml'
[07-25 15:58:55]: [WARN] WARNING! The protectInventory feature requires PacketEvents! Disabling it...
[07-25 15:58:55]: [INFO] AuthMe 6.0.0 build n.2734 successfully enabled!
[07-25 15:59:00]: [INFO] Downloading GEO IP database, because the old database is older than 30 days or doesn't exist
[07-25 15:59:00]: [WARN] No MaxMind credentials found in the configuration file! GeoIp protections will be disabled.
[07-25 15:59:00]: [INFO] There is no newer GEO IP database uploaded to MaxMind. Using the old one for now.
[07-25 15:59:00]: [WARN] Could not download GeoLiteAPI database [FileNotFoundException]: plugins/AuthMe/GeoLite2-Country.mmdb (No such file or directory)
[07-25 15:59:00]: java.io.FileNotFoundException: plugins/AuthMe/GeoLite2-Country.mmdb (No such file or directory)
	at java.base/java.io.RandomAccessFile.open0(Native Method)
	at java.base/java.io.RandomAccessFile.open(RandomAccessFile.java:338)
	at java.base/java.io.RandomAccessFile.<init>(RandomAccessFile.java:257)
	at java.base/java.io.RandomAccessFile.<init>(RandomAccessFile.java:211)
	at com.maxmind.db.BufferHolder.<init>(BufferHolder.java:19)
	at com.maxmind.db.Reader.<init>(Reader.java:119)
	at com.maxmind.geoip2.DatabaseReader.<init>(DatabaseReader.java:106)
	at com.maxmind.geoip2.DatabaseReader$Builder.build(DatabaseReader.java:238)
	at AuthMe-6.0.0-Spigot-1.21.jar//fr.xephi.authme.service.GeoIpService.startReading(GeoIpService.java:183)
	at AuthMe-6.0.0-Spigot-1.21.jar//fr.xephi.authme.service.GeoIpService.updateDatabase(GeoIpService.java:150)
	at org.bukkit.craftbukkit.scheduler.CraftTask.run(CraftTask.java:78)
	at org.bukkit.craftbukkit.scheduler.CraftAsyncTask.run(CraftAsyncTask.java:57)
	at com.destroystokyo.paper.ServerSchedulerReportingWrapper.run(ServerSchedulerReportingWrapper.java:22)
	at java.base/java.util.concurrent.ThreadPoolExecutor.runWorker(ThreadPoolExecutor.java:1090)
	at java.base/java.util.concurrent.ThreadPoolExecutor$Worker.run(ThreadPoolExecutor.java:614)
	at java.base/java.lang.Thread.run(Thread.java:1474)

[07-25 15:59:04]: [FINE] The user hanansaleh has 3 accounts:
[07-25 15:59:04]: [FINE] §7§ahanansaleh§7, manansaleh2007, .wirycircle3938.
[07-25 15:59:04]: [FINE] hanansaleh logged in 39.37.141.42
[07-25 15:59:08]: [FINE] The user azansalehhh has 2 accounts:
[07-25 15:59:08]: [FINE] §7§aazansalehhh§7, nightmaredady.
[07-25 15:59:08]: [FINE] azansalehhh logged in 119.73.121.86
[07-25 15:59:10]: [FINE] .MUSTAFAhacker67 logged in 119.156.126.109
[07-25 15:59:12]: [FINE] The user NightmareDady has 2 accounts:
[07-25 15:59:12]: [FINE] §7§aazansalehhh§7, §aNightmareDady§7.
[07-25 15:59:12]: [FINE] NightmareDady logged in 119.73.121.86
[07-25 16:01:59]: [FINE] The user NightmareDady has 2 accounts:
[07-25 16:01:59]: [FINE] §7§aazansalehhh§7, §aNightmareDady§7.
[07-25 16:01:59]: [FINE] NightmareDady logged in 119.73.121.86
[07-25 16:02:40]: [INFO] AuthMe 6.0.0-b2734 disabled!
[07-25 16:03:19]: [INFO] SQLite Setup finished
[07-25 16:03:19]: [INFO] Hooked into LuckPerms!
[07-25 16:03:19]: [INFO] Hooked successfully into Essentials
[07-25 16:03:19]: [INFO] Essentials spawn file not found: '/server/plugins/Essentials/spawn.yml'
[07-25 16:03:19]: [WARN] WARNING! The protectInventory feature requires PacketEvents! Disabling it...
[07-25 16:03:20]: [INFO] AuthMe 6.0.0 build n.2734 successfully enabled!
[07-25 16:03:25]: [INFO] Downloading GEO IP database, because the old database is older than 30 days or doesn't exist
[07-25 16:03:25]: [WARN] No MaxMind credentials found in the configuration file! GeoIp protections will be disabled.
[07-25 16:03:25]: [INFO] There is no newer GEO IP database uploaded to MaxMind. Using the old one for now.
[07-25 16:03:25]: [WARN] Could not download GeoLiteAPI database [FileNotFoundException]: plugins/AuthMe/GeoLite2-Country.mmdb (No such file or directory)
[07-25 16:03:25]: java.io.FileNotFoundException: plugins/AuthMe/GeoLite2-Country.mmdb (No such file or directory)
	at java.base/java.io.RandomAccessFile.open0(Native Method)
	at java.base/java.io.RandomAccessFile.open(RandomAccessFile.java:338)
	at java.base/java.io.RandomAccessFile.<init>(RandomAccessFile.java:257)
	at java.base/java.io.RandomAccessFile.<init>(RandomAccessFile.java:211)
	at com.maxmind.db.BufferHolder.<init>(BufferHolder.java:19)
	at com.maxmind.db.Reader.<init>(Reader.java:119)
	at com.maxmind.geoip2.DatabaseReader.<init>(DatabaseReader.java:106)
	at com.maxmind.geoip2.DatabaseReader$Builder.build(DatabaseReader.java:238)
	at AuthMe-6.0.0-Spigot-1.21.jar//fr.xephi.authme.service.GeoIpService.startReading(GeoIpService.java:183)
	at AuthMe-6.0.0-Spigot-1.21.jar//fr.xephi.authme.service.GeoIpService.updateDatabase(GeoIpService.java:150)
	at org.bukkit.craftbukkit.scheduler.CraftTask.run(CraftTask.java:78)
	at org.bukkit.craftbukkit.scheduler.CraftAsyncTask.run(CraftAsyncTask.java:57)
	at com.destroystokyo.paper.ServerSchedulerReportingWrapper.run(ServerSchedulerReportingWrapper.java:22)
	at java.base/java.util.concurrent.ThreadPoolExecutor.runWorker(ThreadPoolExecutor.java:1090)
	at java.base/java.util.concurrent.ThreadPoolExecutor$Worker.run(ThreadPoolExecutor.java:614)
	at java.base/java.lang.Thread.run(Thread.java:1474)

[07-25 16:03:31]: [FINE] The user hanansaleh has 3 accounts:
[07-25 16:03:31]: [FINE] §7§ahanansaleh§7, manansaleh2007, .wirycircle3938.
[07-25 16:03:31]: [FINE] hanansaleh logged in 39.37.141.42
[07-25 16:03:32]: [FINE] The user NightmareDady has 2 accounts:
[07-25 16:03:32]: [FINE] §7azansalehhh, §aNightmareDady§7.
[07-25 16:03:32]: [FINE] NightmareDady logged in 119.73.121.86
[07-25 16:03:36]: [FINE] .MUSTAFAhacker67 logged in 119.156.126.109
[07-25 16:03:47]: [FINE] The user azansalehhh has 2 accounts:
[07-25 16:03:47]: [FINE] §7§aazansalehhh§7, §aNightmareDady§7.
[07-25 16:03:47]: [FINE] azansalehhh logged in 119.73.121.86
[07-25 16:05:50]: [FINE] The user hanansaleh has 3 accounts:
[07-25 16:05:50]: [FINE] §7§ahanansaleh§7, manansaleh2007, .wirycircle3938.
[07-25 16:05:50]: [FINE] hanansaleh logged in 39.37.141.42
[07-25 16:05:56]: [INFO] AuthMe 6.0.0-b2734 disabled!
[07-25 16:06:38]: [INFO] SQLite Setup finished
[07-25 16:06:38]: [INFO] Hooked into LuckPerms!
[07-25 16:06:38]: [INFO] Hooked successfully into Essentials
[07-25 16:06:38]: [INFO] Essentials spawn file not found: '/server/plugins/Essentials/spawn.yml'
[07-25 16:06:38]: [WARN] WARNING! The protectInventory feature requires PacketEvents! Disabling it...
[07-25 16:06:38]: [INFO] AuthMe 6.0.0 build n.2734 successfully enabled!
[07-25 16:06:43]: [INFO] Downloading GEO IP database, because the old database is older than 30 days or doesn't exist
[07-25 16:06:43]: [WARN] No MaxMind credentials found in the configuration file! GeoIp protections will be disabled.
[07-25 16:06:43]: [INFO] There is no newer GEO IP database uploaded to MaxMind. Using the old one for now.
[07-25 16:06:43]: [WARN] Could not download GeoLiteAPI database [FileNotFoundException]: plugins/AuthMe/GeoLite2-Country.mmdb (No such file or directory)
[07-25 16:06:43]: java.io.FileNotFoundException: plugins/AuthMe/GeoLite2-Country.mmdb (No such file or directory)
	at java.base/java.io.RandomAccessFile.open0(Native Method)
	at java.base/java.io.RandomAccessFile.open(RandomAccessFile.java:338)
	at java.base/java.io.RandomAccessFile.<init>(RandomAccessFile.java:257)
	at java.base/java.io.RandomAccessFile.<init>(RandomAccessFile.java:211)
	at com.maxmind.db.BufferHolder.<init>(BufferHolder.java:19)
	at com.maxmind.db.Reader.<init>(Reader.java:119)
	at com.maxmind.geoip2.DatabaseReader.<init>(DatabaseReader.java:106)
	at com.maxmind.geoip2.DatabaseReader$Builder.build(DatabaseReader.java:238)
	at AuthMe-6.0.0-Spigot-1.21.jar//fr.xephi.authme.service.GeoIpService.startReading(GeoIpService.java:183)
	at AuthMe-6.0.0-Spigot-1.21.jar//fr.xephi.authme.service.GeoIpService.updateDatabase(GeoIpService.java:150)
	at org.bukkit.craftbukkit.scheduler.CraftTask.run(CraftTask.java:78)
	at org.bukkit.craftbukkit.scheduler.CraftAsyncTask.run(CraftAsyncTask.java:57)
	at com.destroystokyo.paper.ServerSchedulerReportingWrapper.run(ServerSchedulerReportingWrapper.java:22)
	at java.base/java.util.concurrent.ThreadPoolExecutor.runWorker(ThreadPoolExecutor.java:1090)
	at java.base/java.util.concurrent.ThreadPoolExecutor$Worker.run(ThreadPoolExecutor.java:614)
	at java.base/java.lang.Thread.run(Thread.java:1474)

[07-25 16:06:47]: [FINE] The user NightmareDady has 2 accounts:
[07-25 16:06:47]: [FINE] §7azansalehhh, §aNightmareDady§7.
[07-25 16:06:47]: [FINE] NightmareDady logged in 119.73.121.86
[07-25 16:06:52]: [FINE] .MUSTAFAhacker67 logged in 119.156.126.109
[07-25 16:06:56]: [FINE] The user hanansaleh has 3 accounts:
[07-25 16:06:56]: [FINE] §7§ahanansaleh§7, manansaleh2007, .wirycircle3938.
[07-25 16:06:56]: [FINE] hanansaleh logged in 39.37.141.42
[07-25 16:07:04]: [FINE] The user azansalehhh has 2 accounts:
[07-25 16:07:04]: [FINE] §7§aazansalehhh§7, §aNightmareDady§7.
[07-25 16:07:04]: [FINE] azansalehhh logged in 119.73.121.86
[07-25 16:20:47]: [FINE] The user manansaleh2007 has 3 accounts:
[07-25 16:20:47]: [FINE] §7§ahanansaleh§7, §amanansaleh2007§7, .wirycircle3938.
[07-25 16:20:47]: [FINE] manansaleh2007 logged in 39.37.141.42
[07-25 16:32:15]: [FINE] .MUSTAFAhacker67 logged in 119.156.126.109
[07-25 16:39:09]: [FINE] The user NightmareDady has 2 accounts:
[07-25 16:39:09]: [FINE] §7§aazansalehhh§7, §aNightmareDady§7.
[07-25 16:39:09]: [FINE] NightmareDady logged in 119.73.121.86
[07-25 16:43:44]: [FINE] The user hanansaleh has 3 accounts:
[07-25 16:43:44]: [FINE] §7§ahanansaleh§7, manansaleh2007, .wirycircle3938.
[07-25 16:43:44]: [FINE] hanansaleh logged in 39.37.141.42
[07-25 17:02:47]: [FINE] The user manansaleh2007 has 3 accounts:
[07-25 17:02:47]: [FINE] §7§ahanansaleh§7, §amanansaleh2007§7, .wirycircle3938.
[07-25 17:02:47]: [FINE] manansaleh2007 logged in 39.37.141.42
[07-25 17:49:46]: [INFO] AuthMe 6.0.0-b2734 disabled!
[07-25 19:17:25]: [INFO] SQLite Setup finished
[07-25 19:17:25]: [INFO] Hooked into LuckPerms!
[07-25 19:17:25]: [INFO] Hooked successfully into Essentials
[07-25 19:17:25]: [INFO] Essentials spawn file not found: '/server/plugins/Essentials/spawn.yml'
[07-25 19:17:25]: [WARN] WARNING! The protectInventory feature requires PacketEvents! Disabling it...
[07-25 19:17:25]: [INFO] AuthMe 6.0.0 build n.2734 successfully enabled!
[07-25 19:17:34]: [INFO] Downloading GEO IP database, because the old database is older than 30 days or doesn't exist
[07-25 19:17:34]: [WARN] No MaxMind credentials found in the configuration file! GeoIp protections will be disabled.
[07-25 19:17:34]: [INFO] There is no newer GEO IP database uploaded to MaxMind. Using the old one for now.
[07-25 19:17:34]: [WARN] Could not download GeoLiteAPI database [FileNotFoundException]: plugins/AuthMe/GeoLite2-Country.mmdb (No such file or directory)
[07-25 19:17:34]: java.io.FileNotFoundException: plugins/AuthMe/GeoLite2-Country.mmdb (No such file or directory)
	at java.base/java.io.RandomAccessFile.open0(Native Method)
	at java.base/java.io.RandomAccessFile.open(RandomAccessFile.java:338)
	at java.base/java.io.RandomAccessFile.<init>(RandomAccessFile.java:257)
	at java.base/java.io.RandomAccessFile.<init>(RandomAccessFile.java:211)
	at com.maxmind.db.BufferHolder.<init>(BufferHolder.java:19)
	at com.maxmind.db.Reader.<init>(Reader.java:119)
	at com.maxmind.geoip2.DatabaseReader.<init>(DatabaseReader.java:106)
	at com.maxmind.geoip2.DatabaseReader$Builder.build(DatabaseReader.java:238)
	at AuthMe-6.0.0-Spigot-1.21.jar//fr.xephi.authme.service.GeoIpService.startReading(GeoIpService.java:183)
	at AuthMe-6.0.0-Spigot-1.21.jar//fr.xephi.authme.service.GeoIpService.updateDatabase(GeoIpService.java:150)
	at org.bukkit.craftbukkit.scheduler.CraftTask.run(CraftTask.java:78)
	at org.bukkit.craftbukkit.scheduler.CraftAsyncTask.run(CraftAsyncTask.java:57)
	at com.destroystokyo.paper.ServerSchedulerReportingWrapper.run(ServerSchedulerReportingWrapper.java:22)
	at java.base/java.util.concurrent.ThreadPoolExecutor.runWorker(ThreadPoolExecutor.java:1090)
	at java.base/java.util.concurrent.ThreadPoolExecutor$Worker.run(ThreadPoolExecutor.java:614)
	at java.base/java.lang.Thread.run(Thread.java:1474)

[07-25 19:18:02]: [FINE] .MUSTAFAhacker67 logged in 119.156.126.109
[07-25 19:50:35]: [INFO] AuthMe 6.0.0-b2734 disabled!
[07-25 21:19:59]: [INFO] SQLite Setup finished
[07-25 21:19:59]: [INFO] Hooked into LuckPerms!
[07-25 21:20:00]: [INFO] Hooked successfully into Essentials
[07-25 21:20:00]: [INFO] Essentials spawn file not found: '/server/plugins/Essentials/spawn.yml'
[07-25 21:20:00]: [WARN] WARNING! The protectInventory feature requires PacketEvents! Disabling it...
[07-25 21:20:00]: [INFO] AuthMe 6.0.0 build n.2734 successfully enabled!
[07-25 21:20:07]: [INFO] Downloading GEO IP database, because the old database is older than 30 days or doesn't exist
[07-25 21:20:07]: [WARN] No MaxMind credentials found in the configuration file! GeoIp protections will be disabled.
[07-25 21:20:07]: [INFO] There is no newer GEO IP database uploaded to MaxMind. Using the old one for now.
[07-25 21:20:07]: [WARN] Could not download GeoLiteAPI database [FileNotFoundException]: plugins/AuthMe/GeoLite2-Country.mmdb (No such file or directory)
[07-25 21:20:07]: java.io.FileNotFoundException: plugins/AuthMe/GeoLite2-Country.mmdb (No such file or directory)
	at java.base/java.io.RandomAccessFile.open0(Native Method)
	at java.base/java.io.RandomAccessFile.open(RandomAccessFile.java:338)
	at java.base/java.io.RandomAccessFile.<init>(RandomAccessFile.java:257)
	at java.base/java.io.RandomAccessFile.<init>(RandomAccessFile.java:211)
	at com.maxmind.db.BufferHolder.<init>(BufferHolder.java:19)
	at com.maxmind.db.Reader.<init>(Reader.java:119)
	at com.maxmind.geoip2.DatabaseReader.<init>(DatabaseReader.java:106)
	at com.maxmind.geoip2.DatabaseReader$Builder.build(DatabaseReader.java:238)
	at AuthMe-6.0.0-Spigot-1.21.jar//fr.xephi.authme.service.GeoIpService.startReading(GeoIpService.java:183)
	at AuthMe-6.0.0-Spigot-1.21.jar//fr.xephi.authme.service.GeoIpService.updateDatabase(GeoIpService.java:150)
	at org.bukkit.craftbukkit.scheduler.CraftTask.run(CraftTask.java:78)
	at org.bukkit.craftbukkit.scheduler.CraftAsyncTask.run(CraftAsyncTask.java:57)
	at com.destroystokyo.paper.ServerSchedulerReportingWrapper.run(ServerSchedulerReportingWrapper.java:22)
	at java.base/java.util.concurrent.ThreadPoolExecutor.runWorker(ThreadPoolExecutor.java:1090)
	at java.base/java.util.concurrent.ThreadPoolExecutor$Worker.run(ThreadPoolExecutor.java:614)
	at java.base/java.lang.Thread.run(Thread.java:1474)

[07-25 21:23:39]: [FINE] .MUSTAFAhacker67 logged in 119.156.126.109
[07-25 21:51:03]: [INFO] AuthMe 6.0.0-b2734 disabled!
[07-25 22:16:28]: [INFO] SQLite Setup finished
[07-25 22:16:28]: [INFO] Hooked into LuckPerms!
[07-25 22:16:28]: [INFO] Hooked successfully into Essentials
[07-25 22:16:28]: [INFO] Essentials spawn file not found: '/server/plugins/Essentials/spawn.yml'
[07-25 22:16:28]: [WARN] WARNING! The protectInventory feature requires PacketEvents! Disabling it...
[07-25 22:16:28]: [INFO] AuthMe 6.0.0 build n.2734 successfully enabled!
[07-25 22:16:38]: [INFO] Downloading GEO IP database, because the old database is older than 30 days or doesn't exist
[07-25 22:16:38]: [WARN] No MaxMind credentials found in the configuration file! GeoIp protections will be disabled.
[07-25 22:16:38]: [INFO] There is no newer GEO IP database uploaded to MaxMind. Using the old one for now.
[07-25 22:16:38]: [WARN] Could not download GeoLiteAPI database [FileNotFoundException]: plugins/AuthMe/GeoLite2-Country.mmdb (No such file or directory)
[07-25 22:16:38]: java.io.FileNotFoundException: plugins/AuthMe/GeoLite2-Country.mmdb (No such file or directory)
	at java.base/java.io.RandomAccessFile.open0(Native Method)
	at java.base/java.io.RandomAccessFile.open(RandomAccessFile.java:338)
	at java.base/java.io.RandomAccessFile.<init>(RandomAccessFile.java:257)
	at java.base/java.io.RandomAccessFile.<init>(RandomAccessFile.java:211)
	at com.maxmind.db.BufferHolder.<init>(BufferHolder.java:19)
	at com.maxmind.db.Reader.<init>(Reader.java:119)
	at com.maxmind.geoip2.DatabaseReader.<init>(DatabaseReader.java:106)
	at com.maxmind.geoip2.DatabaseReader$Builder.build(DatabaseReader.java:238)
	at AuthMe-6.0.0-Spigot-1.21.jar//fr.xephi.authme.service.GeoIpService.startReading(GeoIpService.java:183)
	at AuthMe-6.0.0-Spigot-1.21.jar//fr.xephi.authme.service.GeoIpService.updateDatabase(GeoIpService.java:150)
	at org.bukkit.craftbukkit.scheduler.CraftTask.run(CraftTask.java:78)
	at org.bukkit.craftbukkit.scheduler.CraftAsyncTask.run(CraftAsyncTask.java:57)
	at com.destroystokyo.paper.ServerSchedulerReportingWrapper.run(ServerSchedulerReportingWrapper.java:22)
	at java.base/java.util.concurrent.ThreadPoolExecutor.runWorker(ThreadPoolExecutor.java:1090)
	at java.base/java.util.concurrent.ThreadPoolExecutor$Worker.run(ThreadPoolExecutor.java:614)
	at java.base/java.lang.Thread.run(Thread.java:1474)

[07-25 22:16:56]: [FINE] The user manansaleh2007 has 3 accounts:
[07-25 22:16:56]: [FINE] §7hanansaleh, §amanansaleh2007§7, .wirycircle3938.
[07-25 22:16:56]: [FINE] manansaleh2007 logged in 39.37.141.42
[07-25 22:34:48]: [FINE] The user azansalehhh has 2 accounts:
[07-25 22:34:48]: [FINE] §7§aazansalehhh§7, nightmaredady.
[07-25 22:34:48]: [FINE] azansalehhh logged in 119.73.121.86
[07-25 22:35:01]: [FINE] The user NightmareDady has 2 accounts:
[07-25 22:35:01]: [FINE] §7§aazansalehhh§7, §aNightmareDady§7.
[07-25 22:35:01]: [FINE] NightmareDady logged in 119.73.121.86
[07-25 22:36:14]: [FINE] .MUSTAFAhacker67 logged in 119.156.126.109
[07-25 22:54:18]: [FINE] goonerman3000 registered 103.191.122.62
[07-25 22:54:18]: [FINE] goonerman3000 logged in 103.191.122.62
[07-25 22:55:58]: [FINE] goonerman3000 logged in 103.191.122.62
[07-25 22:58:41]: [FINE] The user NightmareDady has 2 accounts:
[07-25 22:58:41]: [FINE] §7azansalehhh, §aNightmareDady§7.
[07-25 22:58:41]: [FINE] NightmareDady logged in 119.73.121.86
[07-25 22:58:46]: [FINE] The user azansalehhh has 2 accounts:
[07-25 22:58:46]: [FINE] §7§aazansalehhh§7, §aNightmareDady§7.
[07-25 22:58:46]: [FINE] azansalehhh logged in 119.73.121.86
[07-25 23:19:45]: [FINE] The user azansalehhh has 2 accounts:
[07-25 23:19:45]: [FINE] §7§aazansalehhh§7, nightmaredady.
[07-25 23:19:45]: [FINE] azansalehhh logged in 119.73.121.86
[07-25 23:25:22]: [INFO] AuthMe 6.0.0-b2734 disabled!
[07-26 09:53:42]: [INFO] SQLite Setup finished
[07-26 09:53:42]: [INFO] Hooked into LuckPerms!
[07-26 09:53:42]: [INFO] Hooked successfully into Essentials
[07-26 09:53:42]: [INFO] Essentials spawn file not found: '/server/plugins/Essentials/spawn.yml'
[07-26 09:53:42]: [WARN] WARNING! The protectInventory feature requires PacketEvents! Disabling it...
[07-26 09:53:42]: [INFO] AuthMe 6.0.0 build n.2734 successfully enabled!
[07-26 09:53:49]: [INFO] Downloading GEO IP database, because the old database is older than 30 days or doesn't exist
[07-26 09:53:49]: [WARN] No MaxMind credentials found in the configuration file! GeoIp protections will be disabled.
[07-26 09:53:49]: [INFO] There is no newer GEO IP database uploaded to MaxMind. Using the old one for now.
[07-26 09:53:49]: [WARN] Could not download GeoLiteAPI database [FileNotFoundException]: plugins/AuthMe/GeoLite2-Country.mmdb (No such file or directory)
[07-26 09:53:49]: java.io.FileNotFoundException: plugins/AuthMe/GeoLite2-Country.mmdb (No such file or directory)
	at java.base/java.io.RandomAccessFile.open0(Native Method)
	at java.base/java.io.RandomAccessFile.open(RandomAccessFile.java:338)
	at java.base/java.io.RandomAccessFile.<init>(RandomAccessFile.java:257)
	at java.base/java.io.RandomAccessFile.<init>(RandomAccessFile.java:211)
	at com.maxmind.db.BufferHolder.<init>(BufferHolder.java:19)
	at com.maxmind.db.Reader.<init>(Reader.java:119)
	at com.maxmind.geoip2.DatabaseReader.<init>(DatabaseReader.java:106)
	at com.maxmind.geoip2.DatabaseReader$Builder.build(DatabaseReader.java:238)
	at AuthMe-6.0.0-Spigot-1.21.jar//fr.xephi.authme.service.GeoIpService.startReading(GeoIpService.java:183)
	at AuthMe-6.0.0-Spigot-1.21.jar//fr.xephi.authme.service.GeoIpService.updateDatabase(GeoIpService.java:150)
	at org.bukkit.craftbukkit.scheduler.CraftTask.run(CraftTask.java:78)
	at org.bukkit.craftbukkit.scheduler.CraftAsyncTask.run(CraftAsyncTask.java:57)
	at com.destroystokyo.paper.ServerSchedulerReportingWrapper.run(ServerSchedulerReportingWrapper.java:22)
	at java.base/java.util.concurrent.ThreadPoolExecutor.runWorker(ThreadPoolExecutor.java:1090)
	at java.base/java.util.concurrent.ThreadPoolExecutor$Worker.run(ThreadPoolExecutor.java:614)
	at java.base/java.lang.Thread.run(Thread.java:1474)

[07-26 09:54:12]: [FINE] .MUSTAFAhacker67 logged in 119.156.126.109
[07-26 10:37:52]: [INFO] AuthMe 6.0.0-b2734 disabled!
[07-26 10:56:58]: [INFO] SQLite Setup finished
[07-26 10:56:58]: [INFO] Hooked into LuckPerms!
[07-26 10:56:58]: [INFO] Hooked successfully into Essentials
[07-26 10:56:58]: [INFO] Essentials spawn file not found: '/server/plugins/Essentials/spawn.yml'
[07-26 10:56:58]: [WARN] WARNING! The protectInventory feature requires PacketEvents! Disabling it...
[07-26 10:56:58]: [INFO] AuthMe 6.0.0 build n.2734 successfully enabled!
[07-26 10:57:04]: [INFO] Downloading GEO IP database, because the old database is older than 30 days or doesn't exist
[07-26 10:57:04]: [WARN] No MaxMind credentials found in the configuration file! GeoIp protections will be disabled.
[07-26 10:57:04]: [INFO] There is no newer GEO IP database uploaded to MaxMind. Using the old one for now.
[07-26 10:57:04]: [WARN] Could not download GeoLiteAPI database [FileNotFoundException]: plugins/AuthMe/GeoLite2-Country.mmdb (No such file or directory)
[07-26 10:57:04]: java.io.FileNotFoundException: plugins/AuthMe/GeoLite2-Country.mmdb (No such file or directory)
	at java.base/java.io.RandomAccessFile.open0(Native Method)
	at java.base/java.io.RandomAccessFile.open(RandomAccessFile.java:338)
	at java.base/java.io.RandomAccessFile.<init>(RandomAccessFile.java:257)
	at java.base/java.io.RandomAccessFile.<init>(RandomAccessFile.java:211)
	at com.maxmind.db.BufferHolder.<init>(BufferHolder.java:19)
	at com.maxmind.db.Reader.<init>(Reader.java:119)
	at com.maxmind.geoip2.DatabaseReader.<init>(DatabaseReader.java:106)
	at com.maxmind.geoip2.DatabaseReader$Builder.build(DatabaseReader.java:238)
	at AuthMe-6.0.0-Spigot-1.21.jar//fr.xephi.authme.service.GeoIpService.startReading(GeoIpService.java:183)
	at AuthMe-6.0.0-Spigot-1.21.jar//fr.xephi.authme.service.GeoIpService.updateDatabase(GeoIpService.java:150)
	at org.bukkit.craftbukkit.scheduler.CraftTask.run(CraftTask.java:78)
	at org.bukkit.craftbukkit.scheduler.CraftAsyncTask.run(CraftAsyncTask.java:57)
	at com.destroystokyo.paper.ServerSchedulerReportingWrapper.run(ServerSchedulerReportingWrapper.java:22)
	at java.base/java.util.concurrent.ThreadPoolExecutor.runWorker(ThreadPoolExecutor.java:1090)
	at java.base/java.util.concurrent.ThreadPoolExecutor$Worker.run(ThreadPoolExecutor.java:614)
	at java.base/java.lang.Thread.run(Thread.java:1474)

[07-26 10:57:08]: [FINE] The user hanansaleh has 3 accounts:
[07-26 10:57:08]: [FINE] §7§ahanansaleh§7, manansaleh2007, .wirycircle3938.
[07-26 10:57:08]: [FINE] hanansaleh logged in 39.37.141.42
[07-26 10:57:28]: [FINE] The user manansaleh2007 has 3 accounts:
[07-26 10:57:28]: [FINE] §7§ahanansaleh§7, §amanansaleh2007§7, .wirycircle3938.
[07-26 10:57:28]: [FINE] manansaleh2007 logged in 39.37.141.42
[07-26 11:19:51]: [FINE] The user manansaleh2007 has 3 accounts:
[07-26 11:19:51]: [FINE] §7§ahanansaleh§7, §amanansaleh2007§7, .wirycircle3938.
[07-26 11:19:51]: [FINE] manansaleh2007 logged in 39.37.141.42
[07-26 11:26:55]: [INFO] AuthMe 6.0.0-b2734 disabled!
[07-26 11:27:31]: [INFO] SQLite Setup finished
[07-26 11:27:31]: [INFO] Hooked into LuckPerms!
[07-26 11:27:31]: [INFO] Hooked successfully into Essentials
[07-26 11:27:31]: [INFO] Essentials spawn file not found: '/server/plugins/Essentials/spawn.yml'
[07-26 11:27:31]: [WARN] WARNING! The protectInventory feature requires PacketEvents! Disabling it...
[07-26 11:27:32]: [INFO] AuthMe 6.0.0 build n.2734 successfully enabled!
[07-26 11:27:37]: [INFO] Downloading GEO IP database, because the old database is older than 30 days or doesn't exist
[07-26 11:27:37]: [WARN] No MaxMind credentials found in the configuration file! GeoIp protections will be disabled.
[07-26 11:27:37]: [INFO] There is no newer GEO IP database uploaded to MaxMind. Using the old one for now.
[07-26 11:27:37]: [WARN] Could not download GeoLiteAPI database [FileNotFoundException]: plugins/AuthMe/GeoLite2-Country.mmdb (No such file or directory)
[07-26 11:27:37]: java.io.FileNotFoundException: plugins/AuthMe/GeoLite2-Country.mmdb (No such file or directory)
	at java.base/java.io.RandomAccessFile.open0(Native Method)
	at java.base/java.io.RandomAccessFile.open(RandomAccessFile.java:338)
	at java.base/java.io.RandomAccessFile.<init>(RandomAccessFile.java:257)
	at java.base/java.io.RandomAccessFile.<init>(RandomAccessFile.java:211)
	at com.maxmind.db.BufferHolder.<init>(BufferHolder.java:19)
	at com.maxmind.db.Reader.<init>(Reader.java:119)
	at com.maxmind.geoip2.DatabaseReader.<init>(DatabaseReader.java:106)
	at com.maxmind.geoip2.DatabaseReader$Builder.build(DatabaseReader.java:238)
	at AuthMe-6.0.0-Spigot-1.21.jar//fr.xephi.authme.service.GeoIpService.startReading(GeoIpService.java:183)
	at AuthMe-6.0.0-Spigot-1.21.jar//fr.xephi.authme.service.GeoIpService.updateDatabase(GeoIpService.java:150)
	at org.bukkit.craftbukkit.scheduler.CraftTask.run(CraftTask.java:78)
	at org.bukkit.craftbukkit.scheduler.CraftAsyncTask.run(CraftAsyncTask.java:57)
	at com.destroystokyo.paper.ServerSchedulerReportingWrapper.run(ServerSchedulerReportingWrapper.java:22)
	at java.base/java.util.concurrent.ThreadPoolExecutor.runWorker(ThreadPoolExecutor.java:1090)
	at java.base/java.util.concurrent.ThreadPoolExecutor$Worker.run(ThreadPoolExecutor.java:614)
	at java.base/java.lang.Thread.run(Thread.java:1474)

[07-26 11:27:43]: [FINE] The user hanansaleh has 3 accounts:
[07-26 11:27:43]: [FINE] §7§ahanansaleh§7, manansaleh2007, .wirycircle3938.
[07-26 11:27:43]: [FINE] hanansaleh logged in 39.37.141.42
[07-26 11:31:02]: [INFO] AuthMe 6.0.0-b2734 disabled!
[07-26 11:39:50]: [INFO] SQLite Setup finished
[07-26 11:39:50]: [INFO] Hooked into LuckPerms!
[07-26 11:39:50]: [INFO] Hooked successfully into Essentials
[07-26 11:39:50]: [INFO] Essentials spawn file not found: '/server/plugins/Essentials/spawn.yml'
[07-26 11:39:50]: [WARN] WARNING! The protectInventory feature requires PacketEvents! Disabling it...
[07-26 11:39:50]: [INFO] AuthMe 6.0.0 build n.2734 successfully enabled!
[07-26 11:39:55]: [INFO] Downloading GEO IP database, because the old database is older than 30 days or doesn't exist
[07-26 11:39:55]: [WARN] No MaxMind credentials found in the configuration file! GeoIp protections will be disabled.
[07-26 11:39:55]: [INFO] There is no newer GEO IP database uploaded to MaxMind. Using the old one for now.
[07-26 11:39:55]: [WARN] Could not download GeoLiteAPI database [FileNotFoundException]: plugins/AuthMe/GeoLite2-Country.mmdb (No such file or directory)
[07-26 11:39:55]: java.io.FileNotFoundException: plugins/AuthMe/GeoLite2-Country.mmdb (No such file or directory)
	at java.base/java.io.RandomAccessFile.open0(Native Method)
	at java.base/java.io.RandomAccessFile.open(RandomAccessFile.java:338)
	at java.base/java.io.RandomAccessFile.<init>(RandomAccessFile.java:257)
	at java.base/java.io.RandomAccessFile.<init>(RandomAccessFile.java:211)
	at com.maxmind.db.BufferHolder.<init>(BufferHolder.java:19)
	at com.maxmind.db.Reader.<init>(Reader.java:119)
	at com.maxmind.geoip2.DatabaseReader.<init>(DatabaseReader.java:106)
	at com.maxmind.geoip2.DatabaseReader$Builder.build(DatabaseReader.java:238)
	at AuthMe-6.0.0-Spigot-1.21.jar//fr.xephi.authme.service.GeoIpService.startReading(GeoIpService.java:183)
	at AuthMe-6.0.0-Spigot-1.21.jar//fr.xephi.authme.service.GeoIpService.updateDatabase(GeoIpService.java:150)
	at org.bukkit.craftbukkit.scheduler.CraftTask.run(CraftTask.java:78)
	at org.bukkit.craftbukkit.scheduler.CraftAsyncTask.run(CraftAsyncTask.java:57)
	at com.destroystokyo.paper.ServerSchedulerReportingWrapper.run(ServerSchedulerReportingWrapper.java:22)
	at java.base/java.util.concurrent.ThreadPoolExecutor.runWorker(ThreadPoolExecutor.java:1090)
	at java.base/java.util.concurrent.ThreadPoolExecutor$Worker.run(ThreadPoolExecutor.java:614)
	at java.base/java.lang.Thread.run(Thread.java:1474)

[07-26 11:40:03]: [FINE] The user manansaleh2007 has 3 accounts:
[07-26 11:40:03]: [FINE] §7hanansaleh, §amanansaleh2007§7, .wirycircle3938.
[07-26 11:40:03]: [FINE] manansaleh2007 logged in 39.37.141.42
[07-26 11:48:07]: [FINE] The user NightmareDady has 2 accounts:
[07-26 11:48:07]: [FINE] §7azansalehhh, §aNightmareDady§7.
[07-26 11:48:07]: [FINE] NightmareDady logged in 119.73.121.86
[07-26 11:49:58]: [FINE] The user NightmareDady has 2 accounts:
[07-26 11:49:58]: [FINE] §7azansalehhh, §aNightmareDady§7.
[07-26 11:49:58]: [FINE] NightmareDady logged in 119.73.121.86
[07-26 11:56:05]: [FINE] The user manansaleh2007 has 3 accounts:
[07-26 11:56:05]: [FINE] §7hanansaleh, §amanansaleh2007§7, .wirycircle3938.
[07-26 11:56:05]: [FINE] manansaleh2007 logged in 39.37.141.42
[07-26 12:04:44]: [FINE] The user hanansaleh has 3 accounts:
[07-26 12:04:44]: [FINE] §7§ahanansaleh§7, §amanansaleh2007§7, .wirycircle3938.
[07-26 12:04:44]: [FINE] hanansaleh logged in 39.37.141.42
[07-26 12:18:26]: [FINE] The user NightmareDady has 2 accounts:
[07-26 12:18:26]: [FINE] §7azansalehhh, §aNightmareDady§7.
[07-26 12:18:26]: [FINE] NightmareDady logged in 119.73.121.86
[07-26 12:21:36]: [FINE] The user manansaleh2007 has 3 accounts:
[07-26 12:21:36]: [FINE] §7§ahanansaleh§7, §amanansaleh2007§7, .wirycircle3938.
[07-26 12:21:36]: [FINE] manansaleh2007 logged in 39.37.141.42
[07-26 12:22:12]: [FINE] The user hanansaleh has 3 accounts:
[07-26 12:22:12]: [FINE] §7§ahanansaleh§7, manansaleh2007, .wirycircle3938.
[07-26 12:22:12]: [FINE] hanansaleh logged in 39.37.141.42
[07-26 12:23:35]: [FINE] The user manansaleh2007 has 3 accounts:
[07-26 12:23:35]: [FINE] §7§ahanansaleh§7, §amanansaleh2007§7, .wirycircle3938.
[07-26 12:23:35]: [FINE] manansaleh2007 logged in 39.37.141.42
[07-26 12:28:59]: [FINE] The user hanansaleh has 3 accounts:
[07-26 12:28:59]: [FINE] §7§ahanansaleh§7, §amanansaleh2007§7, .wirycircle3938.
[07-26 12:28:59]: [FINE] hanansaleh logged in 39.37.141.42
[07-26 12:31:02]: [FINE] The user NightmareDady has 2 accounts:
[07-26 12:31:02]: [FINE] §7azansalehhh, §aNightmareDady§7.
[07-26 12:31:02]: [FINE] NightmareDady logged in 119.73.121.86
[07-26 12:35:28]: [FINE] The user azansalehhh has 2 accounts:
[07-26 12:35:28]: [FINE] §7§aazansalehhh§7, §aNightmareDady§7.
[07-26 12:35:28]: [FINE] azansalehhh logged in 119.73.121.86
[07-26 12:37:58]: [FINE] The user manansaleh2007 has 3 accounts:
[07-26 12:37:58]: [FINE] §7§ahanansaleh§7, §amanansaleh2007§7, .wirycircle3938.
[07-26 12:37:58]: [FINE] manansaleh2007 logged in 39.37.141.42
[07-26 12:39:21]: [FINE] The user manansaleh2007 has 3 accounts:
[07-26 12:39:21]: [FINE] §7§ahanansaleh§7, §amanansaleh2007§7, .wirycircle3938.
[07-26 12:39:21]: [FINE] manansaleh2007 logged in 39.37.141.42
[07-26 12:40:04]: [FINE] The user manansaleh2007 has 3 accounts:
[07-26 12:40:04]: [FINE] §7§ahanansaleh§7, §amanansaleh2007§7, .wirycircle3938.
[07-26 12:40:04]: [FINE] manansaleh2007 logged in 39.37.141.42
[07-26 12:43:02]: [FINE] The user hanansaleh has 3 accounts:
[07-26 12:43:02]: [FINE] §7§ahanansaleh§7, §amanansaleh2007§7, .wirycircle3938.
[07-26 12:43:02]: [FINE] hanansaleh logged in 39.37.141.42
[07-26 12:48:39]: [FINE] The user azansalehhh has 2 accounts:
[07-26 12:48:39]: [FINE] §7§aazansalehhh§7, nightmaredady.
[07-26 12:48:39]: [FINE] azansalehhh logged in 119.73.121.86
[07-26 12:49:30]: [FINE] The user hanansaleh has 3 accounts:
[07-26 12:49:30]: [FINE] §7§ahanansaleh§7, §amanansaleh2007§7, .wirycircle3938.
[07-26 12:49:30]: [FINE] hanansaleh logged in 39.37.141.42
[07-26 12:51:10]: [FINE] The user NightmareDady has 2 accounts:
[07-26 12:51:10]: [FINE] §7§aazansalehhh§7, §aNightmareDady§7.
[07-26 12:51:10]: [FINE] NightmareDady logged in 119.73.121.86
[07-26 13:03:17]: [FINE] The user NightmareDady has 2 accounts:
[07-26 13:03:17]: [FINE] §7§aazansalehhh§7, §aNightmareDady§7.
[07-26 13:03:17]: [FINE] NightmareDady logged in 119.73.121.86
[07-26 13:07:08]: [FINE] The user manansaleh2007 has 3 accounts:
[07-26 13:07:08]: [FINE] §7§ahanansaleh§7, §amanansaleh2007§7, .wirycircle3938.
[07-26 13:07:08]: [FINE] manansaleh2007 logged in 39.37.141.42
[07-26 13:09:09]: [FINE] The user NightmareDady has 2 accounts:
[07-26 13:09:09]: [FINE] §7§aazansalehhh§7, §aNightmareDady§7.
[07-26 13:09:09]: [FINE] NightmareDady logged in 119.73.121.86
[07-26 13:10:49]: [FINE] The user NightmareDady has 2 accounts:
[07-26 13:10:49]: [FINE] §7§aazansalehhh§7, §aNightmareDady§7.
[07-26 13:10:49]: [FINE] NightmareDady logged in 119.73.121.86
[07-26 13:16:10]: [FINE] The user hanansaleh has 3 accounts:
[07-26 13:16:10]: [FINE] §7§ahanansaleh§7, §amanansaleh2007§7, .wirycircle3938.
[07-26 13:16:10]: [FINE] hanansaleh logged in 39.37.141.42
[07-26 13:39:09]: [FINE] The user hanansaleh has 3 accounts:
[07-26 13:39:09]: [FINE] §7§ahanansaleh§7, §amanansaleh2007§7, .wirycircle3938.
[07-26 13:39:09]: [FINE] hanansaleh logged in 39.37.141.42
[07-26 13:56:12]: [FINE] The user manansaleh2007 has 3 accounts:
[07-26 13:56:12]: [FINE] §7§ahanansaleh§7, §amanansaleh2007§7, .wirycircle3938.
[07-26 13:56:12]: [FINE] manansaleh2007 logged in 39.37.141.42
[07-26 13:56:18]: [FINE] The user manansaleh2007 has 3 accounts:
[07-26 13:56:18]: [FINE] §7§ahanansaleh§7, §amanansaleh2007§7, .wirycircle3938.
[07-26 13:56:18]: [FINE] manansaleh2007 logged in 39.37.141.42
[07-26 13:56:20]: [FINE] The user azansalehhh has 2 accounts:
[07-26 13:56:20]: [FINE] §7§aazansalehhh§7, §aNightmareDady§7.
[07-26 13:56:20]: [FINE] azansalehhh logged in 119.73.121.86
[07-26 14:05:00]: [FINE] The user NightmareDady has 2 accounts:
[07-26 14:05:00]: [FINE] §7§aazansalehhh§7, §aNightmareDady§7.
[07-26 14:05:00]: [FINE] NightmareDady logged in 119.73.121.86
[07-26 14:06:40]: [FINE] The user NightmareDady has 2 accounts:
[07-26 14:06:40]: [FINE] §7§aazansalehhh§7, §aNightmareDady§7.
[07-26 14:06:40]: [FINE] NightmareDady logged in 119.73.121.86
[07-26 14:07:55]: [FINE] The user NightmareDady has 2 accounts:
[07-26 14:07:55]: [FINE] §7§aazansalehhh§7, §aNightmareDady§7.
[07-26 14:07:55]: [FINE] NightmareDady logged in 119.73.121.86
[07-26 14:08:22]: [FINE] The user NightmareDady has 2 accounts:
[07-26 14:08:22]: [FINE] §7§aazansalehhh§7, §aNightmareDady§7.
[07-26 14:08:22]: [FINE] NightmareDady logged in 119.73.121.86
[07-26 14:09:27]: [FINE] The user manansaleh2007 has 3 accounts:
[07-26 14:09:27]: [FINE] §7§ahanansaleh§7, §amanansaleh2007§7, .wirycircle3938.
[07-26 14:09:27]: [FINE] manansaleh2007 logged in 39.37.141.42
[07-26 14:09:28]: [FINE] The user azansalehhh has 2 accounts:
[07-26 14:09:28]: [FINE] §7§aazansalehhh§7, §aNightmareDady§7.
[07-26 14:09:28]: [FINE] azansalehhh logged in 119.73.121.86
[07-26 14:20:14]: [FINE] The user azansalehhh has 2 accounts:
[07-26 14:20:14]: [FINE] §7§aazansalehhh§7, §aNightmareDady§7.
[07-26 14:20:14]: [FINE] azansalehhh logged in 119.73.121.86
[07-26 14:20:16]: [FINE] The user manansaleh2007 has 3 accounts:
[07-26 14:20:16]: [FINE] §7§ahanansaleh§7, §amanansaleh2007§7, .wirycircle3938.
[07-26 14:20:16]: [FINE] manansaleh2007 logged in 39.37.141.42
[07-26 14:23:21]: [FINE] The user azansalehhh has 2 accounts:
[07-26 14:23:21]: [FINE] §7§aazansalehhh§7, §aNightmareDady§7.
[07-26 14:23:21]: [FINE] azansalehhh logged in 119.73.121.86
[07-26 14:38:01]: [INFO] AuthMe 6.0.0-b2734 disabled!
[07-26 16:05:07]: [INFO] SQLite Setup finished
[07-26 16:05:07]: [INFO] Hooked into LuckPerms!
[07-26 16:05:07]: [INFO] Hooked successfully into Essentials
[07-26 16:05:07]: [INFO] Essentials spawn file not found: '/server/plugins/Essentials/spawn.yml'
[07-26 16:05:07]: [WARN] WARNING! The protectInventory feature requires PacketEvents! Disabling it...
[07-26 16:05:08]: [INFO] AuthMe 6.0.0 build n.2734 successfully enabled!
[07-26 16:05:15]: [INFO] Downloading GEO IP database, because the old database is older than 30 days or doesn't exist
[07-26 16:05:15]: [WARN] No MaxMind credentials found in the configuration file! GeoIp protections will be disabled.
[07-26 16:05:15]: [INFO] There is no newer GEO IP database uploaded to MaxMind. Using the old one for now.
[07-26 16:05:15]: [WARN] Could not download GeoLiteAPI database [FileNotFoundException]: plugins/AuthMe/GeoLite2-Country.mmdb (No such file or directory)
[07-26 16:05:15]: java.io.FileNotFoundException: plugins/AuthMe/GeoLite2-Country.mmdb (No such file or directory)
	at java.base/java.io.RandomAccessFile.open0(Native Method)
	at java.base/java.io.RandomAccessFile.open(RandomAccessFile.java:338)
	at java.base/java.io.RandomAccessFile.<init>(RandomAccessFile.java:257)
	at java.base/java.io.RandomAccessFile.<init>(RandomAccessFile.java:211)
	at com.maxmind.db.BufferHolder.<init>(BufferHolder.java:19)
	at com.maxmind.db.Reader.<init>(Reader.java:119)
	at com.maxmind.geoip2.DatabaseReader.<init>(DatabaseReader.java:106)
	at com.maxmind.geoip2.DatabaseReader$Builder.build(DatabaseReader.java:238)
	at AuthMe-6.0.0-Spigot-1.21.jar//fr.xephi.authme.service.GeoIpService.startReading(GeoIpService.java:183)
	at AuthMe-6.0.0-Spigot-1.21.jar//fr.xephi.authme.service.GeoIpService.updateDatabase(GeoIpService.java:150)
	at org.bukkit.craftbukkit.scheduler.CraftTask.run(CraftTask.java:78)
	at org.bukkit.craftbukkit.scheduler.CraftAsyncTask.run(CraftAsyncTask.java:57)
	at com.destroystokyo.paper.ServerSchedulerReportingWrapper.run(ServerSchedulerReportingWrapper.java:22)
	at java.base/java.util.concurrent.ThreadPoolExecutor.runWorker(ThreadPoolExecutor.java:1090)
	at java.base/java.util.concurrent.ThreadPoolExecutor$Worker.run(ThreadPoolExecutor.java:614)
	at java.base/java.lang.Thread.run(Thread.java:1474)

[07-26 16:10:18]: [INFO] AuthMe 6.0.0-b2734 disabled!
[07-26 17:16:17]: [INFO] SQLite Setup finished
[07-26 17:16:17]: [INFO] Hooked into LuckPerms!
[07-26 17:16:17]: [INFO] Hooked successfully into Essentials
[07-26 17:16:17]: [INFO] Essentials spawn file not found: '/server/plugins/Essentials/spawn.yml'
[07-26 17:16:17]: [WARN] WARNING! The protectInventory feature requires PacketEvents! Disabling it...
[07-26 17:16:17]: [INFO] AuthMe 6.0.0 build n.2734 successfully enabled!
[07-26 17:16:26]: [INFO] Downloading GEO IP database, because the old database is older than 30 days or doesn't exist
[07-26 17:16:26]: [WARN] No MaxMind credentials found in the configuration file! GeoIp protections will be disabled.
[07-26 17:16:26]: [INFO] There is no newer GEO IP database uploaded to MaxMind. Using the old one for now.
[07-26 17:16:26]: [WARN] Could not download GeoLiteAPI database [FileNotFoundException]: plugins/AuthMe/GeoLite2-Country.mmdb (No such file or directory)
[07-26 17:16:26]: java.io.FileNotFoundException: plugins/AuthMe/GeoLite2-Country.mmdb (No such file or directory)
	at java.base/java.io.RandomAccessFile.open0(Native Method)
	at java.base/java.io.RandomAccessFile.open(RandomAccessFile.java:338)
	at java.base/java.io.RandomAccessFile.<init>(RandomAccessFile.java:257)
	at java.base/java.io.RandomAccessFile.<init>(RandomAccessFile.java:211)
	at com.maxmind.db.BufferHolder.<init>(BufferHolder.java:19)
	at com.maxmind.db.Reader.<init>(Reader.java:119)
	at com.maxmind.geoip2.DatabaseReader.<init>(DatabaseReader.java:106)
	at com.maxmind.geoip2.DatabaseReader$Builder.build(DatabaseReader.java:238)
	at AuthMe-6.0.0-Spigot-1.21.jar//fr.xephi.authme.service.GeoIpService.startReading(GeoIpService.java:183)
	at AuthMe-6.0.0-Spigot-1.21.jar//fr.xephi.authme.service.GeoIpService.updateDatabase(GeoIpService.java:150)
	at org.bukkit.craftbukkit.scheduler.CraftTask.run(CraftTask.java:78)
	at org.bukkit.craftbukkit.scheduler.CraftAsyncTask.run(CraftAsyncTask.java:57)
	at com.destroystokyo.paper.ServerSchedulerReportingWrapper.run(ServerSchedulerReportingWrapper.java:22)
	at java.base/java.util.concurrent.ThreadPoolExecutor.runWorker(ThreadPoolExecutor.java:1090)
	at java.base/java.util.concurrent.ThreadPoolExecutor$Worker.run(ThreadPoolExecutor.java:614)
	at java.base/java.lang.Thread.run(Thread.java:1474)

[07-26 17:21:32]: [INFO] AuthMe 6.0.0-b2734 disabled!
[07-26 17:25:26]: [INFO] SQLite Setup finished
[07-26 17:25:27]: [INFO] Hooked into LuckPerms!
[07-26 17:25:27]: [INFO] Hooked successfully into Essentials
[07-26 17:25:27]: [INFO] Essentials spawn file not found: '/server/plugins/Essentials/spawn.yml'
[07-26 17:25:27]: [WARN] WARNING! The protectInventory feature requires PacketEvents! Disabling it...
[07-26 17:25:27]: [INFO] AuthMe 6.0.0 build n.2734 successfully enabled!
[07-26 17:25:35]: [INFO] Downloading GEO IP database, because the old database is older than 30 days or doesn't exist
[07-26 17:25:35]: [WARN] No MaxMind credentials found in the configuration file! GeoIp protections will be disabled.
[07-26 17:25:35]: [INFO] There is no newer GEO IP database uploaded to MaxMind. Using the old one for now.
[07-26 17:25:35]: [WARN] Could not download GeoLiteAPI database [FileNotFoundException]: plugins/AuthMe/GeoLite2-Country.mmdb (No such file or directory)
[07-26 17:25:35]: java.io.FileNotFoundException: plugins/AuthMe/GeoLite2-Country.mmdb (No such file or directory)
	at java.base/java.io.RandomAccessFile.open0(Native Method)
	at java.base/java.io.RandomAccessFile.open(RandomAccessFile.java:338)
	at java.base/java.io.RandomAccessFile.<init>(RandomAccessFile.java:257)
	at java.base/java.io.RandomAccessFile.<init>(RandomAccessFile.java:211)
	at com.maxmind.db.BufferHolder.<init>(BufferHolder.java:19)
	at com.maxmind.db.Reader.<init>(Reader.java:119)
	at com.maxmind.geoip2.DatabaseReader.<init>(DatabaseReader.java:106)
	at com.maxmind.geoip2.DatabaseReader$Builder.build(DatabaseReader.java:238)
	at AuthMe-6.0.0-Spigot-1.21.jar//fr.xephi.authme.service.GeoIpService.startReading(GeoIpService.java:183)
	at AuthMe-6.0.0-Spigot-1.21.jar//fr.xephi.authme.service.GeoIpService.updateDatabase(GeoIpService.java:150)
	at org.bukkit.craftbukkit.scheduler.CraftTask.run(CraftTask.java:78)
	at org.bukkit.craftbukkit.scheduler.CraftAsyncTask.run(CraftAsyncTask.java:57)
	at com.destroystokyo.paper.ServerSchedulerReportingWrapper.run(ServerSchedulerReportingWrapper.java:22)
	at java.base/java.util.concurrent.ThreadPoolExecutor.runWorker(ThreadPoolExecutor.java:1090)
	at java.base/java.util.concurrent.ThreadPoolExecutor$Worker.run(ThreadPoolExecutor.java:614)
	at java.base/java.lang.Thread.run(Thread.java:1474)

[07-26 17:26:38]: [FINE] The user NightmareDady has 2 accounts:
[07-26 17:26:38]: [FINE] §7azansalehhh, §aNightmareDady§7.
[07-26 17:26:38]: [FINE] NightmareDady logged in 119.73.121.86
[07-26 17:33:11]: [FINE] .MUSTAFAhacker67 logged in 206.42.124.110
[07-26 17:36:40]: [FINE] .MUSTAFAhacker67 logged in 206.42.124.110
[07-26 17:40:27]: [FINE] The user manansaleh2007 has 3 accounts:
[07-26 17:40:27]: [FINE] §7hanansaleh, §amanansaleh2007§7, .wirycircle3938.
[07-26 17:40:27]: [FINE] manansaleh2007 logged in 39.37.141.42
[07-26 17:47:37]: [FINE] The user azansalehhh has 2 accounts:
[07-26 17:47:37]: [FINE] §7§aazansalehhh§7, nightmaredady.
[07-26 17:47:37]: [FINE] azansalehhh logged in 119.73.121.86
[07-26 18:07:45]: [FINE] The user hanansaleh has 3 accounts:
[07-26 18:07:45]: [FINE] §7§ahanansaleh§7, §amanansaleh2007§7, .wirycircle3938.
[07-26 18:07:45]: [FINE] hanansaleh logged in 39.37.141.42
[07-26 18:17:50]: [INFO] AuthMe 6.0.0-b2734 disabled!
[07-26 18:18:34]: [INFO] SQLite Setup finished
[07-26 18:18:34]: [INFO] Hooked into LuckPerms!
[07-26 18:18:34]: [INFO] Hooked successfully into Essentials
[07-26 18:18:34]: [INFO] Essentials spawn file not found: '/server/plugins/Essentials/spawn.yml'
[07-26 18:18:34]: [WARN] WARNING! The protectInventory feature requires PacketEvents! Disabling it...
[07-26 18:18:34]: [INFO] AuthMe 6.0.0 build n.2734 successfully enabled!
[07-26 18:18:42]: [INFO] Downloading GEO IP database, because the old database is older than 30 days or doesn't exist
[07-26 18:18:42]: [WARN] No MaxMind credentials found in the configuration file! GeoIp protections will be disabled.
[07-26 18:18:42]: [INFO] There is no newer GEO IP database uploaded to MaxMind. Using the old one for now.
[07-26 18:18:42]: [WARN] Could not download GeoLiteAPI database [FileNotFoundException]: plugins/AuthMe/GeoLite2-Country.mmdb (No such file or directory)
[07-26 18:18:42]: java.io.FileNotFoundException: plugins/AuthMe/GeoLite2-Country.mmdb (No such file or directory)
	at java.base/java.io.RandomAccessFile.open0(Native Method)
	at java.base/java.io.RandomAccessFile.open(RandomAccessFile.java:338)
	at java.base/java.io.RandomAccessFile.<init>(RandomAccessFile.java:257)
	at java.base/java.io.RandomAccessFile.<init>(RandomAccessFile.java:211)
	at com.maxmind.db.BufferHolder.<init>(BufferHolder.java:19)
	at com.maxmind.db.Reader.<init>(Reader.java:119)
	at com.maxmind.geoip2.DatabaseReader.<init>(DatabaseReader.java:106)
	at com.maxmind.geoip2.DatabaseReader$Builder.build(DatabaseReader.java:238)
	at AuthMe-6.0.0-Spigot-1.21.jar//fr.xephi.authme.service.GeoIpService.startReading(GeoIpService.java:183)
	at AuthMe-6.0.0-Spigot-1.21.jar//fr.xephi.authme.service.GeoIpService.updateDatabase(GeoIpService.java:150)
	at org.bukkit.craftbukkit.scheduler.CraftTask.run(CraftTask.java:78)
	at org.bukkit.craftbukkit.scheduler.CraftAsyncTask.run(CraftAsyncTask.java:57)
	at com.destroystokyo.paper.ServerSchedulerReportingWrapper.run(ServerSchedulerReportingWrapper.java:22)
	at java.base/java.util.concurrent.ThreadPoolExecutor.runWorker(ThreadPoolExecutor.java:1090)
	at java.base/java.util.concurrent.ThreadPoolExecutor$Worker.run(ThreadPoolExecutor.java:614)
	at java.base/java.lang.Thread.run(Thread.java:1474)

[07-26 18:18:44]: [FINE] The user hanansaleh has 3 accounts:
[07-26 18:18:44]: [FINE] §7§ahanansaleh§7, manansaleh2007, .wirycircle3938.
[07-26 18:18:44]: [FINE] hanansaleh logged in 39.37.141.42
[07-26 18:24:50]: [FINE] The user manansaleh2007 has 3 accounts:
[07-26 18:24:50]: [FINE] §7§ahanansaleh§7, §amanansaleh2007§7, .wirycircle3938.
[07-26 18:24:50]: [FINE] manansaleh2007 logged in 39.37.141.42
[07-26 18:26:32]: [INFO] AuthMe 6.0.0-b2734 disabled!
[07-26 18:27:19]: [INFO] SQLite Setup finished
[07-26 18:27:19]: [INFO] Hooked into LuckPerms!
[07-26 18:27:20]: [INFO] Hooked successfully into Essentials
[07-26 18:27:20]: [INFO] Essentials spawn file not found: '/server/plugins/Essentials/spawn.yml'
[07-26 18:27:20]: [WARN] WARNING! The protectInventory feature requires PacketEvents! Disabling it...
[07-26 18:27:20]: [INFO] AuthMe 6.0.0 build n.2734 successfully enabled!
[07-26 18:27:30]: [INFO] Downloading GEO IP database, because the old database is older than 30 days or doesn't exist
[07-26 18:27:30]: [WARN] No MaxMind credentials found in the configuration file! GeoIp protections will be disabled.
[07-26 18:27:30]: [INFO] There is no newer GEO IP database uploaded to MaxMind. Using the old one for now.
[07-26 18:27:30]: [WARN] Could not download GeoLiteAPI database [FileNotFoundException]: plugins/AuthMe/GeoLite2-Country.mmdb (No such file or directory)
[07-26 18:27:30]: java.io.FileNotFoundException: plugins/AuthMe/GeoLite2-Country.mmdb (No such file or directory)
	at java.base/java.io.RandomAccessFile.open0(Native Method)
	at java.base/java.io.RandomAccessFile.open(RandomAccessFile.java:338)
	at java.base/java.io.RandomAccessFile.<init>(RandomAccessFile.java:257)
	at java.base/java.io.RandomAccessFile.<init>(RandomAccessFile.java:211)
	at com.maxmind.db.BufferHolder.<init>(BufferHolder.java:19)
	at com.maxmind.db.Reader.<init>(Reader.java:119)
	at com.maxmind.geoip2.DatabaseReader.<init>(DatabaseReader.java:106)
	at com.maxmind.geoip2.DatabaseReader$Builder.build(DatabaseReader.java:238)
	at AuthMe-6.0.0-Spigot-1.21.jar//fr.xephi.authme.service.GeoIpService.startReading(GeoIpService.java:183)
	at AuthMe-6.0.0-Spigot-1.21.jar//fr.xephi.authme.service.GeoIpService.updateDatabase(GeoIpService.java:150)
	at org.bukkit.craftbukkit.scheduler.CraftTask.run(CraftTask.java:78)
	at org.bukkit.craftbukkit.scheduler.CraftAsyncTask.run(CraftAsyncTask.java:57)
	at com.destroystokyo.paper.ServerSchedulerReportingWrapper.run(ServerSchedulerReportingWrapper.java:22)
	at java.base/java.util.concurrent.ThreadPoolExecutor.runWorker(ThreadPoolExecutor.java:1090)
	at java.base/java.util.concurrent.ThreadPoolExecutor$Worker.run(ThreadPoolExecutor.java:614)
	at java.base/java.lang.Thread.run(Thread.java:1474)

[07-26 18:27:40]: [FINE] The user manansaleh2007 has 3 accounts:
[07-26 18:27:40]: [FINE] §7hanansaleh, §amanansaleh2007§7, .wirycircle3938.
[07-26 18:27:40]: [FINE] manansaleh2007 logged in 39.37.141.42
[07-26 18:27:53]: [FINE] The user hanansaleh has 3 accounts:
[07-26 18:27:53]: [FINE] §7§ahanansaleh§7, §amanansaleh2007§7, .wirycircle3938.
[07-26 18:27:53]: [FINE] hanansaleh logged in 39.37.141.42
[07-26 18:37:54]: [FINE] The user hanansaleh has 3 accounts:
[07-26 18:37:54]: [FINE] §7§ahanansaleh§7, §amanansaleh2007§7, .wirycircle3938.
[07-26 18:37:54]: [FINE] hanansaleh logged in 39.37.141.42
[07-26 18:55:18]: [INFO] AuthMe 6.0.0-b2734 disabled!
[07-26 18:56:03]: [INFO] SQLite Setup finished
[07-26 18:56:04]: [INFO] Hooked into LuckPerms!
[07-26 18:56:04]: [INFO] Hooked successfully into Essentials
[07-26 18:56:04]: [INFO] Essentials spawn file not found: '/server/plugins/Essentials/spawn.yml'
[07-26 18:56:04]: [WARN] WARNING! The protectInventory feature requires PacketEvents! Disabling it...
[07-26 18:56:04]: [INFO] AuthMe 6.0.0 build n.2734 successfully enabled!
[07-26 18:56:12]: [INFO] Downloading GEO IP database, because the old database is older than 30 days or doesn't exist
[07-26 18:56:12]: [WARN] No MaxMind credentials found in the configuration file! GeoIp protections will be disabled.
[07-26 18:56:12]: [INFO] There is no newer GEO IP database uploaded to MaxMind. Using the old one for now.
[07-26 18:56:12]: [WARN] Could not download GeoLiteAPI database [FileNotFoundException]: plugins/AuthMe/GeoLite2-Country.mmdb (No such file or directory)
[07-26 18:56:12]: java.io.FileNotFoundException: plugins/AuthMe/GeoLite2-Country.mmdb (No such file or directory)
	at java.base/java.io.RandomAccessFile.open0(Native Method)
	at java.base/java.io.RandomAccessFile.open(RandomAccessFile.java:338)
	at java.base/java.io.RandomAccessFile.<init>(RandomAccessFile.java:257)
	at java.base/java.io.RandomAccessFile.<init>(RandomAccessFile.java:211)
	at com.maxmind.db.BufferHolder.<init>(BufferHolder.java:19)
	at com.maxmind.db.Reader.<init>(Reader.java:119)
	at com.maxmind.geoip2.DatabaseReader.<init>(DatabaseReader.java:106)
	at com.maxmind.geoip2.DatabaseReader$Builder.build(DatabaseReader.java:238)
	at AuthMe-6.0.0-Spigot-1.21.jar//fr.xephi.authme.service.GeoIpService.startReading(GeoIpService.java:183)
	at AuthMe-6.0.0-Spigot-1.21.jar//fr.xephi.authme.service.GeoIpService.updateDatabase(GeoIpService.java:150)
	at org.bukkit.craftbukkit.scheduler.CraftTask.run(CraftTask.java:78)
	at org.bukkit.craftbukkit.scheduler.CraftAsyncTask.run(CraftAsyncTask.java:57)
	at com.destroystokyo.paper.ServerSchedulerReportingWrapper.run(ServerSchedulerReportingWrapper.java:22)
	at java.base/java.util.concurrent.ThreadPoolExecutor.runWorker(ThreadPoolExecutor.java:1090)
	at java.base/java.util.concurrent.ThreadPoolExecutor$Worker.run(ThreadPoolExecutor.java:614)
	at java.base/java.lang.Thread.run(Thread.java:1474)

[07-26 18:56:41]: [FINE] The user manansaleh2007 has 3 accounts:
[07-26 18:56:41]: [FINE] §7hanansaleh, §amanansaleh2007§7, .wirycircle3938.
[07-26 18:56:41]: [FINE] manansaleh2007 logged in 39.37.141.42
[07-26 18:58:30]: [FINE] The user hanansaleh has 3 accounts:
[07-26 18:58:30]: [FINE] §7§ahanansaleh§7, §amanansaleh2007§7, .wirycircle3938.
[07-26 18:58:31]: [FINE] hanansaleh logged in 39.37.141.42
[07-26 19:06:17]: [INFO] AuthMe 6.0.0-b2734 disabled!
[07-26 19:07:03]: [INFO] SQLite Setup finished
[07-26 19:07:03]: [INFO] Hooked into LuckPerms!
[07-26 19:07:03]: [INFO] Hooked successfully into Essentials
[07-26 19:07:03]: [INFO] Essentials spawn file not found: '/server/plugins/Essentials/spawn.yml'
[07-26 19:07:03]: [WARN] WARNING! The protectInventory feature requires PacketEvents! Disabling it...
[07-26 19:07:03]: [INFO] AuthMe 6.0.0 build n.2734 successfully enabled!
[07-26 19:07:10]: [INFO] Downloading GEO IP database, because the old database is older than 30 days or doesn't exist
[07-26 19:07:10]: [WARN] No MaxMind credentials found in the configuration file! GeoIp protections will be disabled.
[07-26 19:07:10]: [INFO] There is no newer GEO IP database uploaded to MaxMind. Using the old one for now.
[07-26 19:07:10]: [WARN] Could not download GeoLiteAPI database [FileNotFoundException]: plugins/AuthMe/GeoLite2-Country.mmdb (No such file or directory)
[07-26 19:07:10]: java.io.FileNotFoundException: plugins/AuthMe/GeoLite2-Country.mmdb (No such file or directory)
	at java.base/java.io.RandomAccessFile.open0(Native Method)
	at java.base/java.io.RandomAccessFile.open(RandomAccessFile.java:338)
	at java.base/java.io.RandomAccessFile.<init>(RandomAccessFile.java:257)
	at java.base/java.io.RandomAccessFile.<init>(RandomAccessFile.java:211)
	at com.maxmind.db.BufferHolder.<init>(BufferHolder.java:19)
	at com.maxmind.db.Reader.<init>(Reader.java:119)
	at com.maxmind.geoip2.DatabaseReader.<init>(DatabaseReader.java:106)
	at com.maxmind.geoip2.DatabaseReader$Builder.build(DatabaseReader.java:238)
	at AuthMe-6.0.0-Spigot-1.21.jar//fr.xephi.authme.service.GeoIpService.startReading(GeoIpService.java:183)
	at AuthMe-6.0.0-Spigot-1.21.jar//fr.xephi.authme.service.GeoIpService.updateDatabase(GeoIpService.java:150)
	at org.bukkit.craftbukkit.scheduler.CraftTask.run(CraftTask.java:78)
	at org.bukkit.craftbukkit.scheduler.CraftAsyncTask.run(CraftAsyncTask.java:57)
	at com.destroystokyo.paper.ServerSchedulerReportingWrapper.run(ServerSchedulerReportingWrapper.java:22)
	at java.base/java.util.concurrent.ThreadPoolExecutor.runWorker(ThreadPoolExecutor.java:1090)
	at java.base/java.util.concurrent.ThreadPoolExecutor$Worker.run(ThreadPoolExecutor.java:614)
	at java.base/java.lang.Thread.run(Thread.java:1474)

[07-26 19:07:20]: [FINE] The user hanansaleh has 3 accounts:
[07-26 19:07:20]: [FINE] §7§ahanansaleh§7, manansaleh2007, .wirycircle3938.
[07-26 19:07:20]: [FINE] hanansaleh logged in 39.37.141.42
[07-26 19:08:09]: [FINE] The user manansaleh2007 has 3 accounts:
[07-26 19:08:09]: [FINE] §7§ahanansaleh§7, §amanansaleh2007§7, .wirycircle3938.
[07-26 19:08:09]: [FINE] manansaleh2007 logged in 39.37.141.42
[07-26 19:10:41]: [FINE] .WiryCircle3938 logged in 39.60.247.28
[07-26 19:12:08]: [INFO] AuthMe 6.0.0-b2734 disabled!
[07-26 19:13:01]: [INFO] SQLite Setup finished
[07-26 19:13:01]: [INFO] Hooked into LuckPerms!
[07-26 19:13:01]: [INFO] Hooked successfully into Essentials
[07-26 19:13:01]: [INFO] Essentials spawn file not found: '/server/plugins/Essentials/spawn.yml'
[07-26 19:13:01]: [WARN] WARNING! The protectInventory feature requires PacketEvents! Disabling it...
[07-26 19:13:01]: [INFO] AuthMe 6.0.0 build n.2734 successfully enabled!
[07-26 19:13:10]: [INFO] Downloading GEO IP database, because the old database is older than 30 days or doesn't exist
[07-26 19:13:10]: [WARN] No MaxMind credentials found in the configuration file! GeoIp protections will be disabled.
[07-26 19:13:10]: [INFO] There is no newer GEO IP database uploaded to MaxMind. Using the old one for now.
[07-26 19:13:10]: [WARN] Could not download GeoLiteAPI database [FileNotFoundException]: plugins/AuthMe/GeoLite2-Country.mmdb (No such file or directory)
[07-26 19:13:10]: java.io.FileNotFoundException: plugins/AuthMe/GeoLite2-Country.mmdb (No such file or directory)
	at java.base/java.io.RandomAccessFile.open0(Native Method)
	at java.base/java.io.RandomAccessFile.open(RandomAccessFile.java:338)
	at java.base/java.io.RandomAccessFile.<init>(RandomAccessFile.java:257)
	at java.base/java.io.RandomAccessFile.<init>(RandomAccessFile.java:211)
	at com.maxmind.db.BufferHolder.<init>(BufferHolder.java:19)
	at com.maxmind.db.Reader.<init>(Reader.java:119)
	at com.maxmind.geoip2.DatabaseReader.<init>(DatabaseReader.java:106)
	at com.maxmind.geoip2.DatabaseReader$Builder.build(DatabaseReader.java:238)
	at AuthMe-6.0.0-Spigot-1.21.jar//fr.xephi.authme.service.GeoIpService.startReading(GeoIpService.java:183)
	at AuthMe-6.0.0-Spigot-1.21.jar//fr.xephi.authme.service.GeoIpService.updateDatabase(GeoIpService.java:150)
	at org.bukkit.craftbukkit.scheduler.CraftTask.run(CraftTask.java:78)
	at org.bukkit.craftbukkit.scheduler.CraftAsyncTask.run(CraftAsyncTask.java:57)
	at com.destroystokyo.paper.ServerSchedulerReportingWrapper.run(ServerSchedulerReportingWrapper.java:22)
	at java.base/java.util.concurrent.ThreadPoolExecutor.runWorker(ThreadPoolExecutor.java:1090)
	at java.base/java.util.concurrent.ThreadPoolExecutor$Worker.run(ThreadPoolExecutor.java:614)
	at java.base/java.lang.Thread.run(Thread.java:1474)

[07-26 19:13:28]: [FINE] The user manansaleh2007 has 2 accounts:
[07-26 19:13:28]: [FINE] §7hanansaleh, §amanansaleh2007§7.
[07-26 19:13:28]: [FINE] manansaleh2007 logged in 39.37.141.42
[07-26 19:18:44]: [FINE] The user hanansaleh has 2 accounts:
[07-26 19:18:44]: [FINE] §7§ahanansaleh§7, §amanansaleh2007§7.
[07-26 19:18:44]: [FINE] hanansaleh logged in 39.37.141.42
[07-26 19:23:31]: [FINE] The user hanansaleh has 2 accounts:
[07-26 19:23:31]: [FINE] §7§ahanansaleh§7, §amanansaleh2007§7.
[07-26 19:23:31]: [FINE] hanansaleh logged in 39.37.141.42
[07-26 19:31:28]: [INFO] AuthMe 6.0.0-b2734 disabled!
[07-26 19:32:16]: [INFO] SQLite Setup finished
[07-26 19:32:16]: [INFO] Hooked into LuckPerms!
[07-26 19:32:16]: [INFO] Hooked successfully into Essentials
[07-26 19:32:16]: [INFO] Essentials spawn file not found: '/server/plugins/Essentials/spawn.yml'
[07-26 19:32:16]: [WARN] WARNING! The protectInventory feature requires PacketEvents! Disabling it...
[07-26 19:32:16]: [INFO] AuthMe 6.0.0 build n.2734 successfully enabled!
[07-26 19:32:24]: [INFO] Downloading GEO IP database, because the old database is older than 30 days or doesn't exist
[07-26 19:32:24]: [WARN] No MaxMind credentials found in the configuration file! GeoIp protections will be disabled.
[07-26 19:32:24]: [INFO] There is no newer GEO IP database uploaded to MaxMind. Using the old one for now.
[07-26 19:32:24]: [WARN] Could not download GeoLiteAPI database [FileNotFoundException]: plugins/AuthMe/GeoLite2-Country.mmdb (No such file or directory)
[07-26 19:32:24]: java.io.FileNotFoundException: plugins/AuthMe/GeoLite2-Country.mmdb (No such file or directory)
	at java.base/java.io.RandomAccessFile.open0(Native Method)
	at java.base/java.io.RandomAccessFile.open(RandomAccessFile.java:338)
	at java.base/java.io.RandomAccessFile.<init>(RandomAccessFile.java:257)
	at java.base/java.io.RandomAccessFile.<init>(RandomAccessFile.java:211)
	at com.maxmind.db.BufferHolder.<init>(BufferHolder.java:19)
	at com.maxmind.db.Reader.<init>(Reader.java:119)
	at com.maxmind.geoip2.DatabaseReader.<init>(DatabaseReader.java:106)
	at com.maxmind.geoip2.DatabaseReader$Builder.build(DatabaseReader.java:238)
	at AuthMe-6.0.0-Spigot-1.21.jar//fr.xephi.authme.service.GeoIpService.startReading(GeoIpService.java:183)
	at AuthMe-6.0.0-Spigot-1.21.jar//fr.xephi.authme.service.GeoIpService.updateDatabase(GeoIpService.java:150)
	at org.bukkit.craftbukkit.scheduler.CraftTask.run(CraftTask.java:78)
	at org.bukkit.craftbukkit.scheduler.CraftAsyncTask.run(CraftAsyncTask.java:57)
	at com.destroystokyo.paper.ServerSchedulerReportingWrapper.run(ServerSchedulerReportingWrapper.java:22)
	at java.base/java.util.concurrent.ThreadPoolExecutor.runWorker(ThreadPoolExecutor.java:1090)
	at java.base/java.util.concurrent.ThreadPoolExecutor$Worker.run(ThreadPoolExecutor.java:614)
	at java.base/java.lang.Thread.run(Thread.java:1474)

[07-26 19:32:29]: [FINE] The user hanansaleh has 2 accounts:
[07-26 19:32:29]: [FINE] §7§ahanansaleh§7, manansaleh2007.
[07-26 19:32:29]: [FINE] hanansaleh logged in 39.37.141.42
[07-26 19:32:35]: [FINE] The user manansaleh2007 has 2 accounts:
[07-26 19:32:35]: [FINE] §7§ahanansaleh§7, §amanansaleh2007§7.
[07-26 19:32:35]: [FINE] manansaleh2007 logged in 39.37.141.42
[07-26 19:39:18]: [FINE] .Msaleh2007 registered 39.37.141.42
[07-26 19:39:18]: [FINE] The user .Msaleh2007 has 3 accounts:
[07-26 19:39:18]: [FINE] §7§ahanansaleh§7, §amanansaleh2007§7, §a.Msaleh2007§7.
[07-26 19:39:18]: [FINE] .Msaleh2007 logged in 39.37.141.42
[07-26 19:43:24]: [INFO] AuthMe 6.0.0-b2734 disabled!
[07-26 19:44:12]: [INFO] SQLite Setup finished
[07-26 19:44:12]: [INFO] Hooked into LuckPerms!
[07-26 19:44:12]: [INFO] Hooked successfully into Essentials
[07-26 19:44:12]: [INFO] Essentials spawn file not found: '/server/plugins/Essentials/spawn.yml'
[07-26 19:44:12]: [WARN] WARNING! The protectInventory feature requires PacketEvents! Disabling it...
[07-26 19:44:13]: [INFO] AuthMe 6.0.0 build n.2734 successfully enabled!
[07-26 19:44:22]: [INFO] Downloading GEO IP database, because the old database is older than 30 days or doesn't exist
[07-26 19:44:22]: [WARN] No MaxMind credentials found in the configuration file! GeoIp protections will be disabled.
[07-26 19:44:22]: [INFO] There is no newer GEO IP database uploaded to MaxMind. Using the old one for now.
[07-26 19:44:22]: [WARN] Could not download GeoLiteAPI database [FileNotFoundException]: plugins/AuthMe/GeoLite2-Country.mmdb (No such file or directory)
[07-26 19:44:22]: java.io.FileNotFoundException: plugins/AuthMe/GeoLite2-Country.mmdb (No such file or directory)
	at java.base/java.io.RandomAccessFile.open0(Native Method)
	at java.base/java.io.RandomAccessFile.open(RandomAccessFile.java:338)
	at java.base/java.io.RandomAccessFile.<init>(RandomAccessFile.java:257)
	at java.base/java.io.RandomAccessFile.<init>(RandomAccessFile.java:211)
	at com.maxmind.db.BufferHolder.<init>(BufferHolder.java:19)
	at com.maxmind.db.Reader.<init>(Reader.java:119)
	at com.maxmind.geoip2.DatabaseReader.<init>(DatabaseReader.java:106)
	at com.maxmind.geoip2.DatabaseReader$Builder.build(DatabaseReader.java:238)
	at AuthMe-6.0.0-Spigot-1.21.jar//fr.xephi.authme.service.GeoIpService.startReading(GeoIpService.java:183)
	at AuthMe-6.0.0-Spigot-1.21.jar//fr.xephi.authme.service.GeoIpService.updateDatabase(GeoIpService.java:150)
	at org.bukkit.craftbukkit.scheduler.CraftTask.run(CraftTask.java:78)
	at org.bukkit.craftbukkit.scheduler.CraftAsyncTask.run(CraftAsyncTask.java:57)
	at com.destroystokyo.paper.ServerSchedulerReportingWrapper.run(ServerSchedulerReportingWrapper.java:22)
	at java.base/java.util.concurrent.ThreadPoolExecutor.runWorker(ThreadPoolExecutor.java:1090)
	at java.base/java.util.concurrent.ThreadPoolExecutor$Worker.run(ThreadPoolExecutor.java:614)
	at java.base/java.lang.Thread.run(Thread.java:1474)

[07-26 19:44:31]: [FINE] The user hanansaleh has 3 accounts:
[07-26 19:44:31]: [FINE] §7§ahanansaleh§7, manansaleh2007, .msaleh2007.
[07-26 19:44:31]: [FINE] hanansaleh logged in 39.37.141.42
[07-26 19:44:48]: [FINE] The user manansaleh2007 has 3 accounts:
[07-26 19:44:48]: [FINE] §7§ahanansaleh§7, §amanansaleh2007§7, .msaleh2007.
[07-26 19:44:48]: [FINE] manansaleh2007 logged in 39.37.141.42
[07-26 19:47:00]: [FINE] The user hanansaleh has 3 accounts:
[07-26 19:47:00]: [FINE] §7§ahanansaleh§7, §amanansaleh2007§7, .msaleh2007.
[07-26 19:47:00]: [FINE] hanansaleh logged in 39.37.141.42
[07-26 19:57:31]: [FINE] The user hanansaleh has 3 accounts:
[07-26 19:57:31]: [FINE] §7§ahanansaleh§7, §amanansaleh2007§7, .msaleh2007.
[07-26 19:57:31]: [FINE] hanansaleh logged in 39.37.141.42
[07-26 20:15:01]: [FINE] The user hanansaleh has 3 accounts:
[07-26 20:15:01]: [FINE] §7§ahanansaleh§7, §amanansaleh2007§7, .msaleh2007.
[07-26 20:15:01]: [FINE] hanansaleh logged in 39.37.141.42
[07-26 20:16:11]: [FINE] The user hanansaleh has 3 accounts:
[07-26 20:16:11]: [FINE] §7§ahanansaleh§7, §amanansaleh2007§7, .msaleh2007.
[07-26 20:16:11]: [FINE] hanansaleh logged in 39.37.141.42
[07-26 20:33:10]: [INFO] AuthMe 6.0.0-b2734 disabled!
[07-26 20:44:30]: [INFO] SQLite Setup finished
[07-26 20:44:30]: [INFO] Hooked into LuckPerms!
[07-26 20:44:30]: [INFO] Hooked successfully into Essentials
[07-26 20:44:30]: [INFO] Essentials spawn file not found: '/server/plugins/Essentials/spawn.yml'
[07-26 20:44:30]: [WARN] WARNING! The protectInventory feature requires PacketEvents! Disabling it...
[07-26 20:44:30]: [INFO] AuthMe 6.0.0 build n.2734 successfully enabled!
[07-26 20:44:38]: [INFO] Downloading GEO IP database, because the old database is older than 30 days or doesn't exist
[07-26 20:44:38]: [WARN] No MaxMind credentials found in the configuration file! GeoIp protections will be disabled.
[07-26 20:44:38]: [INFO] There is no newer GEO IP database uploaded to MaxMind. Using the old one for now.
[07-26 20:44:39]: [WARN] Could not download GeoLiteAPI database [FileNotFoundException]: plugins/AuthMe/GeoLite2-Country.mmdb (No such file or directory)
[07-26 20:44:39]: java.io.FileNotFoundException: plugins/AuthMe/GeoLite2-Country.mmdb (No such file or directory)
	at java.base/java.io.RandomAccessFile.open0(Native Method)
	at java.base/java.io.RandomAccessFile.open(RandomAccessFile.java:338)
	at java.base/java.io.RandomAccessFile.<init>(RandomAccessFile.java:257)
	at java.base/java.io.RandomAccessFile.<init>(RandomAccessFile.java:211)
	at com.maxmind.db.BufferHolder.<init>(BufferHolder.java:19)
	at com.maxmind.db.Reader.<init>(Reader.java:119)
	at com.maxmind.geoip2.DatabaseReader.<init>(DatabaseReader.java:106)
	at com.maxmind.geoip2.DatabaseReader$Builder.build(DatabaseReader.java:238)
	at AuthMe-6.0.0-Spigot-1.21.jar//fr.xephi.authme.service.GeoIpService.startReading(GeoIpService.java:183)
	at AuthMe-6.0.0-Spigot-1.21.jar//fr.xephi.authme.service.GeoIpService.updateDatabase(GeoIpService.java:150)
	at org.bukkit.craftbukkit.scheduler.CraftTask.run(CraftTask.java:78)
	at org.bukkit.craftbukkit.scheduler.CraftAsyncTask.run(CraftAsyncTask.java:57)
	at com.destroystokyo.paper.ServerSchedulerReportingWrapper.run(ServerSchedulerReportingWrapper.java:22)
	at java.base/java.util.concurrent.ThreadPoolExecutor.runWorker(ThreadPoolExecutor.java:1090)
	at java.base/java.util.concurrent.ThreadPoolExecutor$Worker.run(ThreadPoolExecutor.java:614)
	at java.base/java.lang.Thread.run(Thread.java:1474)

[07-26 20:44:59]: [FINE] The user manansaleh2007 has 3 accounts:
[07-26 20:44:59]: [FINE] §7hanansaleh, §amanansaleh2007§7, .msaleh2007.
[07-26 20:44:59]: [FINE] manansaleh2007 logged in 39.37.141.42
[07-26 20:53:28]: [INFO] AuthMe 6.0.0-b2734 disabled!
[07-26 21:45:21]: [INFO] SQLite Setup finished
[07-26 21:45:21]: [INFO] Hooked into LuckPerms!
[07-26 21:45:21]: [INFO] Hooked successfully into Essentials
[07-26 21:45:21]: [INFO] Essentials spawn file not found: '/server/plugins/Essentials/spawn.yml'
[07-26 21:45:21]: [WARN] WARNING! The protectInventory feature requires PacketEvents! Disabling it...
[07-26 21:45:21]: [INFO] AuthMe 6.0.0 build n.2734 successfully enabled!
[07-26 21:45:33]: [INFO] Downloading GEO IP database, because the old database is older than 30 days or doesn't exist
[07-26 21:45:33]: [WARN] No MaxMind credentials found in the configuration file! GeoIp protections will be disabled.
[07-26 21:45:33]: [INFO] There is no newer GEO IP database uploaded to MaxMind. Using the old one for now.
[07-26 21:45:33]: [WARN] Could not download GeoLiteAPI database [FileNotFoundException]: plugins/AuthMe/GeoLite2-Country.mmdb (No such file or directory)
[07-26 21:45:33]: java.io.FileNotFoundException: plugins/AuthMe/GeoLite2-Country.mmdb (No such file or directory)
	at java.base/java.io.RandomAccessFile.open0(Native Method)
	at java.base/java.io.RandomAccessFile.open(RandomAccessFile.java:338)
	at java.base/java.io.RandomAccessFile.<init>(RandomAccessFile.java:257)
	at java.base/java.io.RandomAccessFile.<init>(RandomAccessFile.java:211)
	at com.maxmind.db.BufferHolder.<init>(BufferHolder.java:19)
	at com.maxmind.db.Reader.<init>(Reader.java:119)
	at com.maxmind.geoip2.DatabaseReader.<init>(DatabaseReader.java:106)
	at com.maxmind.geoip2.DatabaseReader$Builder.build(DatabaseReader.java:238)
	at AuthMe-6.0.0-Spigot-1.21.jar//fr.xephi.authme.service.GeoIpService.startReading(GeoIpService.java:183)
	at AuthMe-6.0.0-Spigot-1.21.jar//fr.xephi.authme.service.GeoIpService.updateDatabase(GeoIpService.java:150)
	at org.bukkit.craftbukkit.scheduler.CraftTask.run(CraftTask.java:78)
	at org.bukkit.craftbukkit.scheduler.CraftAsyncTask.run(CraftAsyncTask.java:57)
	at com.destroystokyo.paper.ServerSchedulerReportingWrapper.run(ServerSchedulerReportingWrapper.java:22)
	at java.base/java.util.concurrent.ThreadPoolExecutor.runWorker(ThreadPoolExecutor.java:1090)
	at java.base/java.util.concurrent.ThreadPoolExecutor$Worker.run(ThreadPoolExecutor.java:614)
	at java.base/java.lang.Thread.run(Thread.java:1474)

[07-26 21:47:21]: [FINE] The user .MUSTAFAhacker67 has 2 accounts:
[07-26 21:47:21]: [FINE] §7§a.MUSTAFAhacker67§7, .wirycircle3938.
[07-26 21:47:21]: [FINE] .MUSTAFAhacker67 logged in 39.60.247.28
[07-26 21:54:32]: [INFO] AuthMe 6.0.0-b2734 disabled!
[07-27 08:21:08]: [INFO] SQLite Setup finished
[07-27 08:21:08]: [INFO] Hooked into LuckPerms!
[07-27 08:21:08]: [INFO] Hooked successfully into Essentials
[07-27 08:21:08]: [INFO] Essentials spawn file not found: '/server/plugins/Essentials/spawn.yml'
[07-27 08:21:08]: [WARN] WARNING! The protectInventory feature requires PacketEvents! Disabling it...
[07-27 08:21:08]: [INFO] AuthMe 6.0.0 build n.2734 successfully enabled!
[07-27 08:21:14]: [INFO] Downloading GEO IP database, because the old database is older than 30 days or doesn't exist
[07-27 08:21:14]: [WARN] No MaxMind credentials found in the configuration file! GeoIp protections will be disabled.
[07-27 08:21:14]: [INFO] There is no newer GEO IP database uploaded to MaxMind. Using the old one for now.
[07-27 08:21:14]: [WARN] Could not download GeoLiteAPI database [FileNotFoundException]: plugins/AuthMe/GeoLite2-Country.mmdb (No such file or directory)
[07-27 08:21:14]: java.io.FileNotFoundException: plugins/AuthMe/GeoLite2-Country.mmdb (No such file or directory)
	at java.base/java.io.RandomAccessFile.open0(Native Method)
	at java.base/java.io.RandomAccessFile.open(RandomAccessFile.java:338)
	at java.base/java.io.RandomAccessFile.<init>(RandomAccessFile.java:257)
	at java.base/java.io.RandomAccessFile.<init>(RandomAccessFile.java:211)
	at com.maxmind.db.BufferHolder.<init>(BufferHolder.java:19)
	at com.maxmind.db.Reader.<init>(Reader.java:119)
	at com.maxmind.geoip2.DatabaseReader.<init>(DatabaseReader.java:106)
	at com.maxmind.geoip2.DatabaseReader$Builder.build(DatabaseReader.java:238)
	at AuthMe-6.0.0-Spigot-1.21.jar//fr.xephi.authme.service.GeoIpService.startReading(GeoIpService.java:183)
	at AuthMe-6.0.0-Spigot-1.21.jar//fr.xephi.authme.service.GeoIpService.updateDatabase(GeoIpService.java:150)
	at org.bukkit.craftbukkit.scheduler.CraftTask.run(CraftTask.java:78)
	at org.bukkit.craftbukkit.scheduler.CraftAsyncTask.run(CraftAsyncTask.java:57)
	at com.destroystokyo.paper.ServerSchedulerReportingWrapper.run(ServerSchedulerReportingWrapper.java:22)
	at java.base/java.util.concurrent.ThreadPoolExecutor.runWorker(ThreadPoolExecutor.java:1090)
	at java.base/java.util.concurrent.ThreadPoolExecutor$Worker.run(ThreadPoolExecutor.java:614)
	at java.base/java.lang.Thread.run(Thread.java:1474)

[07-27 08:21:28]: [FINE] The user manansaleh2007 has 3 accounts:
[07-27 08:21:28]: [FINE] §7hanansaleh, §amanansaleh2007§7, .msaleh2007.
[07-27 08:21:28]: [FINE] manansaleh2007 logged in 39.37.141.42
[07-27 08:24:06]: [FINE] .HastyBag7675 registered 156.70.178.235
[07-27 08:24:06]: [FINE] .HastyBag7675 logged in 156.70.178.235
[07-27 08:44:38]: [FINE] .HastyBag7675 logged in 156.70.178.235
[07-27 09:11:11]: [FINE] The user hanansaleh has 3 accounts:
[07-27 09:11:11]: [FINE] §7§ahanansaleh§7, §amanansaleh2007§7, .msaleh2007.
[07-27 09:11:11]: [FINE] hanansaleh logged in 39.37.141.42
[07-27 09:16:47]: [FINE] .HastyBag7675 logged in 156.70.178.235
[07-27 09:21:19]: [FINE] .HastyBag7675 logged in 156.70.178.235
[07-27 09:39:11]: [FINE] The user manansaleh2007 has 3 accounts:
[07-27 09:39:11]: [FINE] §7§ahanansaleh§7, §amanansaleh2007§7, .msaleh2007.
[07-27 09:39:11]: [FINE] manansaleh2007 logged in 39.37.141.42
[07-27 09:50:56]: [INFO] AuthMe 6.0.0-b2734 disabled!
[07-27 11:31:53]: [INFO] SQLite Setup finished
[07-27 11:31:53]: [INFO] Hooked into LuckPerms!
[07-27 11:31:53]: [INFO] Hooked successfully into Essentials
[07-27 11:31:53]: [INFO] Essentials spawn file not found: '/server/plugins/Essentials/spawn.yml'
[07-27 11:31:53]: [WARN] WARNING! The protectInventory feature requires PacketEvents! Disabling it...
[07-27 11:31:53]: [INFO] AuthMe 6.0.0 build n.2734 successfully enabled!
[07-27 11:32:00]: [INFO] Downloading GEO IP database, because the old database is older than 30 days or doesn't exist
[07-27 11:32:00]: [WARN] No MaxMind credentials found in the configuration file! GeoIp protections will be disabled.
[07-27 11:32:00]: [INFO] There is no newer GEO IP database uploaded to MaxMind. Using the old one for now.
[07-27 11:32:00]: [WARN] Could not download GeoLiteAPI database [FileNotFoundException]: plugins/AuthMe/GeoLite2-Country.mmdb (No such file or directory)
[07-27 11:32:00]: java.io.FileNotFoundException: plugins/AuthMe/GeoLite2-Country.mmdb (No such file or directory)
	at java.base/java.io.RandomAccessFile.open0(Native Method)
	at java.base/java.io.RandomAccessFile.open(RandomAccessFile.java:338)
	at java.base/java.io.RandomAccessFile.<init>(RandomAccessFile.java:257)
	at java.base/java.io.RandomAccessFile.<init>(RandomAccessFile.java:211)
	at com.maxmind.db.BufferHolder.<init>(BufferHolder.java:19)
	at com.maxmind.db.Reader.<init>(Reader.java:119)
	at com.maxmind.geoip2.DatabaseReader.<init>(DatabaseReader.java:106)
	at com.maxmind.geoip2.DatabaseReader$Builder.build(DatabaseReader.java:238)
	at AuthMe-6.0.0-Spigot-1.21.jar//fr.xephi.authme.service.GeoIpService.startReading(GeoIpService.java:183)
	at AuthMe-6.0.0-Spigot-1.21.jar//fr.xephi.authme.service.GeoIpService.updateDatabase(GeoIpService.java:150)
	at org.bukkit.craftbukkit.scheduler.CraftTask.run(CraftTask.java:78)
	at org.bukkit.craftbukkit.scheduler.CraftAsyncTask.run(CraftAsyncTask.java:57)
	at com.destroystokyo.paper.ServerSchedulerReportingWrapper.run(ServerSchedulerReportingWrapper.java:22)
	at java.base/java.util.concurrent.ThreadPoolExecutor.runWorker(ThreadPoolExecutor.java:1090)
	at java.base/java.util.concurrent.ThreadPoolExecutor$Worker.run(ThreadPoolExecutor.java:614)
	at java.base/java.lang.Thread.run(Thread.java:1474)

[07-27 11:32:09]: [FINE] The user manansaleh2007 has 3 accounts:
[07-27 11:32:09]: [FINE] §7hanansaleh, §amanansaleh2007§7, .msaleh2007.
[07-27 11:32:09]: [FINE] manansaleh2007 logged in 39.37.141.42
[07-27 15:15:08]: [INFO] AuthMe 6.0.0-b2734 disabled!
[07-27 18:55:19]: [INFO] SQLite Setup finished
[07-27 18:55:19]: [INFO] Hooked into LuckPerms!
[07-27 18:55:19]: [INFO] Hooked successfully into Essentials
[07-27 18:55:19]: [INFO] Essentials spawn file not found: '/server/plugins/Essentials/spawn.yml'
[07-27 18:55:19]: [WARN] WARNING! The protectInventory feature requires PacketEvents! Disabling it...
[07-27 18:55:19]: [INFO] AuthMe 6.0.0 build n.2734 successfully enabled!
[07-27 18:55:26]: [INFO] Downloading GEO IP database, because the old database is older than 30 days or doesn't exist
[07-27 18:55:26]: [WARN] No MaxMind credentials found in the configuration file! GeoIp protections will be disabled.
[07-27 18:55:26]: [INFO] There is no newer GEO IP database uploaded to MaxMind. Using the old one for now.
[07-27 18:55:26]: [WARN] Could not download GeoLiteAPI database [FileNotFoundException]: plugins/AuthMe/GeoLite2-Country.mmdb (No such file or directory)
[07-27 18:55:26]: java.io.FileNotFoundException: plugins/AuthMe/GeoLite2-Country.mmdb (No such file or directory)
	at java.base/java.io.RandomAccessFile.open0(Native Method)
	at java.base/java.io.RandomAccessFile.open(RandomAccessFile.java:338)
	at java.base/java.io.RandomAccessFile.<init>(RandomAccessFile.java:257)
	at java.base/java.io.RandomAccessFile.<init>(RandomAccessFile.java:211)
	at com.maxmind.db.BufferHolder.<init>(BufferHolder.java:19)
	at com.maxmind.db.Reader.<init>(Reader.java:119)
	at com.maxmind.geoip2.DatabaseReader.<init>(DatabaseReader.java:106)
	at com.maxmind.geoip2.DatabaseReader$Builder.build(DatabaseReader.java:238)
	at AuthMe-6.0.0-Spigot-1.21.jar//fr.xephi.authme.service.GeoIpService.startReading(GeoIpService.java:183)
	at AuthMe-6.0.0-Spigot-1.21.jar//fr.xephi.authme.service.GeoIpService.updateDatabase(GeoIpService.java:150)
	at org.bukkit.craftbukkit.scheduler.CraftTask.run(CraftTask.java:78)
	at org.bukkit.craftbukkit.scheduler.CraftAsyncTask.run(CraftAsyncTask.java:57)
	at com.destroystokyo.paper.ServerSchedulerReportingWrapper.run(ServerSchedulerReportingWrapper.java:22)
	at java.base/java.util.concurrent.ThreadPoolExecutor.runWorker(ThreadPoolExecutor.java:1090)
	at java.base/java.util.concurrent.ThreadPoolExecutor$Worker.run(ThreadPoolExecutor.java:614)
	at java.base/java.lang.Thread.run(Thread.java:1474)

[07-27 18:55:48]: [FINE] .HastyBag7675 logged in 156.70.178.235
[07-27 19:06:41]: [INFO] AuthMe 6.0.0-b2734 disabled!
[07-27 20:32:07]: [INFO] SQLite Setup finished
[07-27 20:32:07]: [INFO] Hooked into LuckPerms!
[07-27 20:32:07]: [INFO] Hooked successfully into Essentials
[07-27 20:32:07]: [INFO] Essentials spawn file not found: '/server/plugins/Essentials/spawn.yml'
[07-27 20:32:08]: [WARN] WARNING! The protectInventory feature requires PacketEvents! Disabling it...
[07-27 20:32:08]: [INFO] AuthMe 6.0.0 build n.2734 successfully enabled!
[07-27 20:32:15]: [INFO] Downloading GEO IP database, because the old database is older than 30 days or doesn't exist
[07-27 20:32:15]: [WARN] No MaxMind credentials found in the configuration file! GeoIp protections will be disabled.
[07-27 20:32:15]: [INFO] There is no newer GEO IP database uploaded to MaxMind. Using the old one for now.
[07-27 20:32:15]: [WARN] Could not download GeoLiteAPI database [FileNotFoundException]: plugins/AuthMe/GeoLite2-Country.mmdb (No such file or directory)
[07-27 20:32:15]: java.io.FileNotFoundException: plugins/AuthMe/GeoLite2-Country.mmdb (No such file or directory)
	at java.base/java.io.RandomAccessFile.open0(Native Method)
	at java.base/java.io.RandomAccessFile.open(RandomAccessFile.java:338)
	at java.base/java.io.RandomAccessFile.<init>(RandomAccessFile.java:257)
	at java.base/java.io.RandomAccessFile.<init>(RandomAccessFile.java:211)
	at com.maxmind.db.BufferHolder.<init>(BufferHolder.java:19)
	at com.maxmind.db.Reader.<init>(Reader.java:119)
	at com.maxmind.geoip2.DatabaseReader.<init>(DatabaseReader.java:106)
	at com.maxmind.geoip2.DatabaseReader$Builder.build(DatabaseReader.java:238)
	at AuthMe-6.0.0-Spigot-1.21.jar//fr.xephi.authme.service.GeoIpService.startReading(GeoIpService.java:183)
	at AuthMe-6.0.0-Spigot-1.21.jar//fr.xephi.authme.service.GeoIpService.updateDatabase(GeoIpService.java:150)
	at org.bukkit.craftbukkit.scheduler.CraftTask.run(CraftTask.java:78)
	at org.bukkit.craftbukkit.scheduler.CraftAsyncTask.run(CraftAsyncTask.java:57)
	at com.destroystokyo.paper.ServerSchedulerReportingWrapper.run(ServerSchedulerReportingWrapper.java:22)
	at java.base/java.util.concurrent.ThreadPoolExecutor.runWorker(ThreadPoolExecutor.java:1090)
	at java.base/java.util.concurrent.ThreadPoolExecutor$Worker.run(ThreadPoolExecutor.java:614)
	at java.base/java.lang.Thread.run(Thread.java:1474)

[07-27 20:32:31]: [FINE] The user manansaleh2007 has 3 accounts:
[07-27 20:32:31]: [FINE] §7hanansaleh, §amanansaleh2007§7, .msaleh2007.
[07-27 20:32:31]: [FINE] manansaleh2007 logged in 39.37.141.42
[07-27 21:15:37]: [FINE] The user manansaleh2007 has 3 accounts:
[07-27 21:15:37]: [FINE] §7hanansaleh, §amanansaleh2007§7, .msaleh2007.
[07-27 21:15:37]: [FINE] manansaleh2007 logged in 39.37.141.42
[07-27 21:41:33]: [INFO] AuthMe 6.0.0-b2734 disabled!
[07-27 21:59:21]: [INFO] SQLite Setup finished
[07-27 21:59:21]: [INFO] Hooked into LuckPerms!
[07-27 21:59:21]: [INFO] Hooked successfully into Essentials
[07-27 21:59:21]: [INFO] Essentials spawn file not found: '/server/plugins/Essentials/spawn.yml'
[07-27 21:59:21]: [WARN] WARNING! The protectInventory feature requires PacketEvents! Disabling it...
[07-27 21:59:21]: [INFO] AuthMe 6.0.0 build n.2734 successfully enabled!
[07-27 21:59:30]: [INFO] Downloading GEO IP database, because the old database is older than 30 days or doesn't exist
[07-27 21:59:30]: [WARN] No MaxMind credentials found in the configuration file! GeoIp protections will be disabled.
[07-27 21:59:30]: [INFO] There is no newer GEO IP database uploaded to MaxMind. Using the old one for now.
[07-27 21:59:30]: [WARN] Could not download GeoLiteAPI database [FileNotFoundException]: plugins/AuthMe/GeoLite2-Country.mmdb (No such file or directory)
[07-27 21:59:30]: java.io.FileNotFoundException: plugins/AuthMe/GeoLite2-Country.mmdb (No such file or directory)
	at java.base/java.io.RandomAccessFile.open0(Native Method)
	at java.base/java.io.RandomAccessFile.open(RandomAccessFile.java:338)
	at java.base/java.io.RandomAccessFile.<init>(RandomAccessFile.java:257)
	at java.base/java.io.RandomAccessFile.<init>(RandomAccessFile.java:211)
	at com.maxmind.db.BufferHolder.<init>(BufferHolder.java:19)
	at com.maxmind.db.Reader.<init>(Reader.java:119)
	at com.maxmind.geoip2.DatabaseReader.<init>(DatabaseReader.java:106)
	at com.maxmind.geoip2.DatabaseReader$Builder.build(DatabaseReader.java:238)
	at AuthMe-6.0.0-Spigot-1.21.jar//fr.xephi.authme.service.GeoIpService.startReading(GeoIpService.java:183)
	at AuthMe-6.0.0-Spigot-1.21.jar//fr.xephi.authme.service.GeoIpService.updateDatabase(GeoIpService.java:150)
	at org.bukkit.craftbukkit.scheduler.CraftTask.run(CraftTask.java:78)
	at org.bukkit.craftbukkit.scheduler.CraftAsyncTask.run(CraftAsyncTask.java:57)
	at com.destroystokyo.paper.ServerSchedulerReportingWrapper.run(ServerSchedulerReportingWrapper.java:22)
	at java.base/java.util.concurrent.ThreadPoolExecutor.runWorker(ThreadPoolExecutor.java:1090)
	at java.base/java.util.concurrent.ThreadPoolExecutor$Worker.run(ThreadPoolExecutor.java:614)
	at java.base/java.lang.Thread.run(Thread.java:1474)

[07-27 22:00:41]: [FINE] NightmareDady logged in 119.73.117.221
[07-27 22:05:02]: [FINE] The user .MUSTAFAhacker67 has 2 accounts:
[07-27 22:05:02]: [FINE] §7§a.MUSTAFAhacker67§7, .wirycircle3938.
[07-27 22:05:02]: [FINE] .MUSTAFAhacker67 logged in 39.60.247.28
[07-27 22:12:19]: [FINE] NightmareDady logged in 119.73.117.221
[07-27 22:33:04]: [INFO] SQLite Setup finished
[07-27 22:33:04]: [INFO] Hooked into LuckPerms!
[07-27 22:33:04]: [INFO] Hooked successfully into Essentials
[07-27 22:33:04]: [INFO] Essentials spawn file not found: '/server/plugins/Essentials/spawn.yml'
[07-27 22:33:04]: [WARN] WARNING! The protectInventory feature requires PacketEvents! Disabling it...
[07-27 22:33:04]: [INFO] AuthMe 6.0.0 build n.2734 successfully enabled!
[07-27 22:33:14]: [INFO] Downloading GEO IP database, because the old database is older than 30 days or doesn't exist
[07-27 22:33:14]: [WARN] No MaxMind credentials found in the configuration file! GeoIp protections will be disabled.
[07-27 22:33:14]: [INFO] There is no newer GEO IP database uploaded to MaxMind. Using the old one for now.
[07-27 22:33:14]: [WARN] Could not download GeoLiteAPI database [FileNotFoundException]: plugins/AuthMe/GeoLite2-Country.mmdb (No such file or directory)
[07-27 22:33:14]: java.io.FileNotFoundException: plugins/AuthMe/GeoLite2-Country.mmdb (No such file or directory)
	at java.base/java.io.RandomAccessFile.open0(Native Method)
	at java.base/java.io.RandomAccessFile.open(RandomAccessFile.java:338)
	at java.base/java.io.RandomAccessFile.<init>(RandomAccessFile.java:257)
	at java.base/java.io.RandomAccessFile.<init>(RandomAccessFile.java:211)
	at com.maxmind.db.BufferHolder.<init>(BufferHolder.java:19)
	at com.maxmind.db.Reader.<init>(Reader.java:119)
	at com.maxmind.geoip2.DatabaseReader.<init>(DatabaseReader.java:106)
	at com.maxmind.geoip2.DatabaseReader$Builder.build(DatabaseReader.java:238)
	at AuthMe-6.0.0-Spigot-1.21.jar//fr.xephi.authme.service.GeoIpService.startReading(GeoIpService.java:183)
	at AuthMe-6.0.0-Spigot-1.21.jar//fr.xephi.authme.service.GeoIpService.updateDatabase(GeoIpService.java:150)
	at org.bukkit.craftbukkit.scheduler.CraftTask.run(CraftTask.java:78)
	at org.bukkit.craftbukkit.scheduler.CraftAsyncTask.run(CraftAsyncTask.java:57)
	at com.destroystokyo.paper.ServerSchedulerReportingWrapper.run(ServerSchedulerReportingWrapper.java:22)
	at java.base/java.util.concurrent.ThreadPoolExecutor.runWorker(ThreadPoolExecutor.java:1090)
	at java.base/java.util.concurrent.ThreadPoolExecutor$Worker.run(ThreadPoolExecutor.java:614)
	at java.base/java.lang.Thread.run(Thread.java:1474)

[07-27 22:38:19]: [INFO] AuthMe 6.0.0-b2734 disabled!
[07-27 22:43:46]: [INFO] SQLite Setup finished
[07-27 22:43:47]: [INFO] Hooked into LuckPerms!
[07-27 22:43:47]: [INFO] Hooked successfully into Essentials
[07-27 22:43:47]: [INFO] Essentials spawn file not found: '/server/plugins/Essentials/spawn.yml'
[07-27 22:43:47]: [WARN] WARNING! The protectInventory feature requires PacketEvents! Disabling it...
[07-27 22:43:47]: [INFO] AuthMe 6.0.0 build n.2734 successfully enabled!
[07-27 22:43:54]: [INFO] Downloading GEO IP database, because the old database is older than 30 days or doesn't exist
[07-27 22:43:54]: [WARN] No MaxMind credentials found in the configuration file! GeoIp protections will be disabled.
[07-27 22:43:54]: [INFO] There is no newer GEO IP database uploaded to MaxMind. Using the old one for now.
[07-27 22:43:54]: [WARN] Could not download GeoLiteAPI database [FileNotFoundException]: plugins/AuthMe/GeoLite2-Country.mmdb (No such file or directory)
[07-27 22:43:54]: java.io.FileNotFoundException: plugins/AuthMe/GeoLite2-Country.mmdb (No such file or directory)
	at java.base/java.io.RandomAccessFile.open0(Native Method)
	at java.base/java.io.RandomAccessFile.open(RandomAccessFile.java:338)
	at java.base/java.io.RandomAccessFile.<init>(RandomAccessFile.java:257)
	at java.base/java.io.RandomAccessFile.<init>(RandomAccessFile.java:211)
	at com.maxmind.db.BufferHolder.<init>(BufferHolder.java:19)
	at com.maxmind.db.Reader.<init>(Reader.java:119)
	at com.maxmind.geoip2.DatabaseReader.<init>(DatabaseReader.java:106)
	at com.maxmind.geoip2.DatabaseReader$Builder.build(DatabaseReader.java:238)
	at AuthMe-6.0.0-Spigot-1.21.jar//fr.xephi.authme.service.GeoIpService.startReading(GeoIpService.java:183)
	at AuthMe-6.0.0-Spigot-1.21.jar//fr.xephi.authme.service.GeoIpService.updateDatabase(GeoIpService.java:150)
	at org.bukkit.craftbukkit.scheduler.CraftTask.run(CraftTask.java:78)
	at org.bukkit.craftbukkit.scheduler.CraftAsyncTask.run(CraftAsyncTask.java:57)
	at com.destroystokyo.paper.ServerSchedulerReportingWrapper.run(ServerSchedulerReportingWrapper.java:22)
	at java.base/java.util.concurrent.ThreadPoolExecutor.runWorker(ThreadPoolExecutor.java:1090)
	at java.base/java.util.concurrent.ThreadPoolExecutor$Worker.run(ThreadPoolExecutor.java:614)
	at java.base/java.lang.Thread.run(Thread.java:1474)

[07-27 22:44:03]: [FINE] NightmareDady logged in 119.73.117.221
[07-27 23:08:25]: [FINE] The user hanansaleh has 3 accounts:
[07-27 23:08:25]: [FINE] §7§ahanansaleh§7, manansaleh2007, .msaleh2007.
[07-27 23:08:25]: [FINE] hanansaleh logged in 39.37.141.42
[07-27 23:37:37]: [FINE] The user hanansaleh has 3 accounts:
[07-27 23:37:37]: [FINE] §7§ahanansaleh§7, manansaleh2007, .msaleh2007.
[07-27 23:37:37]: [FINE] hanansaleh logged in 39.37.141.42
[07-27 23:52:29]: [FINE] The user hanansaleh has 3 accounts:
[07-27 23:52:29]: [FINE] §7§ahanansaleh§7, manansaleh2007, .msaleh2007.
[07-27 23:52:29]: [FINE] hanansaleh logged in 39.37.141.42
[07-27 23:57:39]: [FINE] The user hanansaleh has 3 accounts:
[07-27 23:57:39]: [FINE] §7§ahanansaleh§7, manansaleh2007, .msaleh2007.
[07-27 23:57:39]: [FINE] hanansaleh logged in 39.37.141.42
[07-28 00:31:12]: [INFO] AuthMe 6.0.0-b2734 disabled!
[07-28 00:31:53]: [INFO] SQLite Setup finished
[07-28 00:31:53]: [INFO] Hooked into LuckPerms!
[07-28 00:31:53]: [INFO] Hooked successfully into Essentials
[07-28 00:31:53]: [INFO] Essentials spawn file not found: '/server/plugins/Essentials/spawn.yml'
[07-28 00:31:53]: [WARN] WARNING! The protectInventory feature requires PacketEvents! Disabling it...
[07-28 00:31:53]: [INFO] AuthMe 6.0.0 build n.2734 successfully enabled!
[07-28 00:32:00]: [INFO] Downloading GEO IP database, because the old database is older than 30 days or doesn't exist
[07-28 00:32:00]: [WARN] No MaxMind credentials found in the configuration file! GeoIp protections will be disabled.
[07-28 00:32:00]: [INFO] There is no newer GEO IP database uploaded to MaxMind. Using the old one for now.
[07-28 00:32:00]: [WARN] Could not download GeoLiteAPI database [FileNotFoundException]: plugins/AuthMe/GeoLite2-Country.mmdb (No such file or directory)
[07-28 00:32:00]: java.io.FileNotFoundException: plugins/AuthMe/GeoLite2-Country.mmdb (No such file or directory)
	at java.base/java.io.RandomAccessFile.open0(Native Method)
	at java.base/java.io.RandomAccessFile.open(RandomAccessFile.java:338)
	at java.base/java.io.RandomAccessFile.<init>(RandomAccessFile.java:257)
	at java.base/java.io.RandomAccessFile.<init>(RandomAccessFile.java:211)
	at com.maxmind.db.BufferHolder.<init>(BufferHolder.java:19)
	at com.maxmind.db.Reader.<init>(Reader.java:119)
	at com.maxmind.geoip2.DatabaseReader.<init>(DatabaseReader.java:106)
	at com.maxmind.geoip2.DatabaseReader$Builder.build(DatabaseReader.java:238)
	at AuthMe-6.0.0-Spigot-1.21.jar//fr.xephi.authme.service.GeoIpService.startReading(GeoIpService.java:183)
	at AuthMe-6.0.0-Spigot-1.21.jar//fr.xephi.authme.service.GeoIpService.updateDatabase(GeoIpService.java:150)
	at org.bukkit.craftbukkit.scheduler.CraftTask.run(CraftTask.java:78)
	at org.bukkit.craftbukkit.scheduler.CraftAsyncTask.run(CraftAsyncTask.java:57)
	at com.destroystokyo.paper.ServerSchedulerReportingWrapper.run(ServerSchedulerReportingWrapper.java:22)
	at java.base/java.util.concurrent.ThreadPoolExecutor.runWorker(ThreadPoolExecutor.java:1090)
	at java.base/java.util.concurrent.ThreadPoolExecutor$Worker.run(ThreadPoolExecutor.java:614)
	at java.base/java.lang.Thread.run(Thread.java:1474)

[07-28 00:32:18]: [FINE] The user hanansaleh has 3 accounts:
[07-28 00:32:18]: [FINE] §7§ahanansaleh§7, manansaleh2007, .msaleh2007.
[07-28 00:32:18]: [FINE] hanansaleh logged in 39.37.141.42
[07-28 00:39:01]: [INFO] AuthMe 6.0.0-b2734 disabled!
[07-28 09:36:36]: [INFO] SQLite Setup finished
[07-28 09:36:36]: [INFO] Hooked into LuckPerms!
[07-28 09:36:36]: [INFO] Hooked successfully into Essentials
[07-28 09:36:36]: [INFO] Essentials spawn file not found: '/server/plugins/Essentials/spawn.yml'
[07-28 09:36:36]: [WARN] WARNING! The protectInventory feature requires PacketEvents! Disabling it...
[07-28 09:36:36]: [INFO] AuthMe 6.0.0 build n.2734 successfully enabled!
[07-28 09:36:42]: [INFO] Downloading GEO IP database, because the old database is older than 30 days or doesn't exist
[07-28 09:36:42]: [WARN] No MaxMind credentials found in the configuration file! GeoIp protections will be disabled.
[07-28 09:36:42]: [INFO] There is no newer GEO IP database uploaded to MaxMind. Using the old one for now.
[07-28 09:36:42]: [WARN] Could not download GeoLiteAPI database [FileNotFoundException]: plugins/AuthMe/GeoLite2-Country.mmdb (No such file or directory)
[07-28 09:36:42]: java.io.FileNotFoundException: plugins/AuthMe/GeoLite2-Country.mmdb (No such file or directory)
	at java.base/java.io.RandomAccessFile.open0(Native Method)
	at java.base/java.io.RandomAccessFile.open(RandomAccessFile.java:338)
	at java.base/java.io.RandomAccessFile.<init>(RandomAccessFile.java:257)
	at java.base/java.io.RandomAccessFile.<init>(RandomAccessFile.java:211)
	at com.maxmind.db.BufferHolder.<init>(BufferHolder.java:19)
	at com.maxmind.db.Reader.<init>(Reader.java:119)
	at com.maxmind.geoip2.DatabaseReader.<init>(DatabaseReader.java:106)
	at com.maxmind.geoip2.DatabaseReader$Builder.build(DatabaseReader.java:238)
	at AuthMe-6.0.0-Spigot-1.21.jar//fr.xephi.authme.service.GeoIpService.startReading(GeoIpService.java:183)
	at AuthMe-6.0.0-Spigot-1.21.jar//fr.xephi.authme.service.GeoIpService.updateDatabase(GeoIpService.java:150)
	at org.bukkit.craftbukkit.scheduler.CraftTask.run(CraftTask.java:78)
	at org.bukkit.craftbukkit.scheduler.CraftAsyncTask.run(CraftAsyncTask.java:57)
	at com.destroystokyo.paper.ServerSchedulerReportingWrapper.run(ServerSchedulerReportingWrapper.java:22)
	at java.base/java.util.concurrent.ThreadPoolExecutor.runWorker(ThreadPoolExecutor.java:1090)
	at java.base/java.util.concurrent.ThreadPoolExecutor$Worker.run(ThreadPoolExecutor.java:614)
	at java.base/java.lang.Thread.run(Thread.java:1474)

[07-28 09:37:06]: [FINE] The user manansaleh2007 has 3 accounts:
[07-28 09:37:06]: [FINE] §7hanansaleh, §amanansaleh2007§7, .msaleh2007.
[07-28 09:37:06]: [FINE] manansaleh2007 logged in 39.37.141.42
[07-28 10:05:03]: [FINE] The user manansaleh2007 has 3 accounts:
[07-28 10:05:03]: [FINE] §7hanansaleh, §amanansaleh2007§7, .msaleh2007.
[07-28 10:05:03]: [FINE] manansaleh2007 logged in 39.37.141.42
[07-28 10:18:38]: [FINE] The user hanansaleh has 3 accounts:
[07-28 10:18:38]: [FINE] §7§ahanansaleh§7, §amanansaleh2007§7, .msaleh2007.
[07-28 10:18:38]: [FINE] hanansaleh logged in 39.37.141.42
[07-28 10:29:51]: [FINE] The user hanansaleh has 3 accounts:
[07-28 10:29:51]: [FINE] §7§ahanansaleh§7, §amanansaleh2007§7, .msaleh2007.
[07-28 10:29:51]: [FINE] hanansaleh logged in 39.37.141.42
[07-28 10:53:52]: [FINE] The user hanansaleh has 3 accounts:
[07-28 10:53:52]: [FINE] §7§ahanansaleh§7, §amanansaleh2007§7, .msaleh2007.
[07-28 10:53:52]: [FINE] hanansaleh logged in 39.37.141.42
[07-28 11:00:18]: [FINE] The user hanansaleh has 3 accounts:
[07-28 11:00:18]: [FINE] §7§ahanansaleh§7, §amanansaleh2007§7, .msaleh2007.
[07-28 11:00:18]: [FINE] hanansaleh logged in 39.37.141.42
[07-28 11:26:04]: [FINE] The user hanansaleh has 3 accounts:
[07-28 11:26:04]: [FINE] §7§ahanansaleh§7, §amanansaleh2007§7, .msaleh2007.
[07-28 11:26:04]: [FINE] hanansaleh logged in 39.37.141.42
[07-28 11:43:17]: [INFO] AuthMe 6.0.0-b2734 disabled!
[07-28 12:59:27]: [INFO] SQLite Setup finished
[07-28 12:59:27]: [INFO] Hooked into LuckPerms!
[07-28 12:59:27]: [INFO] Hooked successfully into Essentials
[07-28 12:59:27]: [INFO] Essentials spawn file not found: '/server/plugins/Essentials/spawn.yml'
[07-28 12:59:27]: [WARN] WARNING! The protectInventory feature requires PacketEvents! Disabling it...
[07-28 12:59:27]: [INFO] AuthMe 6.0.0 build n.2734 successfully enabled!
[07-28 12:59:34]: [INFO] Downloading GEO IP database, because the old database is older than 30 days or doesn't exist
[07-28 12:59:34]: [WARN] No MaxMind credentials found in the configuration file! GeoIp protections will be disabled.
[07-28 12:59:34]: [INFO] There is no newer GEO IP database uploaded to MaxMind. Using the old one for now.
[07-28 12:59:34]: [WARN] Could not download GeoLiteAPI database [FileNotFoundException]: plugins/AuthMe/GeoLite2-Country.mmdb (No such file or directory)
[07-28 12:59:34]: java.io.FileNotFoundException: plugins/AuthMe/GeoLite2-Country.mmdb (No such file or directory)
	at java.base/java.io.RandomAccessFile.open0(Native Method)
	at java.base/java.io.RandomAccessFile.open(RandomAccessFile.java:338)
	at java.base/java.io.RandomAccessFile.<init>(RandomAccessFile.java:257)
	at java.base/java.io.RandomAccessFile.<init>(RandomAccessFile.java:211)
	at com.maxmind.db.BufferHolder.<init>(BufferHolder.java:19)
	at com.maxmind.db.Reader.<init>(Reader.java:119)
	at com.maxmind.geoip2.DatabaseReader.<init>(DatabaseReader.java:106)
	at com.maxmind.geoip2.DatabaseReader$Builder.build(DatabaseReader.java:238)
	at AuthMe-6.0.0-Spigot-1.21.jar//fr.xephi.authme.service.GeoIpService.startReading(GeoIpService.java:183)
	at AuthMe-6.0.0-Spigot-1.21.jar//fr.xephi.authme.service.GeoIpService.updateDatabase(GeoIpService.java:150)
	at org.bukkit.craftbukkit.scheduler.CraftTask.run(CraftTask.java:78)
	at org.bukkit.craftbukkit.scheduler.CraftAsyncTask.run(CraftAsyncTask.java:57)
	at com.destroystokyo.paper.ServerSchedulerReportingWrapper.run(ServerSchedulerReportingWrapper.java:22)
	at java.base/java.util.concurrent.ThreadPoolExecutor.runWorker(ThreadPoolExecutor.java:1090)
	at java.base/java.util.concurrent.ThreadPoolExecutor$Worker.run(ThreadPoolExecutor.java:614)
	at java.base/java.lang.Thread.run(Thread.java:1474)

[07-28 12:59:50]: [FINE] The user manansaleh2007 has 3 accounts:
[07-28 12:59:50]: [FINE] §7hanansaleh, §amanansaleh2007§7, .msaleh2007.
[07-28 12:59:50]: [FINE] manansaleh2007 logged in 39.37.141.42
[07-28 13:04:52]: [FINE] The user .MUSTAFAhacker67 has 2 accounts:
[07-28 13:04:52]: [FINE] §7§a.MUSTAFAhacker67§7, .wirycircle3938.
[07-28 13:04:52]: [FINE] .MUSTAFAhacker67 logged in 39.60.247.28
[07-28 13:19:30]: [FINE] The user .MUSTAFAhacker67 has 2 accounts:
[07-28 13:19:30]: [FINE] §7§a.MUSTAFAhacker67§7, .wirycircle3938.
[07-28 13:19:30]: [FINE] .MUSTAFAhacker67 logged in 39.60.247.28
[07-28 13:25:55]: [FINE] The user manansaleh2007 has 3 accounts:
[07-28 13:25:55]: [FINE] §7hanansaleh, §amanansaleh2007§7, .msaleh2007.
[07-28 13:25:55]: [FINE] manansaleh2007 logged in 39.37.141.42
[07-28 13:34:11]: [FINE] azansalehhh logged in 154.57.217.179
[07-28 13:35:11]: [FINE] The user manansaleh2007 has 3 accounts:
[07-28 13:35:11]: [FINE] §7hanansaleh, §amanansaleh2007§7, .msaleh2007.
[07-28 13:35:11]: [FINE] manansaleh2007 logged in 39.37.141.42
[07-28 13:42:39]: [FINE] The user manansaleh2007 has 3 accounts:
[07-28 13:42:39]: [FINE] §7hanansaleh, §amanansaleh2007§7, .msaleh2007.
[07-28 13:42:39]: [FINE] manansaleh2007 logged in 39.37.141.42
[07-28 13:43:27]: [FINE] azansalehhh logged in 154.57.217.179
[07-28 14:06:36]: [INFO] AuthMe 6.0.0-b2734 disabled!
[07-28 14:59:25]: [INFO] SQLite Setup finished
[07-28 14:59:25]: [INFO] Hooked into LuckPerms!
[07-28 14:59:25]: [INFO] Hooked successfully into Essentials
[07-28 14:59:25]: [INFO] Essentials spawn file not found: '/server/plugins/Essentials/spawn.yml'
[07-28 14:59:25]: [WARN] WARNING! The protectInventory feature requires PacketEvents! Disabling it...
[07-28 14:59:25]: [INFO] AuthMe 6.0.0 build n.2734 successfully enabled!
[07-28 14:59:33]: [INFO] Downloading GEO IP database, because the old database is older than 30 days or doesn't exist
[07-28 14:59:33]: [WARN] No MaxMind credentials found in the configuration file! GeoIp protections will be disabled.
[07-28 14:59:33]: [INFO] There is no newer GEO IP database uploaded to MaxMind. Using the old one for now.
[07-28 14:59:33]: [WARN] Could not download GeoLiteAPI database [FileNotFoundException]: plugins/AuthMe/GeoLite2-Country.mmdb (No such file or directory)
[07-28 14:59:33]: java.io.FileNotFoundException: plugins/AuthMe/GeoLite2-Country.mmdb (No such file or directory)
	at java.base/java.io.RandomAccessFile.open0(Native Method)
	at java.base/java.io.RandomAccessFile.open(RandomAccessFile.java:338)
	at java.base/java.io.RandomAccessFile.<init>(RandomAccessFile.java:257)
	at java.base/java.io.RandomAccessFile.<init>(RandomAccessFile.java:211)
	at com.maxmind.db.BufferHolder.<init>(BufferHolder.java:19)
	at com.maxmind.db.Reader.<init>(Reader.java:119)
	at com.maxmind.geoip2.DatabaseReader.<init>(DatabaseReader.java:106)
	at com.maxmind.geoip2.DatabaseReader$Builder.build(DatabaseReader.java:238)
	at AuthMe-6.0.0-Spigot-1.21.jar//fr.xephi.authme.service.GeoIpService.startReading(GeoIpService.java:183)
	at AuthMe-6.0.0-Spigot-1.21.jar//fr.xephi.authme.service.GeoIpService.updateDatabase(GeoIpService.java:150)
	at org.bukkit.craftbukkit.scheduler.CraftTask.run(CraftTask.java:78)
	at org.bukkit.craftbukkit.scheduler.CraftAsyncTask.run(CraftAsyncTask.java:57)
	at com.destroystokyo.paper.ServerSchedulerReportingWrapper.run(ServerSchedulerReportingWrapper.java:22)
	at java.base/java.util.concurrent.ThreadPoolExecutor.runWorker(ThreadPoolExecutor.java:1090)
	at java.base/java.util.concurrent.ThreadPoolExecutor$Worker.run(ThreadPoolExecutor.java:614)
	at java.base/java.lang.Thread.run(Thread.java:1474)

[07-28 14:59:57]: [FINE] The user .MUSTAFAhacker67 has 2 accounts:
[07-28 14:59:57]: [FINE] §7§a.MUSTAFAhacker67§7, .wirycircle3938.
[07-28 14:59:57]: [FINE] .MUSTAFAhacker67 logged in 39.60.247.28
[07-28 15:38:47]: [INFO] AuthMe 6.0.0-b2734 disabled!
[07-28 20:50:45]: [INFO] SQLite Setup finished
[07-28 20:50:45]: [INFO] Hooked into LuckPerms!
[07-28 20:50:45]: [INFO] Hooked successfully into Essentials
[07-28 20:50:45]: [INFO] Essentials spawn file not found: '/server/plugins/Essentials/spawn.yml'
[07-28 20:50:45]: [WARN] WARNING! The protectInventory feature requires PacketEvents! Disabling it...
[07-28 20:50:45]: [INFO] AuthMe 6.0.0 build n.2734 successfully enabled!
[07-28 20:50:51]: [INFO] Downloading GEO IP database, because the old database is older than 30 days or doesn't exist
[07-28 20:50:51]: [WARN] No MaxMind credentials found in the configuration file! GeoIp protections will be disabled.
[07-28 20:50:51]: [INFO] There is no newer GEO IP database uploaded to MaxMind. Using the old one for now.
[07-28 20:50:51]: [WARN] Could not download GeoLiteAPI database [FileNotFoundException]: plugins/AuthMe/GeoLite2-Country.mmdb (No such file or directory)
[07-28 20:50:51]: java.io.FileNotFoundException: plugins/AuthMe/GeoLite2-Country.mmdb (No such file or directory)
	at java.base/java.io.RandomAccessFile.open0(Native Method)
	at java.base/java.io.RandomAccessFile.open(RandomAccessFile.java:338)
	at java.base/java.io.RandomAccessFile.<init>(RandomAccessFile.java:257)
	at java.base/java.io.RandomAccessFile.<init>(RandomAccessFile.java:211)
	at com.maxmind.db.BufferHolder.<init>(BufferHolder.java:19)
	at com.maxmind.db.Reader.<init>(Reader.java:119)
	at com.maxmind.geoip2.DatabaseReader.<init>(DatabaseReader.java:106)
	at com.maxmind.geoip2.DatabaseReader$Builder.build(DatabaseReader.java:238)
	at AuthMe-6.0.0-Spigot-1.21.jar//fr.xephi.authme.service.GeoIpService.startReading(GeoIpService.java:183)
	at AuthMe-6.0.0-Spigot-1.21.jar//fr.xephi.authme.service.GeoIpService.updateDatabase(GeoIpService.java:150)
	at org.bukkit.craftbukkit.scheduler.CraftTask.run(CraftTask.java:78)
	at org.bukkit.craftbukkit.scheduler.CraftAsyncTask.run(CraftAsyncTask.java:57)
	at com.destroystokyo.paper.ServerSchedulerReportingWrapper.run(ServerSchedulerReportingWrapper.java:22)
	at java.base/java.util.concurrent.ThreadPoolExecutor.runWorker(ThreadPoolExecutor.java:1090)
	at java.base/java.util.concurrent.ThreadPoolExecutor$Worker.run(ThreadPoolExecutor.java:614)
	at java.base/java.lang.Thread.run(Thread.java:1474)

[07-28 20:52:10]: [FINE] NightmareDady used the wrong password
[07-28 20:52:51]: [FINE] The user NightmareDady has 2 accounts:
[07-28 20:52:51]: [FINE] §7azansalehhh, §aNightmareDady§7.
[07-28 20:52:51]: [FINE] NightmareDady logged in 154.57.217.179
[07-28 20:53:23]: [INFO] NightmareDady changed his password
[07-28 21:04:34]: [FINE] The user NightmareDady has 2 accounts:
[07-28 21:04:34]: [FINE] §7azansalehhh, §aNightmareDady§7.
[07-28 21:04:34]: [FINE] NightmareDady logged in 154.57.217.179
[07-28 21:32:06]: [FINE] The user hanansaleh has 3 accounts:
[07-28 21:32:06]: [FINE] §7§ahanansaleh§7, manansaleh2007, .msaleh2007.
[07-28 21:32:06]: [FINE] hanansaleh logged in 39.37.141.42
[07-28 21:39:57]: [FINE] The user azansalehhh has 2 accounts:
[07-28 21:39:57]: [FINE] §7§aazansalehhh§7, §aNightmareDady§7.
[07-28 21:39:57]: [FINE] azansalehhh logged in 154.57.217.179
[07-28 21:54:30]: [INFO] AuthMe 6.0.0-b2734 disabled!
[07-28 21:56:29]: [INFO] SQLite Setup finished
[07-28 21:56:29]: [INFO] Hooked into LuckPerms!
[07-28 21:56:29]: [INFO] Hooked successfully into Essentials
[07-28 21:56:29]: [INFO] Essentials spawn file not found: '/server/plugins/Essentials/spawn.yml'
[07-28 21:56:29]: [WARN] WARNING! The protectInventory feature requires PacketEvents! Disabling it...
[07-28 21:56:29]: [INFO] AuthMe 6.0.0 build n.2734 successfully enabled!
[07-28 21:56:36]: [INFO] Downloading GEO IP database, because the old database is older than 30 days or doesn't exist
[07-28 21:56:36]: [WARN] No MaxMind credentials found in the configuration file! GeoIp protections will be disabled.
[07-28 21:56:36]: [INFO] There is no newer GEO IP database uploaded to MaxMind. Using the old one for now.
[07-28 21:56:36]: [WARN] Could not download GeoLiteAPI database [FileNotFoundException]: plugins/AuthMe/GeoLite2-Country.mmdb (No such file or directory)
[07-28 21:56:36]: java.io.FileNotFoundException: plugins/AuthMe/GeoLite2-Country.mmdb (No such file or directory)
	at java.base/java.io.RandomAccessFile.open0(Native Method)
	at java.base/java.io.RandomAccessFile.open(RandomAccessFile.java:338)
	at java.base/java.io.RandomAccessFile.<init>(RandomAccessFile.java:257)
	at java.base/java.io.RandomAccessFile.<init>(RandomAccessFile.java:211)
	at com.maxmind.db.BufferHolder.<init>(BufferHolder.java:19)
	at com.maxmind.db.Reader.<init>(Reader.java:119)
	at com.maxmind.geoip2.DatabaseReader.<init>(DatabaseReader.java:106)
	at com.maxmind.geoip2.DatabaseReader$Builder.build(DatabaseReader.java:238)
	at AuthMe-6.0.0-Spigot-1.21.jar//fr.xephi.authme.service.GeoIpService.startReading(GeoIpService.java:183)
	at AuthMe-6.0.0-Spigot-1.21.jar//fr.xephi.authme.service.GeoIpService.updateDatabase(GeoIpService.java:150)
	at org.bukkit.craftbukkit.scheduler.CraftTask.run(CraftTask.java:78)
	at org.bukkit.craftbukkit.scheduler.CraftAsyncTask.run(CraftAsyncTask.java:57)
	at com.destroystokyo.paper.ServerSchedulerReportingWrapper.run(ServerSchedulerReportingWrapper.java:22)
	at java.base/java.util.concurrent.ThreadPoolExecutor.runWorker(ThreadPoolExecutor.java:1090)
	at java.base/java.util.concurrent.ThreadPoolExecutor$Worker.run(ThreadPoolExecutor.java:614)
	at java.base/java.lang.Thread.run(Thread.java:1474)

[07-28 22:00:29]: [FINE] The user NightmareDady has 2 accounts:
[07-28 22:00:29]: [FINE] §7azansalehhh, §aNightmareDady§7.
[07-28 22:00:29]: [FINE] NightmareDady logged in 154.57.217.179
[07-28 22:57:10]: [FINE] The user azansalehhh has 2 accounts:
[07-28 22:57:10]: [FINE] §7§aazansalehhh§7, §aNightmareDady§7.
[07-28 22:57:10]: [FINE] azansalehhh logged in 154.57.217.179
[07-28 23:00:29]: [FINE] The user NightmareDady has 2 accounts:
[07-28 23:00:29]: [FINE] §7§aazansalehhh§7, §aNightmareDady§7.
[07-28 23:00:29]: [FINE] NightmareDady logged in 154.57.217.179
[07-28 23:01:15]: [FINE] The user hanansaleh has 3 accounts:
[07-28 23:01:15]: [FINE] §7§ahanansaleh§7, manansaleh2007, .msaleh2007.
[07-28 23:01:15]: [FINE] hanansaleh logged in 39.37.141.42
[07-28 23:16:38]: [FINE] The user NightmareDady has 2 accounts:
[07-28 23:16:38]: [FINE] §7azansalehhh, §aNightmareDady§7.
[07-28 23:16:38]: [FINE] NightmareDady logged in 154.57.217.179
[07-28 23:19:55]: [FINE] The user azansalehhh has 2 accounts:
[07-28 23:19:55]: [FINE] §7§aazansalehhh§7, §aNightmareDady§7.
[07-28 23:19:55]: [FINE] azansalehhh logged in 154.57.217.179
[07-28 23:20:02]: [FINE] The user hanansaleh has 3 accounts:
[07-28 23:20:02]: [FINE] §7§ahanansaleh§7, manansaleh2007, .msaleh2007.
[07-28 23:20:02]: [FINE] hanansaleh logged in 39.37.141.42
[07-28 23:36:09]: [FINE] The user hanansaleh has 3 accounts:
[07-28 23:36:09]: [FINE] §7§ahanansaleh§7, manansaleh2007, .msaleh2007.
[07-28 23:36:09]: [FINE] hanansaleh logged in 39.37.141.42
[07-28 23:46:12]: [FINE] The user hanansaleh has 3 accounts:
[07-28 23:46:12]: [FINE] §7§ahanansaleh§7, manansaleh2007, .msaleh2007.
[07-28 23:46:12]: [FINE] hanansaleh logged in 39.37.141.42
[07-28 23:47:58]: [FINE] The user azansalehhh has 2 accounts:
[07-28 23:47:58]: [FINE] §7§aazansalehhh§7, §aNightmareDady§7.
[07-28 23:47:58]: [FINE] azansalehhh logged in 154.57.217.179
[07-28 23:58:19]: [FINE] The user hanansaleh has 3 accounts:
[07-28 23:58:19]: [FINE] §7§ahanansaleh§7, manansaleh2007, .msaleh2007.
[07-28 23:58:19]: [FINE] hanansaleh logged in 39.37.141.42
[07-29 00:01:49]: [FINE] The user azansalehhh has 2 accounts:
[07-29 00:01:49]: [FINE] §7§aazansalehhh§7, §aNightmareDady§7.
[07-29 00:01:49]: [FINE] azansalehhh logged in 154.57.217.179
[07-29 00:22:09]: [INFO] AuthMe 6.0.0-b2734 disabled!
[07-29 00:22:55]: [INFO] SQLite Setup finished
[07-29 00:22:55]: [INFO] Hooked into LuckPerms!
[07-29 00:22:55]: [INFO] Hooked successfully into Essentials
[07-29 00:22:55]: [INFO] Essentials spawn file not found: '/server/plugins/Essentials/spawn.yml'
[07-29 00:22:55]: [WARN] WARNING! The protectInventory feature requires PacketEvents! Disabling it...
[07-29 00:22:55]: [INFO] AuthMe 6.0.0 build n.2734 successfully enabled!
[07-29 00:23:02]: [INFO] Downloading GEO IP database, because the old database is older than 30 days or doesn't exist
[07-29 00:23:02]: [WARN] No MaxMind credentials found in the configuration file! GeoIp protections will be disabled.
[07-29 00:23:02]: [INFO] There is no newer GEO IP database uploaded to MaxMind. Using the old one for now.
[07-29 00:23:02]: [WARN] Could not download GeoLiteAPI database [FileNotFoundException]: plugins/AuthMe/GeoLite2-Country.mmdb (No such file or directory)
[07-29 00:23:02]: java.io.FileNotFoundException: plugins/AuthMe/GeoLite2-Country.mmdb (No such file or directory)
	at java.base/java.io.RandomAccessFile.open0(Native Method)
	at java.base/java.io.RandomAccessFile.open(RandomAccessFile.java:338)
	at java.base/java.io.RandomAccessFile.<init>(RandomAccessFile.java:257)
	at java.base/java.io.RandomAccessFile.<init>(RandomAccessFile.java:211)
	at com.maxmind.db.BufferHolder.<init>(BufferHolder.java:19)
	at com.maxmind.db.Reader.<init>(Reader.java:119)
	at com.maxmind.geoip2.DatabaseReader.<init>(DatabaseReader.java:106)
	at com.maxmind.geoip2.DatabaseReader$Builder.build(DatabaseReader.java:238)
	at AuthMe-6.0.0-Spigot-1.21.jar//fr.xephi.authme.service.GeoIpService.startReading(GeoIpService.java:183)
	at AuthMe-6.0.0-Spigot-1.21.jar//fr.xephi.authme.service.GeoIpService.updateDatabase(GeoIpService.java:150)
	at org.bukkit.craftbukkit.scheduler.CraftTask.run(CraftTask.java:78)
	at org.bukkit.craftbukkit.scheduler.CraftAsyncTask.run(CraftAsyncTask.java:57)
	at com.destroystokyo.paper.ServerSchedulerReportingWrapper.run(ServerSchedulerReportingWrapper.java:22)
	at java.base/java.util.concurrent.ThreadPoolExecutor.runWorker(ThreadPoolExecutor.java:1090)
	at java.base/java.util.concurrent.ThreadPoolExecutor$Worker.run(ThreadPoolExecutor.java:614)
	at java.base/java.lang.Thread.run(Thread.java:1474)

[07-29 00:23:13]: [FINE] The user hanansaleh has 3 accounts:
[07-29 00:23:13]: [FINE] §7§ahanansaleh§7, manansaleh2007, .msaleh2007.
[07-29 00:23:13]: [FINE] hanansaleh logged in 39.37.141.42
[07-29 00:23:18]: [FINE] The user azansalehhh has 2 accounts:
[07-29 00:23:18]: [FINE] §7§aazansalehhh§7, nightmaredady.
[07-29 00:23:18]: [FINE] azansalehhh logged in 154.57.217.179
[07-29 00:24:36]: [FINE] The user azansalehhh has 2 accounts:
[07-29 00:24:36]: [FINE] §7§aazansalehhh§7, nightmaredady.
[07-29 00:24:36]: [FINE] azansalehhh logged in 154.57.217.179
[07-29 00:25:01]: [INFO] AuthMe 6.0.0-b2734 disabled!
[07-29 07:35:40]: [INFO] SQLite Setup finished
[07-29 07:35:40]: [INFO] Hooked into LuckPerms!
[07-29 07:35:40]: [INFO] Hooked successfully into Essentials
[07-29 07:35:40]: [INFO] Essentials spawn file not found: '/server/plugins/Essentials/spawn.yml'
[07-29 07:35:40]: [WARN] WARNING! The protectInventory feature requires PacketEvents! Disabling it...
[07-29 07:35:40]: [INFO] AuthMe 6.0.0 build n.2734 successfully enabled!
[07-29 07:35:46]: [INFO] Downloading GEO IP database, because the old database is older than 30 days or doesn't exist
[07-29 07:35:46]: [WARN] No MaxMind credentials found in the configuration file! GeoIp protections will be disabled.
[07-29 07:35:46]: [INFO] There is no newer GEO IP database uploaded to MaxMind. Using the old one for now.
[07-29 07:35:46]: [WARN] Could not download GeoLiteAPI database [FileNotFoundException]: plugins/AuthMe/GeoLite2-Country.mmdb (No such file or directory)
[07-29 07:35:46]: java.io.FileNotFoundException: plugins/AuthMe/GeoLite2-Country.mmdb (No such file or directory)
	at java.base/java.io.RandomAccessFile.open0(Native Method)
	at java.base/java.io.RandomAccessFile.open(RandomAccessFile.java:338)
	at java.base/java.io.RandomAccessFile.<init>(RandomAccessFile.java:257)
	at java.base/java.io.RandomAccessFile.<init>(RandomAccessFile.java:211)
	at com.maxmind.db.BufferHolder.<init>(BufferHolder.java:19)
	at com.maxmind.db.Reader.<init>(Reader.java:119)
	at com.maxmind.geoip2.DatabaseReader.<init>(DatabaseReader.java:106)
	at com.maxmind.geoip2.DatabaseReader$Builder.build(DatabaseReader.java:238)
	at AuthMe-6.0.0-Spigot-1.21.jar//fr.xephi.authme.service.GeoIpService.startReading(GeoIpService.java:183)
	at AuthMe-6.0.0-Spigot-1.21.jar//fr.xephi.authme.service.GeoIpService.updateDatabase(GeoIpService.java:150)
	at org.bukkit.craftbukkit.scheduler.CraftTask.run(CraftTask.java:78)
	at org.bukkit.craftbukkit.scheduler.CraftAsyncTask.run(CraftAsyncTask.java:57)
	at com.destroystokyo.paper.ServerSchedulerReportingWrapper.run(ServerSchedulerReportingWrapper.java:22)
	at java.base/java.util.concurrent.ThreadPoolExecutor.runWorker(ThreadPoolExecutor.java:1090)
	at java.base/java.util.concurrent.ThreadPoolExecutor$Worker.run(ThreadPoolExecutor.java:614)
	at java.base/java.lang.Thread.run(Thread.java:1474)

[07-29 07:38:35]: [FINE] NightmareDady used the wrong password
[07-29 07:39:05]: [FINE] NightmareDady used the wrong password
[07-29 07:39:25]: [FINE] NightmareDady used the wrong password
[07-29 07:39:45]: [FINE] NightmareDady used the wrong password
[07-29 07:40:37]: [FINE] NightmareDady used the wrong password
[07-29 07:42:51]: [FINE] azansalehhh logged in 119.73.121.97
[07-29 07:42:52]: [FINE] The user NightmareDady has 2 accounts:
[07-29 07:42:52]: [FINE] §7§aazansalehhh§7, §aNightmareDady§7.
[07-29 07:42:52]: [FINE] NightmareDady logged in 119.73.121.97
[07-29 08:02:19]: [INFO] AuthMe 6.0.0-b2734 disabled!
[07-29 08:08:30]: [INFO] SQLite Setup finished
[07-29 08:08:30]: [INFO] Hooked into LuckPerms!
[07-29 08:08:30]: [INFO] Hooked successfully into Essentials
[07-29 08:08:30]: [INFO] Essentials spawn file not found: '/server/plugins/Essentials/spawn.yml'
[07-29 08:08:30]: [WARN] WARNING! The protectInventory feature requires PacketEvents! Disabling it...
[07-29 08:08:30]: [INFO] AuthMe 6.0.0 build n.2734 successfully enabled!
[07-29 08:08:37]: [INFO] Downloading GEO IP database, because the old database is older than 30 days or doesn't exist
[07-29 08:08:37]: [WARN] No MaxMind credentials found in the configuration file! GeoIp protections will be disabled.
[07-29 08:08:37]: [INFO] There is no newer GEO IP database uploaded to MaxMind. Using the old one for now.
[07-29 08:08:37]: [WARN] Could not download GeoLiteAPI database [FileNotFoundException]: plugins/AuthMe/GeoLite2-Country.mmdb (No such file or directory)
[07-29 08:08:37]: java.io.FileNotFoundException: plugins/AuthMe/GeoLite2-Country.mmdb (No such file or directory)
	at java.base/java.io.RandomAccessFile.open0(Native Method)
	at java.base/java.io.RandomAccessFile.open(RandomAccessFile.java:338)
	at java.base/java.io.RandomAccessFile.<init>(RandomAccessFile.java:257)
	at java.base/java.io.RandomAccessFile.<init>(RandomAccessFile.java:211)
	at com.maxmind.db.BufferHolder.<init>(BufferHolder.java:19)
	at com.maxmind.db.Reader.<init>(Reader.java:119)
	at com.maxmind.geoip2.DatabaseReader.<init>(DatabaseReader.java:106)
	at com.maxmind.geoip2.DatabaseReader$Builder.build(DatabaseReader.java:238)
	at AuthMe-6.0.0-Spigot-1.21.jar//fr.xephi.authme.service.GeoIpService.startReading(GeoIpService.java:183)
	at AuthMe-6.0.0-Spigot-1.21.jar//fr.xephi.authme.service.GeoIpService.updateDatabase(GeoIpService.java:150)
	at org.bukkit.craftbukkit.scheduler.CraftTask.run(CraftTask.java:78)
	at org.bukkit.craftbukkit.scheduler.CraftAsyncTask.run(CraftAsyncTask.java:57)
	at com.destroystokyo.paper.ServerSchedulerReportingWrapper.run(ServerSchedulerReportingWrapper.java:22)
	at java.base/java.util.concurrent.ThreadPoolExecutor.runWorker(ThreadPoolExecutor.java:1090)
	at java.base/java.util.concurrent.ThreadPoolExecutor$Worker.run(ThreadPoolExecutor.java:614)
	at java.base/java.lang.Thread.run(Thread.java:1474)

[07-29 08:13:43]: [INFO] AuthMe 6.0.0-b2734 disabled!
[07-29 08:59:57]: [INFO] SQLite Setup finished
[07-29 08:59:57]: [INFO] Hooked into LuckPerms!
[07-29 08:59:57]: [INFO] Hooked successfully into Essentials
[07-29 08:59:57]: [INFO] Essentials spawn file not found: '/server/plugins/Essentials/spawn.yml'
[07-29 08:59:57]: [WARN] WARNING! The protectInventory feature requires PacketEvents! Disabling it...
[07-29 08:59:57]: [INFO] AuthMe 6.0.0 build n.2734 successfully enabled!
[07-29 09:00:04]: [INFO] Downloading GEO IP database, because the old database is older than 30 days or doesn't exist
[07-29 09:00:04]: [WARN] No MaxMind credentials found in the configuration file! GeoIp protections will be disabled.
[07-29 09:00:04]: [INFO] There is no newer GEO IP database uploaded to MaxMind. Using the old one for now.
[07-29 09:00:04]: [WARN] Could not download GeoLiteAPI database [FileNotFoundException]: plugins/AuthMe/GeoLite2-Country.mmdb (No such file or directory)
[07-29 09:00:04]: java.io.FileNotFoundException: plugins/AuthMe/GeoLite2-Country.mmdb (No such file or directory)
	at java.base/java.io.RandomAccessFile.open0(Native Method)
	at java.base/java.io.RandomAccessFile.open(RandomAccessFile.java:338)
	at java.base/java.io.RandomAccessFile.<init>(RandomAccessFile.java:257)
	at java.base/java.io.RandomAccessFile.<init>(RandomAccessFile.java:211)
	at com.maxmind.db.BufferHolder.<init>(BufferHolder.java:19)
	at com.maxmind.db.Reader.<init>(Reader.java:119)
	at com.maxmind.geoip2.DatabaseReader.<init>(DatabaseReader.java:106)
	at com.maxmind.geoip2.DatabaseReader$Builder.build(DatabaseReader.java:238)
	at AuthMe-6.0.0-Spigot-1.21.jar//fr.xephi.authme.service.GeoIpService.startReading(GeoIpService.java:183)
	at AuthMe-6.0.0-Spigot-1.21.jar//fr.xephi.authme.service.GeoIpService.updateDatabase(GeoIpService.java:150)
	at org.bukkit.craftbukkit.scheduler.CraftTask.run(CraftTask.java:78)
	at org.bukkit.craftbukkit.scheduler.CraftAsyncTask.run(CraftAsyncTask.java:57)
	at com.destroystokyo.paper.ServerSchedulerReportingWrapper.run(ServerSchedulerReportingWrapper.java:22)
	at java.base/java.util.concurrent.ThreadPoolExecutor.runWorker(ThreadPoolExecutor.java:1090)
	at java.base/java.util.concurrent.ThreadPoolExecutor$Worker.run(ThreadPoolExecutor.java:614)
	at java.base/java.lang.Thread.run(Thread.java:1474)

[07-29 09:00:19]: [FINE] The user NightmareDady has 2 accounts:
[07-29 09:00:19]: [FINE] §7azansalehhh, §aNightmareDady§7.
[07-29 09:00:19]: [FINE] NightmareDady logged in 119.73.121.97
[07-29 10:17:46]: [FINE] The user NightmareDady has 2 accounts:
[07-29 10:17:46]: [FINE] §7azansalehhh, §aNightmareDady§7.
[07-29 10:17:46]: [FINE] NightmareDady logged in 119.73.121.97
[07-29 10:26:39]: [FINE] The user NightmareDady has 2 accounts:
[07-29 10:26:39]: [FINE] §7azansalehhh, §aNightmareDady§7.
[07-29 10:26:39]: [FINE] NightmareDady logged in 119.73.121.97
[07-29 10:32:29]: [FINE] The user NightmareDady has 2 accounts:
[07-29 10:32:29]: [FINE] §7azansalehhh, §aNightmareDady§7.
[07-29 10:32:29]: [FINE] NightmareDady logged in 119.73.121.97
[07-29 11:17:30]: [FINE] The user NightmareDady has 2 accounts:
[07-29 11:17:30]: [FINE] §7azansalehhh, §aNightmareDady§7.
[07-29 11:17:30]: [FINE] NightmareDady logged in 119.73.121.97
[07-29 11:40:43]: [FINE] The user NightmareDady has 2 accounts:
[07-29 11:40:43]: [FINE] §7azansalehhh, §aNightmareDady§7.
[07-29 11:40:43]: [FINE] NightmareDady logged in 119.73.121.97
[07-29 11:45:59]: [FINE] manansaleh2007 logged in 182.185.175.207
[07-29 11:45:59]: [FINE] The user NightmareDady has 2 accounts:
[07-29 11:45:59]: [FINE] §7azansalehhh, §aNightmareDady§7.
[07-29 11:45:59]: [FINE] NightmareDady logged in 119.73.121.97
[07-29 12:05:42]: [FINE] The user NightmareDady has 2 accounts:
[07-29 12:05:42]: [FINE] §7azansalehhh, §aNightmareDady§7.
[07-29 12:05:42]: [FINE] NightmareDady logged in 119.73.121.97
[07-29 12:27:37]: [FINE] The user NightmareDady has 2 accounts:
[07-29 12:27:37]: [FINE] §7azansalehhh, §aNightmareDady§7.
[07-29 12:27:37]: [FINE] NightmareDady logged in 119.73.121.97
[07-29 12:42:12]: [FINE] The user azansalehhh has 2 accounts:
[07-29 12:42:12]: [FINE] §7§aazansalehhh§7, §aNightmareDady§7.
[07-29 12:42:12]: [FINE] azansalehhh logged in 119.73.121.97
[07-29 12:43:05]: [FINE] The user azansalehhh has 2 accounts:
[07-29 12:43:05]: [FINE] §7§aazansalehhh§7, §aNightmareDady§7.
[07-29 12:43:05]: [FINE] azansalehhh logged in 119.73.121.97
[07-29 12:47:59]: [FINE] The user NightmareDady has 2 accounts:
[07-29 12:47:59]: [FINE] §7§aazansalehhh§7, §aNightmareDady§7.
[07-29 12:47:59]: [FINE] NightmareDady logged in 119.73.121.97
[07-29 12:50:47]: [FINE] The user NightmareDady has 2 accounts:
[07-29 12:50:47]: [FINE] §7§aazansalehhh§7, §aNightmareDady§7.
[07-29 12:50:47]: [FINE] NightmareDady logged in 119.73.121.97
[07-29 12:53:08]: [FINE] The user NightmareDady has 2 accounts:
[07-29 12:53:08]: [FINE] §7§aazansalehhh§7, §aNightmareDady§7.
[07-29 12:53:08]: [FINE] NightmareDady logged in 119.73.121.97
[07-29 12:58:12]: [FINE] The user azansalehhh has 2 accounts:
[07-29 12:58:12]: [FINE] §7§aazansalehhh§7, nightmaredady.
[07-29 12:58:12]: [FINE] azansalehhh logged in 119.73.121.97
[07-29 13:08:19]: [FINE] The user NightmareDady has 2 accounts:
[07-29 13:08:19]: [FINE] §7§aazansalehhh§7, §aNightmareDady§7.
[07-29 13:08:19]: [FINE] NightmareDady logged in 119.73.121.97
[07-29 13:11:51]: [FINE] The user NightmareDady has 2 accounts:
[07-29 13:11:51]: [FINE] §7§aazansalehhh§7, §aNightmareDady§7.
[07-29 13:11:51]: [FINE] NightmareDady logged in 119.73.121.97
[07-29 13:14:29]: [FINE] The user azansalehhh has 2 accounts:
[07-29 13:14:29]: [FINE] §7§aazansalehhh§7, §aNightmareDady§7.
[07-29 13:14:29]: [FINE] azansalehhh logged in 119.73.121.97
[07-29 13:18:49]: [FINE] hanansaleh used the wrong password
[07-29 13:19:14]: [FINE] hanansaleh used the wrong password
[07-29 13:19:38]: [FINE] hanansaleh used the wrong password
[07-29 13:22:17]: [FINE] hanansaleh used the wrong password
[07-29 13:23:03]: [FINE] The user NightmareDady has 2 accounts:
[07-29 13:23:03]: [FINE] §7§aazansalehhh§7, §aNightmareDady§7.
[07-29 13:23:03]: [FINE] NightmareDady logged in 119.73.121.97
[07-29 13:25:00]: [FINE] The user azansalehhh has 2 accounts:
[07-29 13:25:00]: [FINE] §7§aazansalehhh§7, §aNightmareDady§7.
[07-29 13:25:00]: [FINE] azansalehhh logged in 119.73.121.97
[07-29 13:25:09]: [INFO] CONSOLE changed password of hanansaleh
[07-29 13:25:39]: [FINE] The user hanansaleh has 2 accounts:
[07-29 13:25:39]: [FINE] §7§ahanansaleh§7, manansaleh2007.
[07-29 13:25:39]: [FINE] hanansaleh logged in 182.185.175.207
[07-29 13:38:11]: [FINE] The user azansalehhh has 2 accounts:
[07-29 13:38:11]: [FINE] §7§aazansalehhh§7, §aNightmareDady§7.
[07-29 13:38:11]: [FINE] azansalehhh logged in 119.73.121.97
[07-29 13:39:01]: [FINE] The user hanansaleh has 2 accounts:
[07-29 13:39:01]: [FINE] §7§ahanansaleh§7, manansaleh2007.
[07-29 13:39:01]: [FINE] hanansaleh logged in 182.185.175.207
[07-29 13:39:40]: [FINE] The user NightmareDady has 2 accounts:
[07-29 13:39:40]: [FINE] §7§aazansalehhh§7, §aNightmareDady§7.
[07-29 13:39:40]: [FINE] NightmareDady logged in 119.73.121.97
[07-29 13:59:17]: [INFO] AuthMe 6.0.0-b2734 disabled!
[07-29 13:59:51]: [INFO] SQLite Setup finished
[07-29 13:59:51]: [INFO] Hooked into LuckPerms!
[07-29 13:59:51]: [INFO] Hooked successfully into Essentials
[07-29 13:59:51]: [INFO] Essentials spawn file not found: '/server/plugins/Essentials/spawn.yml'
[07-29 13:59:51]: [WARN] WARNING! The protectInventory feature requires PacketEvents! Disabling it...
[07-29 13:59:51]: [INFO] AuthMe 6.0.0 build n.2734 successfully enabled!
[07-29 13:59:58]: [INFO] Downloading GEO IP database, because the old database is older than 30 days or doesn't exist
[07-29 13:59:58]: [WARN] No MaxMind credentials found in the configuration file! GeoIp protections will be disabled.
[07-29 13:59:58]: [INFO] There is no newer GEO IP database uploaded to MaxMind. Using the old one for now.
[07-29 13:59:58]: [WARN] Could not download GeoLiteAPI database [FileNotFoundException]: plugins/AuthMe/GeoLite2-Country.mmdb (No such file or directory)
[07-29 13:59:58]: java.io.FileNotFoundException: plugins/AuthMe/GeoLite2-Country.mmdb (No such file or directory)
	at java.base/java.io.RandomAccessFile.open0(Native Method)
	at java.base/java.io.RandomAccessFile.open(RandomAccessFile.java:338)
	at java.base/java.io.RandomAccessFile.<init>(RandomAccessFile.java:257)
	at java.base/java.io.RandomAccessFile.<init>(RandomAccessFile.java:211)
	at com.maxmind.db.BufferHolder.<init>(BufferHolder.java:19)
	at com.maxmind.db.Reader.<init>(Reader.java:119)
	at com.maxmind.geoip2.DatabaseReader.<init>(DatabaseReader.java:106)
	at com.maxmind.geoip2.DatabaseReader$Builder.build(DatabaseReader.java:238)
	at AuthMe-6.0.0-Spigot-1.21.jar//fr.xephi.authme.service.GeoIpService.startReading(GeoIpService.java:183)
	at AuthMe-6.0.0-Spigot-1.21.jar//fr.xephi.authme.service.GeoIpService.updateDatabase(GeoIpService.java:150)
	at org.bukkit.craftbukkit.scheduler.CraftTask.run(CraftTask.java:78)
	at org.bukkit.craftbukkit.scheduler.CraftAsyncTask.run(CraftAsyncTask.java:57)
	at com.destroystokyo.paper.ServerSchedulerReportingWrapper.run(ServerSchedulerReportingWrapper.java:22)
	at java.base/java.util.concurrent.ThreadPoolExecutor.runWorker(ThreadPoolExecutor.java:1090)
	at java.base/java.util.concurrent.ThreadPoolExecutor$Worker.run(ThreadPoolExecutor.java:614)
	at java.base/java.lang.Thread.run(Thread.java:1474)

[07-29 14:00:10]: [FINE] The user hanansaleh has 2 accounts:
[07-29 14:00:10]: [FINE] §7§ahanansaleh§7, manansaleh2007.
[07-29 14:00:10]: [FINE] hanansaleh logged in 182.185.175.207
[07-29 14:01:43]: [FINE] The user NightmareDady has 2 accounts:
[07-29 14:01:43]: [FINE] §7azansalehhh, §aNightmareDady§7.
[07-29 14:01:43]: [FINE] NightmareDady logged in 119.73.121.97
[07-29 14:04:55]: [FINE] The user NightmareDady has 2 accounts:
[07-29 14:04:55]: [FINE] §7azansalehhh, §aNightmareDady§7.
[07-29 14:04:55]: [FINE] NightmareDady logged in 119.73.121.97
[07-29 14:12:41]: [INFO] AuthMe 6.0.0-b2734 disabled!
[07-29 14:34:16]: [INFO] SQLite Setup finished
[07-29 14:34:16]: [INFO] Hooked into LuckPerms!
[07-29 14:34:16]: [INFO] Hooked successfully into Essentials
[07-29 14:34:16]: [INFO] Essentials spawn file not found: '/server/plugins/Essentials/spawn.yml'
[07-29 14:34:16]: [WARN] WARNING! The protectInventory feature requires PacketEvents! Disabling it...
[07-29 14:34:16]: [INFO] AuthMe 6.0.0 build n.2734 successfully enabled!
[07-29 14:34:24]: [INFO] Downloading GEO IP database, because the old database is older than 30 days or doesn't exist
[07-29 14:34:24]: [WARN] No MaxMind credentials found in the configuration file! GeoIp protections will be disabled.
[07-29 14:34:24]: [INFO] There is no newer GEO IP database uploaded to MaxMind. Using the old one for now.
[07-29 14:34:24]: [WARN] Could not download GeoLiteAPI database [FileNotFoundException]: plugins/AuthMe/GeoLite2-Country.mmdb (No such file or directory)
[07-29 14:34:24]: java.io.FileNotFoundException: plugins/AuthMe/GeoLite2-Country.mmdb (No such file or directory)
	at java.base/java.io.RandomAccessFile.open0(Native Method)
	at java.base/java.io.RandomAccessFile.open(RandomAccessFile.java:338)
	at java.base/java.io.RandomAccessFile.<init>(RandomAccessFile.java:257)
	at java.base/java.io.RandomAccessFile.<init>(RandomAccessFile.java:211)
	at com.maxmind.db.BufferHolder.<init>(BufferHolder.java:19)
	at com.maxmind.db.Reader.<init>(Reader.java:119)
	at com.maxmind.geoip2.DatabaseReader.<init>(DatabaseReader.java:106)
	at com.maxmind.geoip2.DatabaseReader$Builder.build(DatabaseReader.java:238)
	at AuthMe-6.0.0-Spigot-1.21.jar//fr.xephi.authme.service.GeoIpService.startReading(GeoIpService.java:183)
	at AuthMe-6.0.0-Spigot-1.21.jar//fr.xephi.authme.service.GeoIpService.updateDatabase(GeoIpService.java:150)
	at org.bukkit.craftbukkit.scheduler.CraftTask.run(CraftTask.java:78)
	at org.bukkit.craftbukkit.scheduler.CraftAsyncTask.run(CraftAsyncTask.java:57)
	at com.destroystokyo.paper.ServerSchedulerReportingWrapper.run(ServerSchedulerReportingWrapper.java:22)
	at java.base/java.util.concurrent.ThreadPoolExecutor.runWorker(ThreadPoolExecutor.java:1090)
	at java.base/java.util.concurrent.ThreadPoolExecutor$Worker.run(ThreadPoolExecutor.java:614)
	at java.base/java.lang.Thread.run(Thread.java:1474)

[07-29 14:34:34]: [FINE] The user hanansaleh has 2 accounts:
[07-29 14:34:34]: [FINE] §7§ahanansaleh§7, manansaleh2007.
[07-29 14:34:34]: [FINE] hanansaleh logged in 182.185.175.207
[07-29 14:34:58]: [FINE] The user hanansaleh has 2 accounts:
[07-29 14:34:58]: [FINE] §7§ahanansaleh§7, manansaleh2007.
[07-29 14:34:58]: [FINE] hanansaleh logged in 182.185.175.207
[07-29 14:38:07]: [FINE] The user azansalehhh has 2 accounts:
[07-29 14:38:07]: [FINE] §7§aazansalehhh§7, nightmaredady.
[07-29 14:38:07]: [FINE] azansalehhh logged in 119.73.121.97
[07-29 14:39:36]: [FINE] The user NightmareDady has 2 accounts:
[07-29 14:39:36]: [FINE] §7§aazansalehhh§7, §aNightmareDady§7.
[07-29 14:39:36]: [FINE] NightmareDady logged in 119.73.121.97
[07-29 14:48:23]: [FINE] The user azansalehhh has 2 accounts:
[07-29 14:48:23]: [FINE] §7§aazansalehhh§7, nightmaredady.
[07-29 14:48:23]: [FINE] azansalehhh logged in 119.73.121.97
[07-29 14:50:02]: [FINE] The user hanansaleh has 2 accounts:
[07-29 14:50:02]: [FINE] §7§ahanansaleh§7, manansaleh2007.
[07-29 14:50:02]: [FINE] hanansaleh logged in 182.185.175.207
[07-29 14:51:07]: [FINE] The user hanansaleh has 2 accounts:
[07-29 14:51:07]: [FINE] §7§ahanansaleh§7, manansaleh2007.
[07-29 14:51:07]: [FINE] hanansaleh logged in 182.185.175.207
[07-29 15:00:02]: [FINE] The user NightmareDady has 2 accounts:
[07-29 15:00:02]: [FINE] §7§aazansalehhh§7, §aNightmareDady§7.
[07-29 15:00:02]: [FINE] NightmareDady logged in 119.73.121.97
[07-29 15:01:55]: [FINE] The user NightmareDady has 2 accounts:
[07-29 15:01:55]: [FINE] §7§aazansalehhh§7, §aNightmareDady§7.
[07-29 15:01:55]: [FINE] NightmareDady logged in 119.73.121.97
[07-29 15:15:07]: [FINE] The user azansalehhh has 2 accounts:
[07-29 15:15:07]: [FINE] §7§aazansalehhh§7, nightmaredady.
[07-29 15:15:07]: [FINE] azansalehhh logged in 119.73.121.97
[07-29 15:16:39]: [FINE] The user NightmareDady has 2 accounts:
[07-29 15:16:39]: [FINE] §7azansalehhh, §aNightmareDady§7.
[07-29 15:16:39]: [FINE] NightmareDady logged in 119.73.121.97
[07-29 15:17:05]: [FINE] The user azansalehhh has 2 accounts:
[07-29 15:17:05]: [FINE] §7§aazansalehhh§7, §aNightmareDady§7.
[07-29 15:17:05]: [FINE] azansalehhh logged in 119.73.121.97
[07-29 15:18:07]: [FINE] The user NightmareDady has 2 accounts:
[07-29 15:18:07]: [FINE] §7§aazansalehhh§7, §aNightmareDady§7.
[07-29 15:18:07]: [FINE] NightmareDady logged in 119.73.121.97
[07-29 15:20:30]: [FINE] The user NightmareDady has 2 accounts:
[07-29 15:20:30]: [FINE] §7azansalehhh, §aNightmareDady§7.
[07-29 15:20:30]: [FINE] NightmareDady logged in 119.73.121.97
[07-29 15:23:38]: [FINE] The user NightmareDady has 2 accounts:
[07-29 15:23:38]: [FINE] §7azansalehhh, §aNightmareDady§7.
[07-29 15:23:38]: [FINE] NightmareDady logged in 119.73.121.97
[07-29 15:25:14]: [FINE] The user azansalehhh has 2 accounts:
[07-29 15:25:14]: [FINE] §7§aazansalehhh§7, §aNightmareDady§7.
[07-29 15:25:14]: [FINE] azansalehhh logged in 119.73.121.97
[07-29 15:30:31]: [FINE] The user azansalehhh has 2 accounts:
[07-29 15:30:31]: [FINE] §7§aazansalehhh§7, §aNightmareDady§7.
[07-29 15:30:31]: [FINE] azansalehhh logged in 119.73.121.97
[07-29 15:36:10]: [FINE] The user hanansaleh has 2 accounts:
[07-29 15:36:10]: [FINE] §7§ahanansaleh§7, manansaleh2007.
[07-29 15:36:10]: [FINE] hanansaleh logged in 182.185.175.207
[07-29 15:40:43]: [FINE] The user NightmareDady has 2 accounts:
[07-29 15:40:43]: [FINE] §7§aazansalehhh§7, §aNightmareDady§7.
[07-29 15:40:43]: [FINE] NightmareDady logged in 119.73.121.97
[07-29 15:42:59]: [INFO] AuthMe 6.0.0-b2734 disabled!
[07-29 20:55:13]: [INFO] SQLite Setup finished
[07-29 20:55:13]: [INFO] Hooked into LuckPerms!
[07-29 20:55:14]: [INFO] Hooked successfully into Essentials
[07-29 20:55:14]: [INFO] Essentials spawn file not found: '/server/plugins/Essentials/spawn.yml'
[07-29 20:55:14]: [WARN] WARNING! The protectInventory feature requires PacketEvents! Disabling it...
[07-29 20:55:14]: [INFO] AuthMe 6.0.0 build n.2734 successfully enabled!
[07-29 20:55:21]: [INFO] Downloading GEO IP database, because the old database is older than 30 days or doesn't exist
[07-29 20:55:21]: [WARN] No MaxMind credentials found in the configuration file! GeoIp protections will be disabled.
[07-29 20:55:21]: [INFO] There is no newer GEO IP database uploaded to MaxMind. Using the old one for now.
[07-29 20:55:21]: [WARN] Could not download GeoLiteAPI database [FileNotFoundException]: plugins/AuthMe/GeoLite2-Country.mmdb (No such file or directory)
[07-29 20:55:21]: java.io.FileNotFoundException: plugins/AuthMe/GeoLite2-Country.mmdb (No such file or directory)
	at java.base/java.io.RandomAccessFile.open0(Native Method)
	at java.base/java.io.RandomAccessFile.open(RandomAccessFile.java:338)
	at java.base/java.io.RandomAccessFile.<init>(RandomAccessFile.java:257)
	at java.base/java.io.RandomAccessFile.<init>(RandomAccessFile.java:211)
	at com.maxmind.db.BufferHolder.<init>(BufferHolder.java:19)
	at com.maxmind.db.Reader.<init>(Reader.java:119)
	at com.maxmind.geoip2.DatabaseReader.<init>(DatabaseReader.java:106)
	at com.maxmind.geoip2.DatabaseReader$Builder.build(DatabaseReader.java:238)
	at AuthMe-6.0.0-Spigot-1.21.jar//fr.xephi.authme.service.GeoIpService.startReading(GeoIpService.java:183)
	at AuthMe-6.0.0-Spigot-1.21.jar//fr.xephi.authme.service.GeoIpService.updateDatabase(GeoIpService.java:150)
	at org.bukkit.craftbukkit.scheduler.CraftTask.run(CraftTask.java:78)
	at org.bukkit.craftbukkit.scheduler.CraftAsyncTask.run(CraftAsyncTask.java:57)
	at com.destroystokyo.paper.ServerSchedulerReportingWrapper.run(ServerSchedulerReportingWrapper.java:22)
	at java.base/java.util.concurrent.ThreadPoolExecutor.runWorker(ThreadPoolExecutor.java:1090)
	at java.base/java.util.concurrent.ThreadPoolExecutor$Worker.run(ThreadPoolExecutor.java:614)
	at java.base/java.lang.Thread.run(Thread.java:1474)

[07-29 20:55:33]: [FINE] The user NightmareDady has 2 accounts:
[07-29 20:55:33]: [FINE] §7azansalehhh, §aNightmareDady§7.
[07-29 20:55:33]: [FINE] NightmareDady logged in 119.73.121.97
[07-29 21:08:26]: [FINE] The user NightmareDady has 2 accounts:
[07-29 21:08:26]: [FINE] §7azansalehhh, §aNightmareDady§7.
[07-29 21:08:26]: [FINE] NightmareDady logged in 119.73.121.97
[07-29 21:19:35]: [FINE] The user hanansaleh has 2 accounts:
[07-29 21:19:35]: [FINE] §7§ahanansaleh§7, manansaleh2007.
[07-29 21:19:35]: [FINE] hanansaleh logged in 182.185.175.207
[07-29 21:24:09]: [FINE] The user manansaleh2007 has 2 accounts:
[07-29 21:24:09]: [FINE] §7hanansaleh, §amanansaleh2007§7.
[07-29 21:24:09]: [FINE] manansaleh2007 logged in 182.185.175.207
[07-29 21:24:46]: [FINE] The user azansalehhh has 2 accounts:
[07-29 21:24:46]: [FINE] §7§aazansalehhh§7, §aNightmareDady§7.
[07-29 21:24:46]: [FINE] azansalehhh logged in 119.73.121.97
[07-29 21:25:02]: [FINE] The user hanansaleh has 2 accounts:
[07-29 21:25:02]: [FINE] §7§ahanansaleh§7, §amanansaleh2007§7.
[07-29 21:25:02]: [FINE] hanansaleh logged in 182.185.175.207
[07-29 21:26:06]: [FINE] hanansaleh logged in 154.91.165.55
[07-29 21:27:26]: [FINE] The user hanansaleh has 2 accounts:
[07-29 21:27:26]: [FINE] §7§ahanansaleh§7, §amanansaleh2007§7.
[07-29 21:27:26]: [FINE] hanansaleh logged in 182.185.175.207
[07-29 21:35:25]: [FINE] The user azansalehhh has 2 accounts:
[07-29 21:35:25]: [FINE] §7§aazansalehhh§7, nightmaredady.
[07-29 21:35:25]: [FINE] azansalehhh logged in 119.73.121.97
[07-29 21:36:10]: [FINE] The user NightmareDady has 2 accounts:
[07-29 21:36:10]: [FINE] §7§aazansalehhh§7, §aNightmareDady§7.
[07-29 21:36:10]: [FINE] NightmareDady logged in 119.73.121.97
[07-29 21:39:07]: [FINE] The user NightmareDady has 2 accounts:
[07-29 21:39:07]: [FINE] §7§aazansalehhh§7, §aNightmareDady§7.
[07-29 21:39:07]: [FINE] NightmareDady logged in 119.73.121.97
[07-29 22:05:05]: [INFO] AuthMe 6.0.0-b2734 disabled!
[07-29 22:16:33]: [INFO] SQLite Setup finished
[07-29 22:16:33]: [INFO] Hooked into LuckPerms!
[07-29 22:16:33]: [INFO] Hooked successfully into Essentials
[07-29 22:16:33]: [INFO] Essentials spawn file not found: '/server/plugins/Essentials/spawn.yml'
[07-29 22:16:34]: [WARN] WARNING! The protectInventory feature requires PacketEvents! Disabling it...
[07-29 22:16:34]: [INFO] AuthMe 6.0.0 build n.2734 successfully enabled!
[07-29 22:16:41]: [INFO] Downloading GEO IP database, because the old database is older than 30 days or doesn't exist
[07-29 22:16:41]: [WARN] No MaxMind credentials found in the configuration file! GeoIp protections will be disabled.
[07-29 22:16:41]: [INFO] There is no newer GEO IP database uploaded to MaxMind. Using the old one for now.
[07-29 22:16:41]: [WARN] Could not download GeoLiteAPI database [FileNotFoundException]: plugins/AuthMe/GeoLite2-Country.mmdb (No such file or directory)
[07-29 22:16:41]: java.io.FileNotFoundException: plugins/AuthMe/GeoLite2-Country.mmdb (No such file or directory)
	at java.base/java.io.RandomAccessFile.open0(Native Method)
	at java.base/java.io.RandomAccessFile.open(RandomAccessFile.java:338)
	at java.base/java.io.RandomAccessFile.<init>(RandomAccessFile.java:257)
	at java.base/java.io.RandomAccessFile.<init>(RandomAccessFile.java:211)
	at com.maxmind.db.BufferHolder.<init>(BufferHolder.java:19)
	at com.maxmind.db.Reader.<init>(Reader.java:119)
	at com.maxmind.geoip2.DatabaseReader.<init>(DatabaseReader.java:106)
	at com.maxmind.geoip2.DatabaseReader$Builder.build(DatabaseReader.java:238)
	at AuthMe-6.0.0-Spigot-1.21.jar//fr.xephi.authme.service.GeoIpService.startReading(GeoIpService.java:183)
	at AuthMe-6.0.0-Spigot-1.21.jar//fr.xephi.authme.service.GeoIpService.updateDatabase(GeoIpService.java:150)
	at org.bukkit.craftbukkit.scheduler.CraftTask.run(CraftTask.java:78)
	at org.bukkit.craftbukkit.scheduler.CraftAsyncTask.run(CraftAsyncTask.java:57)
	at com.destroystokyo.paper.ServerSchedulerReportingWrapper.run(ServerSchedulerReportingWrapper.java:22)
	at java.base/java.util.concurrent.ThreadPoolExecutor.runWorker(ThreadPoolExecutor.java:1090)
	at java.base/java.util.concurrent.ThreadPoolExecutor$Worker.run(ThreadPoolExecutor.java:614)
	at java.base/java.lang.Thread.run(Thread.java:1474)

[07-29 22:21:44]: [INFO] AuthMe 6.0.0-b2734 disabled!
[07-29 22:40:00]: [INFO] SQLite Setup finished
[07-29 22:40:00]: [INFO] Hooked into LuckPerms!
[07-29 22:40:00]: [INFO] Hooked successfully into Essentials
[07-29 22:40:00]: [INFO] Essentials spawn file not found: '/server/plugins/Essentials/spawn.yml'
[07-29 22:40:00]: [WARN] WARNING! The protectInventory feature requires PacketEvents! Disabling it...
[07-29 22:40:00]: [INFO] AuthMe 6.0.0 build n.2734 successfully enabled!
[07-29 22:40:07]: [INFO] Downloading GEO IP database, because the old database is older than 30 days or doesn't exist
[07-29 22:40:07]: [WARN] No MaxMind credentials found in the configuration file! GeoIp protections will be disabled.
[07-29 22:40:07]: [INFO] There is no newer GEO IP database uploaded to MaxMind. Using the old one for now.
[07-29 22:40:07]: [WARN] Could not download GeoLiteAPI database [FileNotFoundException]: plugins/AuthMe/GeoLite2-Country.mmdb (No such file or directory)
[07-29 22:40:07]: java.io.FileNotFoundException: plugins/AuthMe/GeoLite2-Country.mmdb (No such file or directory)
	at java.base/java.io.RandomAccessFile.open0(Native Method)
	at java.base/java.io.RandomAccessFile.open(RandomAccessFile.java:338)
	at java.base/java.io.RandomAccessFile.<init>(RandomAccessFile.java:257)
	at java.base/java.io.RandomAccessFile.<init>(RandomAccessFile.java:211)
	at com.maxmind.db.BufferHolder.<init>(BufferHolder.java:19)
	at com.maxmind.db.Reader.<init>(Reader.java:119)
	at com.maxmind.geoip2.DatabaseReader.<init>(DatabaseReader.java:106)
	at com.maxmind.geoip2.DatabaseReader$Builder.build(DatabaseReader.java:238)
	at AuthMe-6.0.0-Spigot-1.21.jar//fr.xephi.authme.service.GeoIpService.startReading(GeoIpService.java:183)
	at AuthMe-6.0.0-Spigot-1.21.jar//fr.xephi.authme.service.GeoIpService.updateDatabase(GeoIpService.java:150)
	at org.bukkit.craftbukkit.scheduler.CraftTask.run(CraftTask.java:78)
	at org.bukkit.craftbukkit.scheduler.CraftAsyncTask.run(CraftAsyncTask.java:57)
	at com.destroystokyo.paper.ServerSchedulerReportingWrapper.run(ServerSchedulerReportingWrapper.java:22)
	at java.base/java.util.concurrent.ThreadPoolExecutor.runWorker(ThreadPoolExecutor.java:1090)
	at java.base/java.util.concurrent.ThreadPoolExecutor$Worker.run(ThreadPoolExecutor.java:614)
	at java.base/java.lang.Thread.run(Thread.java:1474)

[07-29 22:40:11]: [FINE] The user hanansaleh has 2 accounts:
[07-29 22:40:11]: [FINE] §7§ahanansaleh§7, manansaleh2007.
[07-29 22:40:11]: [FINE] hanansaleh logged in 182.185.175.207
[07-29 22:40:43]: [FINE] The user NightmareDady has 2 accounts:
[07-29 22:40:43]: [FINE] §7azansalehhh, §aNightmareDady§7.
[07-29 22:40:43]: [FINE] NightmareDady logged in 119.73.121.97
[07-29 22:50:52]: [FINE] The user NightmareDady has 2 accounts:
[07-29 22:50:52]: [FINE] §7azansalehhh, §aNightmareDady§7.
[07-29 22:50:52]: [FINE] NightmareDady logged in 119.73.121.97
[07-29 22:51:38]: [FINE] The user azansalehhh has 2 accounts:
[07-29 22:51:38]: [FINE] §7§aazansalehhh§7, §aNightmareDady§7.
[07-29 22:51:38]: [FINE] azansalehhh logged in 119.73.121.97
[07-29 22:54:09]: [FINE] The user azansalehhh has 2 accounts:
[07-29 22:54:09]: [FINE] §7§aazansalehhh§7, nightmaredady.
[07-29 22:54:09]: [FINE] azansalehhh logged in 119.73.121.97
[07-29 23:01:50]: [FINE] The user NightmareDady has 2 accounts:
[07-29 23:01:50]: [FINE] §7azansalehhh, §aNightmareDady§7.
[07-29 23:01:50]: [FINE] NightmareDady logged in 119.73.121.97
[07-29 23:05:57]: [FINE] The user NightmareDady has 2 accounts:
[07-29 23:05:57]: [FINE] §7azansalehhh, §aNightmareDady§7.
[07-29 23:05:57]: [FINE] NightmareDady logged in 119.73.121.97
[07-29 23:06:14]: [FINE] The user hanansaleh has 2 accounts:
[07-29 23:06:14]: [FINE] §7§ahanansaleh§7, manansaleh2007.
[07-29 23:06:14]: [FINE] hanansaleh logged in 182.185.175.207
[07-29 23:07:16]: [FINE] The user manansaleh2007 has 2 accounts:
[07-29 23:07:16]: [FINE] §7§ahanansaleh§7, §amanansaleh2007§7.
[07-29 23:07:16]: [FINE] manansaleh2007 logged in 182.185.175.207
[07-29 23:45:30]: [FINE] The user NightmareDady has 2 accounts:
[07-29 23:45:30]: [FINE] §7azansalehhh, §aNightmareDady§7.
[07-29 23:45:30]: [FINE] NightmareDady logged in 119.73.121.97
[07-30 00:07:48]: [INFO] AuthMe 6.0.0-b2734 disabled!
[07-30 06:52:01]: [INFO] SQLite Setup finished
[07-30 06:52:01]: [INFO] Hooked into LuckPerms!
[07-30 06:52:02]: [INFO] Hooked successfully into Essentials
[07-30 06:52:02]: [INFO] Essentials spawn file not found: '/server/plugins/Essentials/spawn.yml'
[07-30 06:52:02]: [WARN] WARNING! The protectInventory feature requires PacketEvents! Disabling it...
[07-30 06:52:02]: [INFO] AuthMe 6.0.0 build n.2734 successfully enabled!
[07-30 06:52:08]: [INFO] Downloading GEO IP database, because the old database is older than 30 days or doesn't exist
[07-30 06:52:08]: [WARN] No MaxMind credentials found in the configuration file! GeoIp protections will be disabled.
[07-30 06:52:08]: [INFO] There is no newer GEO IP database uploaded to MaxMind. Using the old one for now.
[07-30 06:52:08]: [WARN] Could not download GeoLiteAPI database [FileNotFoundException]: plugins/AuthMe/GeoLite2-Country.mmdb (No such file or directory)
[07-30 06:52:08]: java.io.FileNotFoundException: plugins/AuthMe/GeoLite2-Country.mmdb (No such file or directory)
	at java.base/java.io.RandomAccessFile.open0(Native Method)
	at java.base/java.io.RandomAccessFile.open(RandomAccessFile.java:338)
	at java.base/java.io.RandomAccessFile.<init>(RandomAccessFile.java:257)
	at java.base/java.io.RandomAccessFile.<init>(RandomAccessFile.java:211)
	at com.maxmind.db.BufferHolder.<init>(BufferHolder.java:19)
	at com.maxmind.db.Reader.<init>(Reader.java:119)
	at com.maxmind.geoip2.DatabaseReader.<init>(DatabaseReader.java:106)
	at com.maxmind.geoip2.DatabaseReader$Builder.build(DatabaseReader.java:238)
	at AuthMe-6.0.0-Spigot-1.21.jar//fr.xephi.authme.service.GeoIpService.startReading(GeoIpService.java:183)
	at AuthMe-6.0.0-Spigot-1.21.jar//fr.xephi.authme.service.GeoIpService.updateDatabase(GeoIpService.java:150)
	at org.bukkit.craftbukkit.scheduler.CraftTask.run(CraftTask.java:78)
	at org.bukkit.craftbukkit.scheduler.CraftAsyncTask.run(CraftAsyncTask.java:57)
	at com.destroystokyo.paper.ServerSchedulerReportingWrapper.run(ServerSchedulerReportingWrapper.java:22)
	at java.base/java.util.concurrent.ThreadPoolExecutor.runWorker(ThreadPoolExecutor.java:1090)
	at java.base/java.util.concurrent.ThreadPoolExecutor$Worker.run(ThreadPoolExecutor.java:614)
	at java.base/java.lang.Thread.run(Thread.java:1474)

[07-30 06:59:37]: [INFO] AuthMe 6.0.0-b2734 disabled!
[07-30 11:15:38]: [INFO] SQLite Setup finished
[07-30 11:15:38]: [INFO] Hooked into LuckPerms!
[07-30 11:15:38]: [INFO] Hooked successfully into Essentials
[07-30 11:15:38]: [INFO] Essentials spawn file not found: '/server/plugins/Essentials/spawn.yml'
[07-30 11:15:38]: [WARN] WARNING! The protectInventory feature requires PacketEvents! Disabling it...
[07-30 11:15:38]: [INFO] AuthMe 6.0.0 build n.2734 successfully enabled!
[07-30 11:15:43]: [INFO] Downloading GEO IP database, because the old database is older than 30 days or doesn't exist
[07-30 11:15:43]: [WARN] No MaxMind credentials found in the configuration file! GeoIp protections will be disabled.
[07-30 11:15:43]: [INFO] There is no newer GEO IP database uploaded to MaxMind. Using the old one for now.
[07-30 11:15:43]: [WARN] Could not download GeoLiteAPI database [FileNotFoundException]: plugins/AuthMe/GeoLite2-Country.mmdb (No such file or directory)
[07-30 11:15:43]: java.io.FileNotFoundException: plugins/AuthMe/GeoLite2-Country.mmdb (No such file or directory)
	at java.base/java.io.RandomAccessFile.open0(Native Method)
	at java.base/java.io.RandomAccessFile.open(RandomAccessFile.java:338)
	at java.base/java.io.RandomAccessFile.<init>(RandomAccessFile.java:257)
	at java.base/java.io.RandomAccessFile.<init>(RandomAccessFile.java:211)
	at com.maxmind.db.BufferHolder.<init>(BufferHolder.java:19)
	at com.maxmind.db.Reader.<init>(Reader.java:119)
	at com.maxmind.geoip2.DatabaseReader.<init>(DatabaseReader.java:106)
	at com.maxmind.geoip2.DatabaseReader$Builder.build(DatabaseReader.java:238)
	at AuthMe-6.0.0-Spigot-1.21.jar//fr.xephi.authme.service.GeoIpService.startReading(GeoIpService.java:183)
	at AuthMe-6.0.0-Spigot-1.21.jar//fr.xephi.authme.service.GeoIpService.updateDatabase(GeoIpService.java:150)
	at org.bukkit.craftbukkit.scheduler.CraftTask.run(CraftTask.java:78)
	at org.bukkit.craftbukkit.scheduler.CraftAsyncTask.run(CraftAsyncTask.java:57)
	at com.destroystokyo.paper.ServerSchedulerReportingWrapper.run(ServerSchedulerReportingWrapper.java:22)
	at java.base/java.util.concurrent.ThreadPoolExecutor.runWorker(ThreadPoolExecutor.java:1090)
	at java.base/java.util.concurrent.ThreadPoolExecutor$Worker.run(ThreadPoolExecutor.java:614)
	at java.base/java.lang.Thread.run(Thread.java:1474)

[07-30 11:16:01]: [FINE] The user NightmareDady has 2 accounts:
[07-30 11:16:01]: [FINE] §7azansalehhh, §aNightmareDady§7.
[07-30 11:16:01]: [FINE] NightmareDady logged in 119.73.121.97
[07-30 11:42:04]: [FINE] The user manansaleh2007 has 2 accounts:
[07-30 11:42:04]: [FINE] §7hanansaleh, §amanansaleh2007§7.
[07-30 11:42:04]: [FINE] manansaleh2007 logged in 182.185.175.207
[07-30 11:44:41]: [FINE] The user hanansaleh has 2 accounts:
[07-30 11:44:41]: [FINE] §7§ahanansaleh§7, §amanansaleh2007§7.
[07-30 11:44:41]: [FINE] hanansaleh logged in 182.185.175.207
[07-30 11:46:43]: [FINE] The user NightmareDady has 2 accounts:
[07-30 11:46:43]: [FINE] §7azansalehhh, §aNightmareDady§7.
[07-30 11:46:43]: [FINE] NightmareDady logged in 119.73.121.97
[07-30 11:50:02]: [FINE] The user NightmareDady has 2 accounts:
[07-30 11:50:02]: [FINE] §7azansalehhh, §aNightmareDady§7.
[07-30 11:50:02]: [FINE] NightmareDady logged in 119.73.121.97
[07-30 11:51:30]: [FINE] The user NightmareDady has 2 accounts:
[07-30 11:51:30]: [FINE] §7azansalehhh, §aNightmareDady§7.
[07-30 11:51:30]: [FINE] NightmareDady logged in 119.73.121.97
[07-30 12:03:18]: [FINE] The user NightmareDady has 2 accounts:
[07-30 12:03:18]: [FINE] §7azansalehhh, §aNightmareDady§7.
[07-30 12:03:18]: [FINE] NightmareDady logged in 119.73.121.97
[07-30 12:08:03]: [FINE] The user NightmareDady has 2 accounts:
[07-30 12:08:03]: [FINE] §7azansalehhh, §aNightmareDady§7.
[07-30 12:08:03]: [FINE] NightmareDady logged in 119.73.121.97
[07-30 12:27:30]: [FINE] The user NightmareDady has 2 accounts:
[07-30 12:27:30]: [FINE] §7azansalehhh, §aNightmareDady§7.
[07-30 12:27:30]: [FINE] NightmareDady logged in 119.73.121.97
[07-30 12:55:30]: [INFO] AuthMe 6.0.0-b2734 disabled!
[07-30 13:20:03]: [INFO] SQLite Setup finished
[07-30 13:20:03]: [INFO] Hooked into LuckPerms!
[07-30 13:20:03]: [INFO] Hooked successfully into Essentials
[07-30 13:20:03]: [INFO] Essentials spawn file not found: '/server/plugins/Essentials/spawn.yml'
[07-30 13:20:03]: [WARN] WARNING! The protectInventory feature requires PacketEvents! Disabling it...
[07-30 13:20:03]: [INFO] AuthMe 6.0.0 build n.2734 successfully enabled!
[07-30 13:20:10]: [INFO] Downloading GEO IP database, because the old database is older than 30 days or doesn't exist
[07-30 13:20:10]: [WARN] No MaxMind credentials found in the configuration file! GeoIp protections will be disabled.
[07-30 13:20:10]: [INFO] There is no newer GEO IP database uploaded to MaxMind. Using the old one for now.
[07-30 13:20:10]: [WARN] Could not download GeoLiteAPI database [FileNotFoundException]: plugins/AuthMe/GeoLite2-Country.mmdb (No such file or directory)
[07-30 13:20:10]: java.io.FileNotFoundException: plugins/AuthMe/GeoLite2-Country.mmdb (No such file or directory)
	at java.base/java.io.RandomAccessFile.open0(Native Method)
	at java.base/java.io.RandomAccessFile.open(RandomAccessFile.java:338)
	at java.base/java.io.RandomAccessFile.<init>(RandomAccessFile.java:257)
	at java.base/java.io.RandomAccessFile.<init>(RandomAccessFile.java:211)
	at com.maxmind.db.BufferHolder.<init>(BufferHolder.java:19)
	at com.maxmind.db.Reader.<init>(Reader.java:119)
	at com.maxmind.geoip2.DatabaseReader.<init>(DatabaseReader.java:106)
	at com.maxmind.geoip2.DatabaseReader$Builder.build(DatabaseReader.java:238)
	at AuthMe-6.0.0-Spigot-1.21.jar//fr.xephi.authme.service.GeoIpService.startReading(GeoIpService.java:183)
	at AuthMe-6.0.0-Spigot-1.21.jar//fr.xephi.authme.service.GeoIpService.updateDatabase(GeoIpService.java:150)
	at org.bukkit.craftbukkit.scheduler.CraftTask.run(CraftTask.java:78)
	at org.bukkit.craftbukkit.scheduler.CraftAsyncTask.run(CraftAsyncTask.java:57)
	at com.destroystokyo.paper.ServerSchedulerReportingWrapper.run(ServerSchedulerReportingWrapper.java:22)
	at java.base/java.util.concurrent.ThreadPoolExecutor.runWorker(ThreadPoolExecutor.java:1090)
	at java.base/java.util.concurrent.ThreadPoolExecutor$Worker.run(ThreadPoolExecutor.java:614)
	at java.base/java.lang.Thread.run(Thread.java:1474)

[07-30 13:20:57]: [FINE] The user NightmareDady has 2 accounts:
[07-30 13:20:57]: [FINE] §7azansalehhh, §aNightmareDady§7.
[07-30 13:20:57]: [FINE] NightmareDady logged in 119.73.121.97
[07-30 13:31:00]: [FINE] The user manansaleh2007 has 2 accounts:
[07-30 13:31:00]: [FINE] §7hanansaleh, §amanansaleh2007§7.
[07-30 13:31:00]: [FINE] manansaleh2007 logged in 182.185.175.207
[07-30 13:33:20]: [FINE] The user NightmareDady has 2 accounts:
[07-30 13:33:20]: [FINE] §7azansalehhh, §aNightmareDady§7.
[07-30 13:33:20]: [FINE] NightmareDady logged in 119.73.121.97
[07-30 13:35:46]: [FINE] The user NightmareDady has 2 accounts:
[07-30 13:35:46]: [FINE] §7azansalehhh, §aNightmareDady§7.
[07-30 13:35:46]: [FINE] NightmareDady logged in 119.73.121.97
[07-30 13:44:48]: [FINE] The user hanansaleh has 2 accounts:
[07-30 13:44:48]: [FINE] §7§ahanansaleh§7, §amanansaleh2007§7.
[07-30 13:44:48]: [FINE] hanansaleh logged in 182.185.175.207
[07-30 13:54:51]: [FINE] The user hanansaleh has 2 accounts:
[07-30 13:54:51]: [FINE] §7§ahanansaleh§7, manansaleh2007.
[07-30 13:54:51]: [FINE] hanansaleh logged in 182.185.175.207
[07-30 14:02:45]: [FINE] The user NightmareDady has 2 accounts:
[07-30 14:02:45]: [FINE] §7azansalehhh, §aNightmareDady§7.
[07-30 14:02:45]: [FINE] NightmareDady logged in 119.73.121.97
[07-30 14:22:19]: [INFO] AuthMe 6.0.0-b2734 disabled!
[07-30 14:39:32]: [INFO] SQLite Setup finished
[07-30 14:39:32]: [INFO] Hooked into LuckPerms!
[07-30 14:39:32]: [INFO] Hooked successfully into Essentials
[07-30 14:39:32]: [INFO] Essentials spawn file not found: '/server/plugins/Essentials/spawn.yml'
[07-30 14:39:32]: [WARN] WARNING! The protectInventory feature requires PacketEvents! Disabling it...
[07-30 14:39:33]: [INFO] AuthMe 6.0.0 build n.2734 successfully enabled!
[07-30 14:39:39]: [INFO] Downloading GEO IP database, because the old database is older than 30 days or doesn't exist
[07-30 14:39:39]: [WARN] No MaxMind credentials found in the configuration file! GeoIp protections will be disabled.
[07-30 14:39:39]: [INFO] There is no newer GEO IP database uploaded to MaxMind. Using the old one for now.
[07-30 14:39:39]: [WARN] Could not download GeoLiteAPI database [FileNotFoundException]: plugins/AuthMe/GeoLite2-Country.mmdb (No such file or directory)
[07-30 14:39:39]: java.io.FileNotFoundException: plugins/AuthMe/GeoLite2-Country.mmdb (No such file or directory)
	at java.base/java.io.RandomAccessFile.open0(Native Method)
	at java.base/java.io.RandomAccessFile.open(RandomAccessFile.java:338)
	at java.base/java.io.RandomAccessFile.<init>(RandomAccessFile.java:257)
	at java.base/java.io.RandomAccessFile.<init>(RandomAccessFile.java:211)
	at com.maxmind.db.BufferHolder.<init>(BufferHolder.java:19)
	at com.maxmind.db.Reader.<init>(Reader.java:119)
	at com.maxmind.geoip2.DatabaseReader.<init>(DatabaseReader.java:106)
	at com.maxmind.geoip2.DatabaseReader$Builder.build(DatabaseReader.java:238)
	at AuthMe-6.0.0-Spigot-1.21.jar//fr.xephi.authme.service.GeoIpService.startReading(GeoIpService.java:183)
	at AuthMe-6.0.0-Spigot-1.21.jar//fr.xephi.authme.service.GeoIpService.updateDatabase(GeoIpService.java:150)
	at org.bukkit.craftbukkit.scheduler.CraftTask.run(CraftTask.java:78)
	at org.bukkit.craftbukkit.scheduler.CraftAsyncTask.run(CraftAsyncTask.java:57)
	at com.destroystokyo.paper.ServerSchedulerReportingWrapper.run(ServerSchedulerReportingWrapper.java:22)
	at java.base/java.util.concurrent.ThreadPoolExecutor.runWorker(ThreadPoolExecutor.java:1090)
	at java.base/java.util.concurrent.ThreadPoolExecutor$Worker.run(ThreadPoolExecutor.java:614)
	at java.base/java.lang.Thread.run(Thread.java:1474)

[07-30 14:44:45]: [INFO] AuthMe 6.0.0-b2734 disabled!
[07-30 15:11:59]: [INFO] SQLite Setup finished
[07-30 15:11:59]: [INFO] Hooked into LuckPerms!
[07-30 15:11:59]: [INFO] Hooked successfully into Essentials
[07-30 15:11:59]: [INFO] Essentials spawn file not found: '/server/plugins/Essentials/spawn.yml'
[07-30 15:11:59]: [WARN] WARNING! The protectInventory feature requires PacketEvents! Disabling it...
[07-30 15:11:59]: [INFO] AuthMe 6.0.0 build n.2734 successfully enabled!
[07-30 15:12:06]: [INFO] Downloading GEO IP database, because the old database is older than 30 days or doesn't exist
[07-30 15:12:06]: [WARN] No MaxMind credentials found in the configuration file! GeoIp protections will be disabled.
[07-30 15:12:06]: [INFO] There is no newer GEO IP database uploaded to MaxMind. Using the old one for now.
[07-30 15:12:06]: [WARN] Could not download GeoLiteAPI database [FileNotFoundException]: plugins/AuthMe/GeoLite2-Country.mmdb (No such file or directory)
[07-30 15:12:06]: java.io.FileNotFoundException: plugins/AuthMe/GeoLite2-Country.mmdb (No such file or directory)
	at java.base/java.io.RandomAccessFile.open0(Native Method)
	at java.base/java.io.RandomAccessFile.open(RandomAccessFile.java:338)
	at java.base/java.io.RandomAccessFile.<init>(RandomAccessFile.java:257)
	at java.base/java.io.RandomAccessFile.<init>(RandomAccessFile.java:211)
	at com.maxmind.db.BufferHolder.<init>(BufferHolder.java:19)
	at com.maxmind.db.Reader.<init>(Reader.java:119)
	at com.maxmind.geoip2.DatabaseReader.<init>(DatabaseReader.java:106)
	at com.maxmind.geoip2.DatabaseReader$Builder.build(DatabaseReader.java:238)
	at AuthMe-6.0.0-Spigot-1.21.jar//fr.xephi.authme.service.GeoIpService.startReading(GeoIpService.java:183)
	at AuthMe-6.0.0-Spigot-1.21.jar//fr.xephi.authme.service.GeoIpService.updateDatabase(GeoIpService.java:150)
	at org.bukkit.craftbukkit.scheduler.CraftTask.run(CraftTask.java:78)
	at org.bukkit.craftbukkit.scheduler.CraftAsyncTask.run(CraftAsyncTask.java:57)
	at com.destroystokyo.paper.ServerSchedulerReportingWrapper.run(ServerSchedulerReportingWrapper.java:22)
	at java.base/java.util.concurrent.ThreadPoolExecutor.runWorker(ThreadPoolExecutor.java:1090)
	at java.base/java.util.concurrent.ThreadPoolExecutor$Worker.run(ThreadPoolExecutor.java:614)
	at java.base/java.lang.Thread.run(Thread.java:1474)

[07-30 15:12:30]: [FINE] The user hanansaleh has 2 accounts:
[07-30 15:12:30]: [FINE] §7§ahanansaleh§7, manansaleh2007.
[07-30 15:12:30]: [FINE] hanansaleh logged in 182.185.175.207
[07-30 15:12:51]: [FINE] The user azansalehhh has 2 accounts:
[07-30 15:12:51]: [FINE] §7§aazansalehhh§7, nightmaredady.
[07-30 15:12:51]: [FINE] azansalehhh logged in 119.73.121.97
[07-30 15:12:55]: [FINE] The user NightmareDady has 2 accounts:
[07-30 15:12:55]: [FINE] §7§aazansalehhh§7, §aNightmareDady§7.
[07-30 15:12:55]: [FINE] NightmareDady logged in 119.73.121.97
[07-30 15:30:50]: [FINE] The user azansalehhh has 2 accounts:
[07-30 15:30:50]: [FINE] §7§aazansalehhh§7, §aNightmareDady§7.
[07-30 15:30:50]: [FINE] azansalehhh logged in 119.73.121.97
[07-30 15:33:14]: [FINE] The user manansaleh2007 has 2 accounts:
[07-30 15:33:14]: [FINE] §7§ahanansaleh§7, §amanansaleh2007§7.
[07-30 15:33:14]: [FINE] manansaleh2007 logged in 182.185.175.207
[07-30 15:37:11]: [FINE] The user NightmareDady has 2 accounts:
[07-30 15:37:11]: [FINE] §7azansalehhh, §aNightmareDady§7.
[07-30 15:37:11]: [FINE] NightmareDady logged in 119.73.121.97
[07-30 15:50:07]: [FINE] The user manansaleh2007 has 2 accounts:
[07-30 15:50:07]: [FINE] §7hanansaleh, §amanansaleh2007§7.
[07-30 15:50:07]: [FINE] manansaleh2007 logged in 182.185.175.207
[07-30 16:01:26]: [FINE] The user NightmareDady has 2 accounts:
[07-30 16:01:26]: [FINE] §7azansalehhh, §aNightmareDady§7.
[07-30 16:01:26]: [FINE] NightmareDady logged in 119.73.121.97
[07-30 16:04:21]: [FINE] The user manansaleh2007 has 2 accounts:
[07-30 16:04:21]: [FINE] §7hanansaleh, §amanansaleh2007§7.
[07-30 16:04:21]: [FINE] manansaleh2007 logged in 182.185.175.207
[07-30 16:05:31]: [FINE] The user manansaleh2007 has 2 accounts:
[07-30 16:05:31]: [FINE] §7hanansaleh, §amanansaleh2007§7.
[07-30 16:05:31]: [FINE] manansaleh2007 logged in 182.185.175.207
[07-30 16:05:55]: [FINE] The user manansaleh2007 has 2 accounts:
[07-30 16:05:55]: [FINE] §7hanansaleh, §amanansaleh2007§7.
[07-30 16:05:55]: [FINE] manansaleh2007 logged in 182.185.175.207
[07-30 16:14:03]: [INFO] AuthMe 6.0.0-b2734 disabled!
[07-30 19:26:36]: [INFO] SQLite Setup finished
[07-30 19:26:36]: [INFO] Hooked into LuckPerms!
[07-30 19:26:36]: [INFO] Hooked successfully into Essentials
[07-30 19:26:36]: [INFO] Essentials spawn file not found: '/server/plugins/Essentials/spawn.yml'
[07-30 19:26:36]: [WARN] WARNING! The protectInventory feature requires PacketEvents! Disabling it...
[07-30 19:26:36]: [INFO] AuthMe 6.0.0 build n.2734 successfully enabled!
[07-30 19:26:41]: [INFO] Downloading GEO IP database, because the old database is older than 30 days or doesn't exist
[07-30 19:26:41]: [WARN] No MaxMind credentials found in the configuration file! GeoIp protections will be disabled.
[07-30 19:26:41]: [INFO] There is no newer GEO IP database uploaded to MaxMind. Using the old one for now.
[07-30 19:26:41]: [WARN] Could not download GeoLiteAPI database [FileNotFoundException]: plugins/AuthMe/GeoLite2-Country.mmdb (No such file or directory)
[07-30 19:26:41]: java.io.FileNotFoundException: plugins/AuthMe/GeoLite2-Country.mmdb (No such file or directory)
	at java.base/java.io.RandomAccessFile.open0(Native Method)
	at java.base/java.io.RandomAccessFile.open(RandomAccessFile.java:338)
	at java.base/java.io.RandomAccessFile.<init>(RandomAccessFile.java:257)
	at java.base/java.io.RandomAccessFile.<init>(RandomAccessFile.java:211)
	at com.maxmind.db.BufferHolder.<init>(BufferHolder.java:19)
	at com.maxmind.db.Reader.<init>(Reader.java:119)
	at com.maxmind.geoip2.DatabaseReader.<init>(DatabaseReader.java:106)
	at com.maxmind.geoip2.DatabaseReader$Builder.build(DatabaseReader.java:238)
	at AuthMe-6.0.0-Spigot-1.21.jar//fr.xephi.authme.service.GeoIpService.startReading(GeoIpService.java:183)
	at AuthMe-6.0.0-Spigot-1.21.jar//fr.xephi.authme.service.GeoIpService.updateDatabase(GeoIpService.java:150)
	at org.bukkit.craftbukkit.scheduler.CraftTask.run(CraftTask.java:78)
	at org.bukkit.craftbukkit.scheduler.CraftAsyncTask.run(CraftAsyncTask.java:57)
	at com.destroystokyo.paper.ServerSchedulerReportingWrapper.run(ServerSchedulerReportingWrapper.java:22)
	at java.base/java.util.concurrent.ThreadPoolExecutor.runWorker(ThreadPoolExecutor.java:1090)
	at java.base/java.util.concurrent.ThreadPoolExecutor$Worker.run(ThreadPoolExecutor.java:614)
	at java.base/java.lang.Thread.run(Thread.java:1474)

[07-30 19:28:07]: [INFO] CONSOLE changed password of .hastybag7675
[07-30 19:28:50]: [FINE] The user hanansaleh has 2 accounts:
[07-30 19:28:50]: [FINE] §7§ahanansaleh§7, manansaleh2007.
[07-30 19:28:50]: [FINE] hanansaleh logged in 182.185.175.207
[07-30 19:29:37]: [FINE] .HastyBag7675 used the wrong password
[07-30 19:30:51]: [FINE] .HastyBag7675 logged in 207.30.52.22
[07-30 19:41:46]: [INFO] AuthMe 6.0.0-b2734 disabled!
[07-30 19:51:07]: [INFO] SQLite Setup finished
[07-30 19:51:07]: [INFO] Hooked into LuckPerms!
[07-30 19:51:07]: [INFO] Hooked successfully into Essentials
[07-30 19:51:07]: [INFO] Essentials spawn file not found: '/server/plugins/Essentials/spawn.yml'
[07-30 19:51:07]: [WARN] WARNING! The protectInventory feature requires PacketEvents! Disabling it...
[07-30 19:51:08]: [INFO] AuthMe 6.0.0 build n.2734 successfully enabled!
[07-30 19:51:13]: [INFO] Downloading GEO IP database, because the old database is older than 30 days or doesn't exist
[07-30 19:51:13]: [WARN] No MaxMind credentials found in the configuration file! GeoIp protections will be disabled.
[07-30 19:51:13]: [INFO] There is no newer GEO IP database uploaded to MaxMind. Using the old one for now.
[07-30 19:51:13]: [WARN] Could not download GeoLiteAPI database [FileNotFoundException]: plugins/AuthMe/GeoLite2-Country.mmdb (No such file or directory)
[07-30 19:51:13]: java.io.FileNotFoundException: plugins/AuthMe/GeoLite2-Country.mmdb (No such file or directory)
	at java.base/java.io.RandomAccessFile.open0(Native Method)
	at java.base/java.io.RandomAccessFile.open(RandomAccessFile.java:338)
	at java.base/java.io.RandomAccessFile.<init>(RandomAccessFile.java:257)
	at java.base/java.io.RandomAccessFile.<init>(RandomAccessFile.java:211)
	at com.maxmind.db.BufferHolder.<init>(BufferHolder.java:19)
	at com.maxmind.db.Reader.<init>(Reader.java:119)
	at com.maxmind.geoip2.DatabaseReader.<init>(DatabaseReader.java:106)
	at com.maxmind.geoip2.DatabaseReader$Builder.build(DatabaseReader.java:238)
	at AuthMe-6.0.0-Spigot-1.21.jar//fr.xephi.authme.service.GeoIpService.startReading(GeoIpService.java:183)
	at AuthMe-6.0.0-Spigot-1.21.jar//fr.xephi.authme.service.GeoIpService.updateDatabase(GeoIpService.java:150)
	at org.bukkit.craftbukkit.scheduler.CraftTask.run(CraftTask.java:78)
	at org.bukkit.craftbukkit.scheduler.CraftAsyncTask.run(CraftAsyncTask.java:57)
	at com.destroystokyo.paper.ServerSchedulerReportingWrapper.run(ServerSchedulerReportingWrapper.java:22)
	at java.base/java.util.concurrent.ThreadPoolExecutor.runWorker(ThreadPoolExecutor.java:1090)
	at java.base/java.util.concurrent.ThreadPoolExecutor$Worker.run(ThreadPoolExecutor.java:614)
	at java.base/java.lang.Thread.run(Thread.java:1474)

[07-30 19:51:22]: [FINE] The user hanansaleh has 2 accounts:
[07-30 19:51:22]: [FINE] §7§ahanansaleh§7, manansaleh2007.
[07-30 19:51:22]: [FINE] hanansaleh logged in 182.185.175.207
[07-30 19:51:37]: [FINE] The user NightmareDady has 2 accounts:
[07-30 19:51:37]: [FINE] §7azansalehhh, §aNightmareDady§7.
[07-30 19:51:37]: [FINE] NightmareDady logged in 119.73.121.97
[07-30 19:57:30]: [INFO] AuthMe 6.0.0-b2734 disabled!
[07-30 20:07:51]: [INFO] SQLite Setup finished
[07-30 20:07:51]: [INFO] Hooked into LuckPerms!
[07-30 20:07:52]: [INFO] Hooked successfully into Essentials
[07-30 20:07:52]: [INFO] Essentials spawn file not found: '/server/plugins/Essentials/spawn.yml'
[07-30 20:07:52]: [WARN] WARNING! The protectInventory feature requires PacketEvents! Disabling it...
[07-30 20:07:52]: [INFO] AuthMe 6.0.0 build n.2734 successfully enabled!
[07-30 20:08:02]: [INFO] Downloading GEO IP database, because the old database is older than 30 days or doesn't exist
[07-30 20:08:02]: [WARN] No MaxMind credentials found in the configuration file! GeoIp protections will be disabled.
[07-30 20:08:02]: [INFO] There is no newer GEO IP database uploaded to MaxMind. Using the old one for now.
[07-30 20:08:02]: [WARN] Could not download GeoLiteAPI database [FileNotFoundException]: plugins/AuthMe/GeoLite2-Country.mmdb (No such file or directory)
[07-30 20:08:02]: java.io.FileNotFoundException: plugins/AuthMe/GeoLite2-Country.mmdb (No such file or directory)
	at java.base/java.io.RandomAccessFile.open0(Native Method)
	at java.base/java.io.RandomAccessFile.open(RandomAccessFile.java:338)
	at java.base/java.io.RandomAccessFile.<init>(RandomAccessFile.java:257)
	at java.base/java.io.RandomAccessFile.<init>(RandomAccessFile.java:211)
	at com.maxmind.db.BufferHolder.<init>(BufferHolder.java:19)
	at com.maxmind.db.Reader.<init>(Reader.java:119)
	at com.maxmind.geoip2.DatabaseReader.<init>(DatabaseReader.java:106)
	at com.maxmind.geoip2.DatabaseReader$Builder.build(DatabaseReader.java:238)
	at AuthMe-6.0.0-Spigot-1.21.jar//fr.xephi.authme.service.GeoIpService.startReading(GeoIpService.java:183)
	at AuthMe-6.0.0-Spigot-1.21.jar//fr.xephi.authme.service.GeoIpService.updateDatabase(GeoIpService.java:150)
	at org.bukkit.craftbukkit.scheduler.CraftTask.run(CraftTask.java:78)
	at org.bukkit.craftbukkit.scheduler.CraftAsyncTask.run(CraftAsyncTask.java:57)
	at com.destroystokyo.paper.ServerSchedulerReportingWrapper.run(ServerSchedulerReportingWrapper.java:22)
	at java.base/java.util.concurrent.ThreadPoolExecutor.runWorker(ThreadPoolExecutor.java:1090)
	at java.base/java.util.concurrent.ThreadPoolExecutor$Worker.run(ThreadPoolExecutor.java:614)
	at java.base/java.lang.Thread.run(Thread.java:1474)

[07-30 20:08:25]: [FINE] The user NightmareDady has 2 accounts:
[07-30 20:08:25]: [FINE] §7azansalehhh, §aNightmareDady§7.
[07-30 20:08:25]: [FINE] NightmareDady logged in 119.73.121.97
[07-30 20:17:09]: [INFO] AuthMe 6.0.0-b2734 disabled!
[07-30 20:17:52]: [INFO] SQLite Setup finished
[07-30 20:17:52]: [INFO] Hooked into LuckPerms!
[07-30 20:17:52]: [INFO] Hooked successfully into Essentials
[07-30 20:17:52]: [INFO] Essentials spawn file not found: '/server/plugins/Essentials/spawn.yml'
[07-30 20:17:52]: [WARN] WARNING! The protectInventory feature requires PacketEvents! Disabling it...
[07-30 20:17:53]: [INFO] AuthMe 6.0.0 build n.2734 successfully enabled!
[07-30 20:17:59]: [INFO] Downloading GEO IP database, because the old database is older than 30 days or doesn't exist
[07-30 20:17:59]: [WARN] No MaxMind credentials found in the configuration file! GeoIp protections will be disabled.
[07-30 20:17:59]: [INFO] There is no newer GEO IP database uploaded to MaxMind. Using the old one for now.
[07-30 20:17:59]: [WARN] Could not download GeoLiteAPI database [FileNotFoundException]: plugins/AuthMe/GeoLite2-Country.mmdb (No such file or directory)
[07-30 20:17:59]: java.io.FileNotFoundException: plugins/AuthMe/GeoLite2-Country.mmdb (No such file or directory)
	at java.base/java.io.RandomAccessFile.open0(Native Method)
	at java.base/java.io.RandomAccessFile.open(RandomAccessFile.java:338)
	at java.base/java.io.RandomAccessFile.<init>(RandomAccessFile.java:257)
	at java.base/java.io.RandomAccessFile.<init>(RandomAccessFile.java:211)
	at com.maxmind.db.BufferHolder.<init>(BufferHolder.java:19)
	at com.maxmind.db.Reader.<init>(Reader.java:119)
	at com.maxmind.geoip2.DatabaseReader.<init>(DatabaseReader.java:106)
	at com.maxmind.geoip2.DatabaseReader$Builder.build(DatabaseReader.java:238)
	at AuthMe-6.0.0-Spigot-1.21.jar//fr.xephi.authme.service.GeoIpService.startReading(GeoIpService.java:183)
	at AuthMe-6.0.0-Spigot-1.21.jar//fr.xephi.authme.service.GeoIpService.updateDatabase(GeoIpService.java:150)
	at org.bukkit.craftbukkit.scheduler.CraftTask.run(CraftTask.java:78)
	at org.bukkit.craftbukkit.scheduler.CraftAsyncTask.run(CraftAsyncTask.java:57)
	at com.destroystokyo.paper.ServerSchedulerReportingWrapper.run(ServerSchedulerReportingWrapper.java:22)
	at java.base/java.util.concurrent.ThreadPoolExecutor.runWorker(ThreadPoolExecutor.java:1090)
	at java.base/java.util.concurrent.ThreadPoolExecutor$Worker.run(ThreadPoolExecutor.java:614)
	at java.base/java.lang.Thread.run(Thread.java:1474)

[07-30 20:19:20]: [FINE] The user NightmareDady has 2 accounts:
[07-30 20:19:20]: [FINE] §7azansalehhh, §aNightmareDady§7.
[07-30 20:19:20]: [FINE] NightmareDady logged in 119.73.121.97
[07-30 20:28:22]: [FINE] The user NightmareDady has 2 accounts:
[07-30 20:28:22]: [FINE] §7azansalehhh, §aNightmareDady§7.
[07-30 20:28:22]: [FINE] NightmareDady logged in 119.73.121.97
[07-30 20:43:33]: [FINE] The user NightmareDady has 2 accounts:
[07-30 20:43:33]: [FINE] §7azansalehhh, §aNightmareDady§7.
[07-30 20:43:33]: [FINE] NightmareDady logged in 119.73.121.97
[07-30 20:50:38]: [INFO] AuthMe 6.0.0-b2734 disabled!
[07-30 22:21:47]: [INFO] SQLite Setup finished
[07-30 22:21:47]: [INFO] Hooked into LuckPerms!
[07-30 22:21:48]: [INFO] Hooked successfully into Essentials
[07-30 22:21:48]: [INFO] Essentials spawn file not found: '/server/plugins/Essentials/spawn.yml'
[07-30 22:21:48]: [WARN] WARNING! The protectInventory feature requires PacketEvents! Disabling it...
[07-30 22:21:48]: [INFO] AuthMe 6.0.0 build n.2734 successfully enabled!
[07-30 22:21:56]: [INFO] Downloading GEO IP database, because the old database is older than 30 days or doesn't exist
[07-30 22:21:56]: [WARN] No MaxMind credentials found in the configuration file! GeoIp protections will be disabled.
[07-30 22:21:56]: [INFO] There is no newer GEO IP database uploaded to MaxMind. Using the old one for now.
[07-30 22:21:56]: [WARN] Could not download GeoLiteAPI database [FileNotFoundException]: plugins/AuthMe/GeoLite2-Country.mmdb (No such file or directory)
[07-30 22:21:56]: java.io.FileNotFoundException: plugins/AuthMe/GeoLite2-Country.mmdb (No such file or directory)
	at java.base/java.io.RandomAccessFile.open0(Native Method)
	at java.base/java.io.RandomAccessFile.open(RandomAccessFile.java:338)
	at java.base/java.io.RandomAccessFile.<init>(RandomAccessFile.java:257)
	at java.base/java.io.RandomAccessFile.<init>(RandomAccessFile.java:211)
	at com.maxmind.db.BufferHolder.<init>(BufferHolder.java:19)
	at com.maxmind.db.Reader.<init>(Reader.java:119)
	at com.maxmind.geoip2.DatabaseReader.<init>(DatabaseReader.java:106)
	at com.maxmind.geoip2.DatabaseReader$Builder.build(DatabaseReader.java:238)
	at AuthMe-6.0.0-Spigot-1.21.jar//fr.xephi.authme.service.GeoIpService.startReading(GeoIpService.java:183)
	at AuthMe-6.0.0-Spigot-1.21.jar//fr.xephi.authme.service.GeoIpService.updateDatabase(GeoIpService.java:150)
	at org.bukkit.craftbukkit.scheduler.CraftTask.run(CraftTask.java:78)
	at org.bukkit.craftbukkit.scheduler.CraftAsyncTask.run(CraftAsyncTask.java:57)
	at com.destroystokyo.paper.ServerSchedulerReportingWrapper.run(ServerSchedulerReportingWrapper.java:22)
	at java.base/java.util.concurrent.ThreadPoolExecutor.runWorker(ThreadPoolExecutor.java:1090)
	at java.base/java.util.concurrent.ThreadPoolExecutor$Worker.run(ThreadPoolExecutor.java:614)
	at java.base/java.lang.Thread.run(Thread.java:1474)

[07-30 22:23:34]: [FINE] The user NightmareDady has 2 accounts:
[07-30 22:23:34]: [FINE] §7azansalehhh, §aNightmareDady§7.
[07-30 22:23:34]: [FINE] NightmareDady logged in 119.73.121.97
[07-30 22:27:20]: [FINE] The user NightmareDady has 2 accounts:
[07-30 22:27:20]: [FINE] §7azansalehhh, §aNightmareDady§7.
[07-30 22:27:20]: [FINE] NightmareDady logged in 119.73.121.97
[07-30 22:33:10]: [INFO] AuthMe 6.0.0-b2734 disabled!
[07-30 22:49:33]: [INFO] SQLite Setup finished
[07-30 22:49:33]: [INFO] Hooked into LuckPerms!
[07-30 22:49:33]: [INFO] Hooked successfully into Essentials
[07-30 22:49:33]: [INFO] Essentials spawn file not found: '/server/plugins/Essentials/spawn.yml'
[07-30 22:49:33]: [WARN] WARNING! The protectInventory feature requires PacketEvents! Disabling it...
[07-30 22:49:33]: [INFO] AuthMe 6.0.0 build n.2734 successfully enabled!
[07-30 22:49:39]: [INFO] Downloading GEO IP database, because the old database is older than 30 days or doesn't exist
[07-30 22:49:39]: [WARN] No MaxMind credentials found in the configuration file! GeoIp protections will be disabled.
[07-30 22:49:39]: [INFO] There is no newer GEO IP database uploaded to MaxMind. Using the old one for now.
[07-30 22:49:39]: [WARN] Could not download GeoLiteAPI database [FileNotFoundException]: plugins/AuthMe/GeoLite2-Country.mmdb (No such file or directory)
[07-30 22:49:39]: java.io.FileNotFoundException: plugins/AuthMe/GeoLite2-Country.mmdb (No such file or directory)
	at java.base/java.io.RandomAccessFile.open0(Native Method)
	at java.base/java.io.RandomAccessFile.open(RandomAccessFile.java:338)
	at java.base/java.io.RandomAccessFile.<init>(RandomAccessFile.java:257)
	at java.base/java.io.RandomAccessFile.<init>(RandomAccessFile.java:211)
	at com.maxmind.db.BufferHolder.<init>(BufferHolder.java:19)
	at com.maxmind.db.Reader.<init>(Reader.java:119)
	at com.maxmind.geoip2.DatabaseReader.<init>(DatabaseReader.java:106)
	at com.maxmind.geoip2.DatabaseReader$Builder.build(DatabaseReader.java:238)
	at AuthMe-6.0.0-Spigot-1.21.jar//fr.xephi.authme.service.GeoIpService.startReading(GeoIpService.java:183)
	at AuthMe-6.0.0-Spigot-1.21.jar//fr.xephi.authme.service.GeoIpService.updateDatabase(GeoIpService.java:150)
	at org.bukkit.craftbukkit.scheduler.CraftTask.run(CraftTask.java:78)
	at org.bukkit.craftbukkit.scheduler.CraftAsyncTask.run(CraftAsyncTask.java:57)
	at com.destroystokyo.paper.ServerSchedulerReportingWrapper.run(ServerSchedulerReportingWrapper.java:22)
	at java.base/java.util.concurrent.ThreadPoolExecutor.runWorker(ThreadPoolExecutor.java:1090)
	at java.base/java.util.concurrent.ThreadPoolExecutor$Worker.run(ThreadPoolExecutor.java:614)
	at java.base/java.lang.Thread.run(Thread.java:1474)

[07-30 22:54:46]: [INFO] AuthMe 6.0.0-b2734 disabled!
[07-30 22:59:34]: [INFO] SQLite Setup finished
[07-30 22:59:34]: [INFO] Hooked into LuckPerms!
[07-30 22:59:34]: [INFO] Hooked successfully into Essentials
[07-30 22:59:34]: [INFO] Essentials spawn file not found: '/server/plugins/Essentials/spawn.yml'
[07-30 22:59:34]: [WARN] WARNING! The protectInventory feature requires PacketEvents! Disabling it...
[07-30 22:59:34]: [INFO] AuthMe 6.0.0 build n.2734 successfully enabled!
[07-30 22:59:40]: [INFO] Downloading GEO IP database, because the old database is older than 30 days or doesn't exist
[07-30 22:59:40]: [WARN] No MaxMind credentials found in the configuration file! GeoIp protections will be disabled.
[07-30 22:59:40]: [INFO] There is no newer GEO IP database uploaded to MaxMind. Using the old one for now.
[07-30 22:59:40]: [WARN] Could not download GeoLiteAPI database [FileNotFoundException]: plugins/AuthMe/GeoLite2-Country.mmdb (No such file or directory)
[07-30 22:59:40]: java.io.FileNotFoundException: plugins/AuthMe/GeoLite2-Country.mmdb (No such file or directory)
	at java.base/java.io.RandomAccessFile.open0(Native Method)
	at java.base/java.io.RandomAccessFile.open(RandomAccessFile.java:338)
	at java.base/java.io.RandomAccessFile.<init>(RandomAccessFile.java:257)
	at java.base/java.io.RandomAccessFile.<init>(RandomAccessFile.java:211)
	at com.maxmind.db.BufferHolder.<init>(BufferHolder.java:19)
	at com.maxmind.db.Reader.<init>(Reader.java:119)
	at com.maxmind.geoip2.DatabaseReader.<init>(DatabaseReader.java:106)
	at com.maxmind.geoip2.DatabaseReader$Builder.build(DatabaseReader.java:238)
	at AuthMe-6.0.0-Spigot-1.21.jar//fr.xephi.authme.service.GeoIpService.startReading(GeoIpService.java:183)
	at AuthMe-6.0.0-Spigot-1.21.jar//fr.xephi.authme.service.GeoIpService.updateDatabase(GeoIpService.java:150)
	at org.bukkit.craftbukkit.scheduler.CraftTask.run(CraftTask.java:78)
	at org.bukkit.craftbukkit.scheduler.CraftAsyncTask.run(CraftAsyncTask.java:57)
	at com.destroystokyo.paper.ServerSchedulerReportingWrapper.run(ServerSchedulerReportingWrapper.java:22)
	at java.base/java.util.concurrent.ThreadPoolExecutor.runWorker(ThreadPoolExecutor.java:1090)
	at java.base/java.util.concurrent.ThreadPoolExecutor$Worker.run(ThreadPoolExecutor.java:614)
	at java.base/java.lang.Thread.run(Thread.java:1474)

[07-30 23:02:17]: [FINE] The user NightmareDady has 2 accounts:
[07-30 23:02:17]: [FINE] §7azansalehhh, §aNightmareDady§7.
[07-30 23:02:17]: [FINE] NightmareDady logged in 119.73.121.97
[07-30 23:07:44]: [INFO] AuthMe 6.0.0-b2734 disabled!
[07-31 06:33:57]: [INFO] SQLite Setup finished
[07-31 06:33:57]: [INFO] Hooked into LuckPerms!
[07-31 06:33:58]: [INFO] Hooked successfully into Essentials
[07-31 06:33:58]: [INFO] Essentials spawn file not found: '/server/plugins/Essentials/spawn.yml'
[07-31 06:33:58]: [WARN] WARNING! The protectInventory feature requires PacketEvents! Disabling it...
[07-31 06:33:58]: [INFO] AuthMe 6.0.0 build n.2734 successfully enabled!
[07-31 06:34:04]: [INFO] Downloading GEO IP database, because the old database is older than 30 days or doesn't exist
[07-31 06:34:04]: [WARN] No MaxMind credentials found in the configuration file! GeoIp protections will be disabled.
[07-31 06:34:04]: [INFO] There is no newer GEO IP database uploaded to MaxMind. Using the old one for now.
[07-31 06:34:04]: [WARN] Could not download GeoLiteAPI database [FileNotFoundException]: plugins/AuthMe/GeoLite2-Country.mmdb (No such file or directory)
[07-31 06:34:04]: java.io.FileNotFoundException: plugins/AuthMe/GeoLite2-Country.mmdb (No such file or directory)
	at java.base/java.io.RandomAccessFile.open0(Native Method)
	at java.base/java.io.RandomAccessFile.open(RandomAccessFile.java:338)
	at java.base/java.io.RandomAccessFile.<init>(RandomAccessFile.java:257)
	at java.base/java.io.RandomAccessFile.<init>(RandomAccessFile.java:211)
	at com.maxmind.db.BufferHolder.<init>(BufferHolder.java:19)
	at com.maxmind.db.Reader.<init>(Reader.java:119)
	at com.maxmind.geoip2.DatabaseReader.<init>(DatabaseReader.java:106)
	at com.maxmind.geoip2.DatabaseReader$Builder.build(DatabaseReader.java:238)
	at AuthMe-6.0.0-Spigot-1.21.jar//fr.xephi.authme.service.GeoIpService.startReading(GeoIpService.java:183)
	at AuthMe-6.0.0-Spigot-1.21.jar//fr.xephi.authme.service.GeoIpService.updateDatabase(GeoIpService.java:150)
	at org.bukkit.craftbukkit.scheduler.CraftTask.run(CraftTask.java:78)
	at org.bukkit.craftbukkit.scheduler.CraftAsyncTask.run(CraftAsyncTask.java:57)
	at com.destroystokyo.paper.ServerSchedulerReportingWrapper.run(ServerSchedulerReportingWrapper.java:22)
	at java.base/java.util.concurrent.ThreadPoolExecutor.runWorker(ThreadPoolExecutor.java:1090)
	at java.base/java.util.concurrent.ThreadPoolExecutor$Worker.run(ThreadPoolExecutor.java:614)
	at java.base/java.lang.Thread.run(Thread.java:1474)

[07-31 06:34:27]: [FINE] .HastyBag7675 logged in 207.30.52.22
[07-31 06:47:26]: [INFO] AuthMe 6.0.0-b2734 disabled!
[07-31 11:45:43]: [INFO] SQLite Setup finished
[07-31 11:45:43]: [INFO] Hooked into LuckPerms!
[07-31 11:45:43]: [INFO] Hooked successfully into Essentials
[07-31 11:45:43]: [INFO] Essentials spawn file not found: '/server/plugins/Essentials/spawn.yml'
[07-31 11:45:43]: [WARN] WARNING! The protectInventory feature requires PacketEvents! Disabling it...
[07-31 11:45:43]: [INFO] AuthMe 6.0.0 build n.2734 successfully enabled!
[07-31 11:45:50]: [INFO] Downloading GEO IP database, because the old database is older than 30 days or doesn't exist
[07-31 11:45:50]: [WARN] No MaxMind credentials found in the configuration file! GeoIp protections will be disabled.
[07-31 11:45:50]: [INFO] There is no newer GEO IP database uploaded to MaxMind. Using the old one for now.
[07-31 11:45:50]: [WARN] Could not download GeoLiteAPI database [FileNotFoundException]: plugins/AuthMe/GeoLite2-Country.mmdb (No such file or directory)
[07-31 11:45:50]: java.io.FileNotFoundException: plugins/AuthMe/GeoLite2-Country.mmdb (No such file or directory)
	at java.base/java.io.RandomAccessFile.open0(Native Method)
	at java.base/java.io.RandomAccessFile.open(RandomAccessFile.java:338)
	at java.base/java.io.RandomAccessFile.<init>(RandomAccessFile.java:257)
	at java.base/java.io.RandomAccessFile.<init>(RandomAccessFile.java:211)
	at com.maxmind.db.BufferHolder.<init>(BufferHolder.java:19)
	at com.maxmind.db.Reader.<init>(Reader.java:119)
	at com.maxmind.geoip2.DatabaseReader.<init>(DatabaseReader.java:106)
	at com.maxmind.geoip2.DatabaseReader$Builder.build(DatabaseReader.java:238)
	at AuthMe-6.0.0-Spigot-1.21.jar//fr.xephi.authme.service.GeoIpService.startReading(GeoIpService.java:183)
	at AuthMe-6.0.0-Spigot-1.21.jar//fr.xephi.authme.service.GeoIpService.updateDatabase(GeoIpService.java:150)
	at org.bukkit.craftbukkit.scheduler.CraftTask.run(CraftTask.java:78)
	at org.bukkit.craftbukkit.scheduler.CraftAsyncTask.run(CraftAsyncTask.java:57)
	at com.destroystokyo.paper.ServerSchedulerReportingWrapper.run(ServerSchedulerReportingWrapper.java:22)
	at java.base/java.util.concurrent.ThreadPoolExecutor.runWorker(ThreadPoolExecutor.java:1090)
	at java.base/java.util.concurrent.ThreadPoolExecutor$Worker.run(ThreadPoolExecutor.java:614)
	at java.base/java.lang.Thread.run(Thread.java:1474)

[07-31 11:48:39]: [FINE] The user NightmareDady has 2 accounts:
[07-31 11:48:39]: [FINE] §7azansalehhh, §aNightmareDady§7.
[07-31 11:48:39]: [FINE] NightmareDady logged in 119.73.121.97
[07-31 11:53:49]: [INFO] AuthMe 6.0.0-b2734 disabled!
[07-31 11:57:50]: [INFO] SQLite Setup finished
[07-31 11:57:51]: [INFO] Hooked into LuckPerms!
[07-31 11:57:51]: [INFO] Hooked successfully into Essentials
[07-31 11:57:51]: [INFO] Essentials spawn file not found: '/server/plugins/Essentials/spawn.yml'
[07-31 11:57:51]: [WARN] WARNING! The protectInventory feature requires PacketEvents! Disabling it...
[07-31 11:57:51]: [INFO] AuthMe 6.0.0 build n.2734 successfully enabled!
[07-31 11:57:58]: [INFO] Downloading GEO IP database, because the old database is older than 30 days or doesn't exist
[07-31 11:57:58]: [WARN] No MaxMind credentials found in the configuration file! GeoIp protections will be disabled.
[07-31 11:57:58]: [INFO] There is no newer GEO IP database uploaded to MaxMind. Using the old one for now.
[07-31 11:57:58]: [WARN] Could not download GeoLiteAPI database [FileNotFoundException]: plugins/AuthMe/GeoLite2-Country.mmdb (No such file or directory)
[07-31 11:57:58]: java.io.FileNotFoundException: plugins/AuthMe/GeoLite2-Country.mmdb (No such file or directory)
	at java.base/java.io.RandomAccessFile.open0(Native Method)
	at java.base/java.io.RandomAccessFile.open(RandomAccessFile.java:338)
	at java.base/java.io.RandomAccessFile.<init>(RandomAccessFile.java:257)
	at java.base/java.io.RandomAccessFile.<init>(RandomAccessFile.java:211)
	at com.maxmind.db.BufferHolder.<init>(BufferHolder.java:19)
	at com.maxmind.db.Reader.<init>(Reader.java:119)
	at com.maxmind.geoip2.DatabaseReader.<init>(DatabaseReader.java:106)
	at com.maxmind.geoip2.DatabaseReader$Builder.build(DatabaseReader.java:238)
	at AuthMe-6.0.0-Spigot-1.21.jar//fr.xephi.authme.service.GeoIpService.startReading(GeoIpService.java:183)
	at AuthMe-6.0.0-Spigot-1.21.jar//fr.xephi.authme.service.GeoIpService.updateDatabase(GeoIpService.java:150)
	at org.bukkit.craftbukkit.scheduler.CraftTask.run(CraftTask.java:78)
	at org.bukkit.craftbukkit.scheduler.CraftAsyncTask.run(CraftAsyncTask.java:57)
	at com.destroystokyo.paper.ServerSchedulerReportingWrapper.run(ServerSchedulerReportingWrapper.java:22)
	at java.base/java.util.concurrent.ThreadPoolExecutor.runWorker(ThreadPoolExecutor.java:1090)
	at java.base/java.util.concurrent.ThreadPoolExecutor$Worker.run(ThreadPoolExecutor.java:614)
	at java.base/java.lang.Thread.run(Thread.java:1474)

[07-31 11:58:08]: [FINE] The user hanansaleh has 2 accounts:
[07-31 11:58:08]: [FINE] §7§ahanansaleh§7, manansaleh2007.
[07-31 11:58:08]: [FINE] hanansaleh logged in 182.185.175.207
[07-31 11:58:44]: [FINE] The user NightmareDady has 2 accounts:
[07-31 11:58:44]: [FINE] §7azansalehhh, §aNightmareDady§7.
[07-31 11:58:44]: [FINE] NightmareDady logged in 119.73.121.97
[07-31 12:48:51]: [FINE] The user azansalehhh has 2 accounts:
[07-31 12:48:51]: [FINE] §7§aazansalehhh§7, §aNightmareDady§7.
[07-31 12:48:51]: [FINE] azansalehhh logged in 119.73.121.97
[07-31 12:59:32]: [FINE] The user azansalehhh has 2 accounts:
[07-31 12:59:32]: [FINE] §7§aazansalehhh§7, §aNightmareDady§7.
[07-31 12:59:32]: [FINE] azansalehhh logged in 119.73.121.97
[07-31 13:39:54]: [INFO] AuthMe 6.0.0-b2734 disabled!
[07-31 16:18:47]: [INFO] SQLite Setup finished
[07-31 16:18:47]: [INFO] Hooked into LuckPerms!
[07-31 16:18:47]: [INFO] Hooked successfully into Essentials
[07-31 16:18:47]: [INFO] Essentials spawn file not found: '/server/plugins/Essentials/spawn.yml'
[07-31 16:18:47]: [WARN] WARNING! The protectInventory feature requires PacketEvents! Disabling it...
[07-31 16:18:47]: [INFO] AuthMe 6.0.0 build n.2734 successfully enabled!
[07-31 16:18:53]: [INFO] Downloading GEO IP database, because the old database is older than 30 days or doesn't exist
[07-31 16:18:53]: [WARN] No MaxMind credentials found in the configuration file! GeoIp protections will be disabled.
[07-31 16:18:53]: [INFO] There is no newer GEO IP database uploaded to MaxMind. Using the old one for now.
[07-31 16:18:53]: [WARN] Could not download GeoLiteAPI database [FileNotFoundException]: plugins/AuthMe/GeoLite2-Country.mmdb (No such file or directory)
[07-31 16:18:53]: java.io.FileNotFoundException: plugins/AuthMe/GeoLite2-Country.mmdb (No such file or directory)
	at java.base/java.io.RandomAccessFile.open0(Native Method)
	at java.base/java.io.RandomAccessFile.open(RandomAccessFile.java:338)
	at java.base/java.io.RandomAccessFile.<init>(RandomAccessFile.java:257)
	at java.base/java.io.RandomAccessFile.<init>(RandomAccessFile.java:211)
	at com.maxmind.db.BufferHolder.<init>(BufferHolder.java:19)
	at com.maxmind.db.Reader.<init>(Reader.java:119)
	at com.maxmind.geoip2.DatabaseReader.<init>(DatabaseReader.java:106)
	at com.maxmind.geoip2.DatabaseReader$Builder.build(DatabaseReader.java:238)
	at AuthMe-6.0.0-Spigot-1.21.jar//fr.xephi.authme.service.GeoIpService.startReading(GeoIpService.java:183)
	at AuthMe-6.0.0-Spigot-1.21.jar//fr.xephi.authme.service.GeoIpService.updateDatabase(GeoIpService.java:150)
	at org.bukkit.craftbukkit.scheduler.CraftTask.run(CraftTask.java:78)
	at org.bukkit.craftbukkit.scheduler.CraftAsyncTask.run(CraftAsyncTask.java:57)
	at com.destroystokyo.paper.ServerSchedulerReportingWrapper.run(ServerSchedulerReportingWrapper.java:22)
	at java.base/java.util.concurrent.ThreadPoolExecutor.runWorker(ThreadPoolExecutor.java:1090)
	at java.base/java.util.concurrent.ThreadPoolExecutor$Worker.run(ThreadPoolExecutor.java:614)
	at java.base/java.lang.Thread.run(Thread.java:1474)

[07-31 16:19:07]: [FINE] The user manansaleh2007 has 2 accounts:
[07-31 16:19:07]: [FINE] §7hanansaleh, §amanansaleh2007§7.
[07-31 16:19:07]: [FINE] manansaleh2007 logged in 182.185.175.207
[07-31 17:01:02]: [FINE] The user azansalehhh has 2 accounts:
[07-31 17:01:02]: [FINE] §7§aazansalehhh§7, nightmaredady.
[07-31 17:01:02]: [FINE] azansalehhh logged in 119.73.121.97
[07-31 17:28:39]: [INFO] AuthMe 6.0.0-b2734 disabled!
[07-31 18:28:56]: [INFO] SQLite Setup finished
[07-31 18:28:57]: [INFO] Hooked into LuckPerms!
[07-31 18:28:57]: [INFO] Hooked successfully into Essentials
[07-31 18:28:57]: [INFO] Essentials spawn file not found: '/server/plugins/Essentials/spawn.yml'
[07-31 18:28:57]: [WARN] WARNING! The protectInventory feature requires PacketEvents! Disabling it...
[07-31 18:28:57]: [INFO] AuthMe 6.0.0 build n.2734 successfully enabled!
[07-31 18:29:03]: [INFO] Downloading GEO IP database, because the old database is older than 30 days or doesn't exist
[07-31 18:29:03]: [WARN] No MaxMind credentials found in the configuration file! GeoIp protections will be disabled.
[07-31 18:29:03]: [INFO] There is no newer GEO IP database uploaded to MaxMind. Using the old one for now.
[07-31 18:29:03]: [WARN] Could not download GeoLiteAPI database [FileNotFoundException]: plugins/AuthMe/GeoLite2-Country.mmdb (No such file or directory)
[07-31 18:29:03]: java.io.FileNotFoundException: plugins/AuthMe/GeoLite2-Country.mmdb (No such file or directory)
	at java.base/java.io.RandomAccessFile.open0(Native Method)
	at java.base/java.io.RandomAccessFile.open(RandomAccessFile.java:338)
	at java.base/java.io.RandomAccessFile.<init>(RandomAccessFile.java:257)
	at java.base/java.io.RandomAccessFile.<init>(RandomAccessFile.java:211)
	at com.maxmind.db.BufferHolder.<init>(BufferHolder.java:19)
	at com.maxmind.db.Reader.<init>(Reader.java:119)
	at com.maxmind.geoip2.DatabaseReader.<init>(DatabaseReader.java:106)
	at com.maxmind.geoip2.DatabaseReader$Builder.build(DatabaseReader.java:238)
	at AuthMe-6.0.0-Spigot-1.21.jar//fr.xephi.authme.service.GeoIpService.startReading(GeoIpService.java:183)
	at AuthMe-6.0.0-Spigot-1.21.jar//fr.xephi.authme.service.GeoIpService.updateDatabase(GeoIpService.java:150)
	at org.bukkit.craftbukkit.scheduler.CraftTask.run(CraftTask.java:78)
	at org.bukkit.craftbukkit.scheduler.CraftAsyncTask.run(CraftAsyncTask.java:57)
	at com.destroystokyo.paper.ServerSchedulerReportingWrapper.run(ServerSchedulerReportingWrapper.java:22)
	at java.base/java.util.concurrent.ThreadPoolExecutor.runWorker(ThreadPoolExecutor.java:1090)
	at java.base/java.util.concurrent.ThreadPoolExecutor$Worker.run(ThreadPoolExecutor.java:614)
	at java.base/java.lang.Thread.run(Thread.java:1474)

[07-31 18:29:54]: [FINE] .WiryCircle3938 used the wrong password
[07-31 18:35:01]: [INFO] AuthMe 6.0.0-b2734 disabled!
[07-31 20:50:30]: [INFO] SQLite Setup finished
[07-31 20:50:30]: [INFO] Hooked into LuckPerms!
[07-31 20:50:30]: [INFO] Hooked successfully into Essentials
[07-31 20:50:30]: [INFO] Essentials spawn file not found: '/server/plugins/Essentials/spawn.yml'
[07-31 20:50:30]: [WARN] WARNING! The protectInventory feature requires PacketEvents! Disabling it...
[07-31 20:50:30]: [INFO] AuthMe 6.0.0 build n.2734 successfully enabled!
[07-31 20:50:35]: [INFO] Downloading GEO IP database, because the old database is older than 30 days or doesn't exist
[07-31 20:50:35]: [WARN] No MaxMind credentials found in the configuration file! GeoIp protections will be disabled.
[07-31 20:50:35]: [INFO] There is no newer GEO IP database uploaded to MaxMind. Using the old one for now.
[07-31 20:50:35]: [WARN] Could not download GeoLiteAPI database [FileNotFoundException]: plugins/AuthMe/GeoLite2-Country.mmdb (No such file or directory)
[07-31 20:50:35]: java.io.FileNotFoundException: plugins/AuthMe/GeoLite2-Country.mmdb (No such file or directory)
	at java.base/java.io.RandomAccessFile.open0(Native Method)
	at java.base/java.io.RandomAccessFile.open(RandomAccessFile.java:338)
	at java.base/java.io.RandomAccessFile.<init>(RandomAccessFile.java:257)
	at java.base/java.io.RandomAccessFile.<init>(RandomAccessFile.java:211)
	at com.maxmind.db.BufferHolder.<init>(BufferHolder.java:19)
	at com.maxmind.db.Reader.<init>(Reader.java:119)
	at com.maxmind.geoip2.DatabaseReader.<init>(DatabaseReader.java:106)
	at com.maxmind.geoip2.DatabaseReader$Builder.build(DatabaseReader.java:238)
	at AuthMe-6.0.0-Spigot-1.21.jar//fr.xephi.authme.service.GeoIpService.startReading(GeoIpService.java:183)
	at AuthMe-6.0.0-Spigot-1.21.jar//fr.xephi.authme.service.GeoIpService.updateDatabase(GeoIpService.java:150)
	at org.bukkit.craftbukkit.scheduler.CraftTask.run(CraftTask.java:78)
	at org.bukkit.craftbukkit.scheduler.CraftAsyncTask.run(CraftAsyncTask.java:57)
	at com.destroystokyo.paper.ServerSchedulerReportingWrapper.run(ServerSchedulerReportingWrapper.java:22)
	at java.base/java.util.concurrent.ThreadPoolExecutor.runWorker(ThreadPoolExecutor.java:1090)
	at java.base/java.util.concurrent.ThreadPoolExecutor$Worker.run(ThreadPoolExecutor.java:614)
	at java.base/java.lang.Thread.run(Thread.java:1474)

[07-31 20:55:38]: [INFO] AuthMe 6.0.0-b2734 disabled!
[07-31 21:10:59]: [INFO] SQLite Setup finished
[07-31 21:10:59]: [INFO] Hooked into LuckPerms!
[07-31 21:10:59]: [INFO] Hooked successfully into Essentials
[07-31 21:10:59]: [INFO] Essentials spawn file not found: '/server/plugins/Essentials/spawn.yml'
[07-31 21:10:59]: [WARN] WARNING! The protectInventory feature requires PacketEvents! Disabling it...
[07-31 21:10:59]: [INFO] AuthMe 6.0.0 build n.2734 successfully enabled!
[07-31 21:11:07]: [INFO] Downloading GEO IP database, because the old database is older than 30 days or doesn't exist
[07-31 21:11:07]: [WARN] No MaxMind credentials found in the configuration file! GeoIp protections will be disabled.
[07-31 21:11:07]: [INFO] There is no newer GEO IP database uploaded to MaxMind. Using the old one for now.
[07-31 21:11:07]: [WARN] Could not download GeoLiteAPI database [FileNotFoundException]: plugins/AuthMe/GeoLite2-Country.mmdb (No such file or directory)
[07-31 21:11:07]: java.io.FileNotFoundException: plugins/AuthMe/GeoLite2-Country.mmdb (No such file or directory)
	at java.base/java.io.RandomAccessFile.open0(Native Method)
	at java.base/java.io.RandomAccessFile.open(RandomAccessFile.java:338)
	at java.base/java.io.RandomAccessFile.<init>(RandomAccessFile.java:257)
	at java.base/java.io.RandomAccessFile.<init>(RandomAccessFile.java:211)
	at com.maxmind.db.BufferHolder.<init>(BufferHolder.java:19)
	at com.maxmind.db.Reader.<init>(Reader.java:119)
	at com.maxmind.geoip2.DatabaseReader.<init>(DatabaseReader.java:106)
	at com.maxmind.geoip2.DatabaseReader$Builder.build(DatabaseReader.java:238)
	at AuthMe-6.0.0-Spigot-1.21.jar//fr.xephi.authme.service.GeoIpService.startReading(GeoIpService.java:183)
	at AuthMe-6.0.0-Spigot-1.21.jar//fr.xephi.authme.service.GeoIpService.updateDatabase(GeoIpService.java:150)
	at org.bukkit.craftbukkit.scheduler.CraftTask.run(CraftTask.java:78)
	at org.bukkit.craftbukkit.scheduler.CraftAsyncTask.run(CraftAsyncTask.java:57)
	at com.destroystokyo.paper.ServerSchedulerReportingWrapper.run(ServerSchedulerReportingWrapper.java:22)
	at java.base/java.util.concurrent.ThreadPoolExecutor.runWorker(ThreadPoolExecutor.java:1090)
	at java.base/java.util.concurrent.ThreadPoolExecutor$Worker.run(ThreadPoolExecutor.java:614)
	at java.base/java.lang.Thread.run(Thread.java:1474)

[07-31 21:11:33]: [FINE] The user manansaleh2007 has 2 accounts:
[07-31 21:11:33]: [FINE] §7hanansaleh, §amanansaleh2007§7.
[07-31 21:11:33]: [FINE] manansaleh2007 logged in 182.185.175.207
[07-31 21:11:54]: [FINE] The user azansalehhh has 3 accounts:
[07-31 21:11:54]: [FINE] §7hanansaleh, §aazansalehhh§7, §amanansaleh2007§7.
[07-31 21:11:54]: [FINE] azansalehhh logged in 182.185.175.207
[07-31 21:14:19]: [INFO] SQLite Setup finished
[07-31 21:14:19]: [INFO] Hooked into LuckPerms!
[07-31 21:14:19]: [INFO] Hooked successfully into Essentials
[07-31 21:14:19]: [INFO] Essentials spawn file not found: '/server/plugins/Essentials/spawn.yml'
[07-31 21:14:19]: [WARN] WARNING! The protectInventory feature requires PacketEvents! Disabling it...
[07-31 21:14:19]: [INFO] AuthMe 6.0.0 build n.2734 successfully enabled!
[07-31 21:14:27]: [INFO] Downloading GEO IP database, because the old database is older than 30 days or doesn't exist
[07-31 21:14:27]: [WARN] No MaxMind credentials found in the configuration file! GeoIp protections will be disabled.
[07-31 21:14:27]: [INFO] There is no newer GEO IP database uploaded to MaxMind. Using the old one for now.
[07-31 21:14:27]: [WARN] Could not download GeoLiteAPI database [FileNotFoundException]: plugins/AuthMe/GeoLite2-Country.mmdb (No such file or directory)
[07-31 21:14:27]: java.io.FileNotFoundException: plugins/AuthMe/GeoLite2-Country.mmdb (No such file or directory)
	at java.base/java.io.RandomAccessFile.open0(Native Method)
	at java.base/java.io.RandomAccessFile.open(RandomAccessFile.java:338)
	at java.base/java.io.RandomAccessFile.<init>(RandomAccessFile.java:257)
	at java.base/java.io.RandomAccessFile.<init>(RandomAccessFile.java:211)
	at com.maxmind.db.BufferHolder.<init>(BufferHolder.java:19)
	at com.maxmind.db.Reader.<init>(Reader.java:119)
	at com.maxmind.geoip2.DatabaseReader.<init>(DatabaseReader.java:106)
	at com.maxmind.geoip2.DatabaseReader$Builder.build(DatabaseReader.java:238)
	at AuthMe-6.0.0-Spigot-1.21.jar//fr.xephi.authme.service.GeoIpService.startReading(GeoIpService.java:183)
	at AuthMe-6.0.0-Spigot-1.21.jar//fr.xephi.authme.service.GeoIpService.updateDatabase(GeoIpService.java:150)
	at org.bukkit.craftbukkit.scheduler.CraftTask.run(CraftTask.java:78)
	at org.bukkit.craftbukkit.scheduler.CraftAsyncTask.run(CraftAsyncTask.java:57)
	at com.destroystokyo.paper.ServerSchedulerReportingWrapper.run(ServerSchedulerReportingWrapper.java:22)
	at java.base/java.util.concurrent.ThreadPoolExecutor.runWorker(ThreadPoolExecutor.java:1090)
	at java.base/java.util.concurrent.ThreadPoolExecutor$Worker.run(ThreadPoolExecutor.java:614)
	at java.base/java.lang.Thread.run(Thread.java:1474)

[07-31 21:15:04]: [FINE] The user manansaleh2007 has 3 accounts:
[07-31 21:15:04]: [FINE] §7hanansaleh, azansalehhh, §amanansaleh2007§7.
[07-31 21:15:04]: [FINE] manansaleh2007 logged in 182.185.175.207
[07-31 21:15:19]: [FINE] The user azansalehhh has 3 accounts:
[07-31 21:15:19]: [FINE] §7hanansaleh, §aazansalehhh§7, §amanansaleh2007§7.
[07-31 21:15:19]: [FINE] azansalehhh logged in 182.185.175.207
[07-31 21:29:57]: [FINE] The user NightmareDady has 4 accounts:
[07-31 21:29:57]: [FINE] §7hanansaleh, azansalehhh, manansaleh2007, §aNightmareDady§7.
[07-31 21:29:57]: [FINE] NightmareDady logged in 182.185.175.207
[07-31 21:31:12]: [FINE] The user hanansaleh has 4 accounts:
[07-31 21:31:12]: [FINE] §7§ahanansaleh§7, azansalehhh, manansaleh2007, §aNightmareDady§7.
[07-31 21:31:12]: [FINE] hanansaleh logged in 182.185.175.207
[07-31 21:36:53]: [FINE] The user hanansaleh has 4 accounts:
[07-31 21:36:53]: [FINE] §7§ahanansaleh§7, azansalehhh, manansaleh2007, §aNightmareDady§7.
[07-31 21:36:53]: [FINE] hanansaleh logged in 182.185.175.207
[07-31 21:38:00]: [FINE] The user hanansaleh has 4 accounts:
[07-31 21:38:00]: [FINE] §7§ahanansaleh§7, azansalehhh, manansaleh2007, nightmaredady.
[07-31 21:38:00]: [FINE] hanansaleh logged in 182.185.175.207
[07-31 21:38:11]: [FINE] The user NightmareDady has 4 accounts:
[07-31 21:38:11]: [FINE] §7§ahanansaleh§7, azansalehhh, manansaleh2007, §aNightmareDady§7.
[07-31 21:38:11]: [FINE] NightmareDady logged in 182.185.175.207
[07-31 21:40:42]: [FINE] The user NightmareDady has 4 accounts:
[07-31 21:40:42]: [FINE] §7§ahanansaleh§7, azansalehhh, manansaleh2007, §aNightmareDady§7.
[07-31 21:40:42]: [FINE] NightmareDady logged in 182.185.175.207
[07-31 21:41:04]: [INFO] AuthMe 6.0.0-b2734 disabled!
[07-31 21:41:44]: [INFO] SQLite Setup finished
[07-31 21:41:44]: [INFO] Hooked into LuckPerms!
[07-31 21:41:44]: [INFO] Hooked successfully into Essentials
[07-31 21:41:44]: [INFO] Essentials spawn file not found: '/server/plugins/Essentials/spawn.yml'
[07-31 21:41:44]: [WARN] WARNING! The protectInventory feature requires PacketEvents! Disabling it...
[07-31 21:41:44]: [INFO] AuthMe 6.0.0 build n.2734 successfully enabled!
[07-31 21:41:52]: [INFO] Downloading GEO IP database, because the old database is older than 30 days or doesn't exist
[07-31 21:41:52]: [WARN] No MaxMind credentials found in the configuration file! GeoIp protections will be disabled.
[07-31 21:41:52]: [INFO] There is no newer GEO IP database uploaded to MaxMind. Using the old one for now.
[07-31 21:41:52]: [WARN] Could not download GeoLiteAPI database [FileNotFoundException]: plugins/AuthMe/GeoLite2-Country.mmdb (No such file or directory)
[07-31 21:41:52]: java.io.FileNotFoundException: plugins/AuthMe/GeoLite2-Country.mmdb (No such file or directory)
	at java.base/java.io.RandomAccessFile.open0(Native Method)
	at java.base/java.io.RandomAccessFile.open(RandomAccessFile.java:338)
	at java.base/java.io.RandomAccessFile.<init>(RandomAccessFile.java:257)
	at java.base/java.io.RandomAccessFile.<init>(RandomAccessFile.java:211)
	at com.maxmind.db.BufferHolder.<init>(BufferHolder.java:19)
	at com.maxmind.db.Reader.<init>(Reader.java:119)
	at com.maxmind.geoip2.DatabaseReader.<init>(DatabaseReader.java:106)
	at com.maxmind.geoip2.DatabaseReader$Builder.build(DatabaseReader.java:238)
	at AuthMe-6.0.0-Spigot-1.21.jar//fr.xephi.authme.service.GeoIpService.startReading(GeoIpService.java:183)
	at AuthMe-6.0.0-Spigot-1.21.jar//fr.xephi.authme.service.GeoIpService.updateDatabase(GeoIpService.java:150)
	at org.bukkit.craftbukkit.scheduler.CraftTask.run(CraftTask.java:78)
	at org.bukkit.craftbukkit.scheduler.CraftAsyncTask.run(CraftAsyncTask.java:57)
	at com.destroystokyo.paper.ServerSchedulerReportingWrapper.run(ServerSchedulerReportingWrapper.java:22)
	at java.base/java.util.concurrent.ThreadPoolExecutor.runWorker(ThreadPoolExecutor.java:1090)
	at java.base/java.util.concurrent.ThreadPoolExecutor$Worker.run(ThreadPoolExecutor.java:614)
	at java.base/java.lang.Thread.run(Thread.java:1474)

[07-31 21:42:09]: [FINE] The user hanansaleh has 4 accounts:
[07-31 21:42:09]: [FINE] §7§ahanansaleh§7, azansalehhh, manansaleh2007, nightmaredady.
[07-31 21:42:09]: [FINE] hanansaleh logged in 182.185.175.207
[07-31 21:42:16]: [FINE] The user NightmareDady has 4 accounts:
[07-31 21:42:16]: [FINE] §7§ahanansaleh§7, azansalehhh, manansaleh2007, §aNightmareDady§7.
[07-31 21:42:16]: [FINE] NightmareDady logged in 182.185.175.207
[07-31 21:56:23]: [FINE] The user hanansaleh has 4 accounts:
[07-31 21:56:23]: [FINE] §7§ahanansaleh§7, azansalehhh, manansaleh2007, §aNightmareDady§7.
[07-31 21:56:23]: [FINE] hanansaleh logged in 182.185.175.207
[07-31 22:06:59]: [FINE] The user NightmareDady has 4 accounts:
[07-31 22:06:59]: [FINE] §7§ahanansaleh§7, azansalehhh, manansaleh2007, §aNightmareDady§7.
[07-31 22:06:59]: [FINE] NightmareDady logged in 182.185.175.207
[07-31 22:54:07]: [INFO] AuthMe 6.0.0-b2734 disabled!
[08-01 08:12:52]: [INFO] SQLite Setup finished
[08-01 08:12:52]: [INFO] Hooked into LuckPerms!
[08-01 08:12:52]: [INFO] Hooked successfully into Essentials
[08-01 08:12:52]: [INFO] Essentials spawn file not found: '/server/plugins/Essentials/spawn.yml'
[08-01 08:12:52]: [WARN] WARNING! The protectInventory feature requires PacketEvents! Disabling it...
[08-01 08:12:52]: [INFO] AuthMe 6.0.0 build n.2734 successfully enabled!
[08-01 08:12:57]: [INFO] Downloading GEO IP database, because the old database is older than 30 days or doesn't exist
[08-01 08:12:57]: [WARN] No MaxMind credentials found in the configuration file! GeoIp protections will be disabled.
[08-01 08:12:57]: [INFO] There is no newer GEO IP database uploaded to MaxMind. Using the old one for now.
[08-01 08:12:57]: [WARN] Could not download GeoLiteAPI database [FileNotFoundException]: plugins/AuthMe/GeoLite2-Country.mmdb (No such file or directory)
[08-01 08:12:57]: java.io.FileNotFoundException: plugins/AuthMe/GeoLite2-Country.mmdb (No such file or directory)
	at java.base/java.io.RandomAccessFile.open0(Native Method)
	at java.base/java.io.RandomAccessFile.open(RandomAccessFile.java:338)
	at java.base/java.io.RandomAccessFile.<init>(RandomAccessFile.java:257)
	at java.base/java.io.RandomAccessFile.<init>(RandomAccessFile.java:211)
	at com.maxmind.db.BufferHolder.<init>(BufferHolder.java:19)
	at com.maxmind.db.Reader.<init>(Reader.java:119)
	at com.maxmind.geoip2.DatabaseReader.<init>(DatabaseReader.java:106)
	at com.maxmind.geoip2.DatabaseReader$Builder.build(DatabaseReader.java:238)
	at AuthMe-6.0.0-Spigot-1.21.jar//fr.xephi.authme.service.GeoIpService.startReading(GeoIpService.java:183)
	at AuthMe-6.0.0-Spigot-1.21.jar//fr.xephi.authme.service.GeoIpService.updateDatabase(GeoIpService.java:150)
	at org.bukkit.craftbukkit.scheduler.CraftTask.run(CraftTask.java:78)
	at org.bukkit.craftbukkit.scheduler.CraftAsyncTask.run(CraftAsyncTask.java:57)
	at com.destroystokyo.paper.ServerSchedulerReportingWrapper.run(ServerSchedulerReportingWrapper.java:22)
	at java.base/java.util.concurrent.ThreadPoolExecutor.runWorker(ThreadPoolExecutor.java:1090)
	at java.base/java.util.concurrent.ThreadPoolExecutor$Worker.run(ThreadPoolExecutor.java:614)
	at java.base/java.lang.Thread.run(Thread.java:1474)

[08-01 08:14:36]: [FINE] .HastyBag7675 logged in 38.101.220.234
[08-01 08:40:37]: [INFO] AuthMe 6.0.0-b2734 disabled!
[08-01 10:00:19]: [INFO] SQLite Setup finished
[08-01 10:00:19]: [INFO] Hooked into LuckPerms!
[08-01 10:00:19]: [INFO] Hooked successfully into Essentials
[08-01 10:00:19]: [INFO] Essentials spawn file not found: '/server/plugins/Essentials/spawn.yml'
[08-01 10:00:19]: [WARN] WARNING! The protectInventory feature requires PacketEvents! Disabling it...
[08-01 10:00:19]: [INFO] AuthMe 6.0.0 build n.2734 successfully enabled!
[08-01 10:00:27]: [INFO] Downloading GEO IP database, because the old database is older than 30 days or doesn't exist
[08-01 10:00:27]: [WARN] No MaxMind credentials found in the configuration file! GeoIp protections will be disabled.
[08-01 10:00:27]: [INFO] There is no newer GEO IP database uploaded to MaxMind. Using the old one for now.
[08-01 10:00:27]: [WARN] Could not download GeoLiteAPI database [FileNotFoundException]: plugins/AuthMe/GeoLite2-Country.mmdb (No such file or directory)
[08-01 10:00:27]: java.io.FileNotFoundException: plugins/AuthMe/GeoLite2-Country.mmdb (No such file or directory)
	at java.base/java.io.RandomAccessFile.open0(Native Method)
	at java.base/java.io.RandomAccessFile.open(RandomAccessFile.java:338)
	at java.base/java.io.RandomAccessFile.<init>(RandomAccessFile.java:257)
	at java.base/java.io.RandomAccessFile.<init>(RandomAccessFile.java:211)
	at com.maxmind.db.BufferHolder.<init>(BufferHolder.java:19)
	at com.maxmind.db.Reader.<init>(Reader.java:119)
	at com.maxmind.geoip2.DatabaseReader.<init>(DatabaseReader.java:106)
	at com.maxmind.geoip2.DatabaseReader$Builder.build(DatabaseReader.java:238)
	at AuthMe-6.0.0-Spigot-1.21.jar//fr.xephi.authme.service.GeoIpService.startReading(GeoIpService.java:183)
	at AuthMe-6.0.0-Spigot-1.21.jar//fr.xephi.authme.service.GeoIpService.updateDatabase(GeoIpService.java:150)
	at org.bukkit.craftbukkit.scheduler.CraftTask.run(CraftTask.java:78)
	at org.bukkit.craftbukkit.scheduler.CraftAsyncTask.run(CraftAsyncTask.java:57)
	at com.destroystokyo.paper.ServerSchedulerReportingWrapper.run(ServerSchedulerReportingWrapper.java:22)
	at java.base/java.util.concurrent.ThreadPoolExecutor.runWorker(ThreadPoolExecutor.java:1090)
	at java.base/java.util.concurrent.ThreadPoolExecutor$Worker.run(ThreadPoolExecutor.java:614)
	at java.base/java.lang.Thread.run(Thread.java:1474)

[08-01 10:00:52]: [FINE] .HastyBag7675 logged in 38.101.220.234
[08-01 10:01:15]: [FINE] The user NightmareDady has 4 accounts:
[08-01 10:01:15]: [FINE] §7hanansaleh, azansalehhh, manansaleh2007, §aNightmareDady§7.
[08-01 10:01:15]: [FINE] NightmareDady logged in 182.185.175.207
[08-01 10:02:34]: [FINE] The user NightmareDady has 4 accounts:
[08-01 10:02:34]: [FINE] §7hanansaleh, azansalehhh, manansaleh2007, §aNightmareDady§7.
[08-01 10:02:34]: [FINE] NightmareDady logged in 182.185.175.207
[08-01 10:05:43]: [FINE] The user manansaleh2007 has 4 accounts:
[08-01 10:05:43]: [FINE] §7hanansaleh, azansalehhh, §amanansaleh2007§7, nightmaredady.
[08-01 10:05:43]: [FINE] manansaleh2007 logged in 182.185.175.207
[08-01 10:12:05]: [INFO] AuthMe 6.0.0-b2734 disabled!
[08-01 10:13:53]: [INFO] SQLite Setup finished
[08-01 10:13:53]: [INFO] Hooked into LuckPerms!
[08-01 10:13:53]: [INFO] Hooked successfully into Essentials
[08-01 10:13:53]: [INFO] Essentials spawn file not found: '/server/plugins/Essentials/spawn.yml'
[08-01 10:13:53]: [WARN] WARNING! The protectInventory feature requires PacketEvents! Disabling it...
[08-01 10:13:53]: [INFO] AuthMe 6.0.0 build n.2734 successfully enabled!
[08-01 10:13:59]: [INFO] Downloading GEO IP database, because the old database is older than 30 days or doesn't exist
[08-01 10:13:59]: [WARN] No MaxMind credentials found in the configuration file! GeoIp protections will be disabled.
[08-01 10:13:59]: [INFO] There is no newer GEO IP database uploaded to MaxMind. Using the old one for now.
[08-01 10:13:59]: [WARN] Could not download GeoLiteAPI database [FileNotFoundException]: plugins/AuthMe/GeoLite2-Country.mmdb (No such file or directory)
[08-01 10:13:59]: java.io.FileNotFoundException: plugins/AuthMe/GeoLite2-Country.mmdb (No such file or directory)
	at java.base/java.io.RandomAccessFile.open0(Native Method)
	at java.base/java.io.RandomAccessFile.open(RandomAccessFile.java:338)
	at java.base/java.io.RandomAccessFile.<init>(RandomAccessFile.java:257)
	at java.base/java.io.RandomAccessFile.<init>(RandomAccessFile.java:211)
	at com.maxmind.db.BufferHolder.<init>(BufferHolder.java:19)
	at com.maxmind.db.Reader.<init>(Reader.java:119)
	at com.maxmind.geoip2.DatabaseReader.<init>(DatabaseReader.java:106)
	at com.maxmind.geoip2.DatabaseReader$Builder.build(DatabaseReader.java:238)
	at AuthMe-6.0.0-Spigot-1.21.jar//fr.xephi.authme.service.GeoIpService.startReading(GeoIpService.java:183)
	at AuthMe-6.0.0-Spigot-1.21.jar//fr.xephi.authme.service.GeoIpService.updateDatabase(GeoIpService.java:150)
	at org.bukkit.craftbukkit.scheduler.CraftTask.run(CraftTask.java:78)
	at org.bukkit.craftbukkit.scheduler.CraftAsyncTask.run(CraftAsyncTask.java:57)
	at com.destroystokyo.paper.ServerSchedulerReportingWrapper.run(ServerSchedulerReportingWrapper.java:22)
	at java.base/java.util.concurrent.ThreadPoolExecutor.runWorker(ThreadPoolExecutor.java:1090)
	at java.base/java.util.concurrent.ThreadPoolExecutor$Worker.run(ThreadPoolExecutor.java:614)
	at java.base/java.lang.Thread.run(Thread.java:1474)

[08-01 10:14:21]: [FINE] .HastyBag7675 logged in 38.101.220.234
[08-01 10:14:35]: [FINE] The user manansaleh2007 has 4 accounts:
[08-01 10:14:35]: [FINE] §7hanansaleh, azansalehhh, §amanansaleh2007§7, nightmaredady.
[08-01 10:14:35]: [FINE] manansaleh2007 logged in 182.185.175.207
[08-01 11:02:48]: [INFO] AuthMe 6.0.0-b2734 disabled!
[08-04 15:38:39]: [INFO] SQLite Setup finished
[08-04 15:38:39]: [INFO] Hooked into LuckPerms!
[08-04 15:38:39]: [INFO] Hooked successfully into Essentials
[08-04 15:38:39]: [INFO] Essentials spawn file not found: '/server/plugins/Essentials/spawn.yml'
[08-04 15:38:39]: [WARN] WARNING! The protectInventory feature requires PacketEvents! Disabling it...
[08-04 15:38:39]: [INFO] AuthMe 6.0.0 build n.2734 successfully enabled!
[08-04 15:38:46]: [INFO] Downloading GEO IP database, because the old database is older than 30 days or doesn't exist
[08-04 15:38:46]: [WARN] No MaxMind credentials found in the configuration file! GeoIp protections will be disabled.
[08-04 15:38:46]: [INFO] There is no newer GEO IP database uploaded to MaxMind. Using the old one for now.
[08-04 15:38:46]: [WARN] Could not download GeoLiteAPI database [FileNotFoundException]: plugins/AuthMe/GeoLite2-Country.mmdb (No such file or directory)
[08-04 15:38:46]: java.io.FileNotFoundException: plugins/AuthMe/GeoLite2-Country.mmdb (No such file or directory)
	at java.base/java.io.RandomAccessFile.open0(Native Method)
	at java.base/java.io.RandomAccessFile.open(RandomAccessFile.java:338)
	at java.base/java.io.RandomAccessFile.<init>(RandomAccessFile.java:257)
	at java.base/java.io.RandomAccessFile.<init>(RandomAccessFile.java:211)
	at com.maxmind.db.BufferHolder.<init>(BufferHolder.java:19)
	at com.maxmind.db.Reader.<init>(Reader.java:119)
	at com.maxmind.geoip2.DatabaseReader.<init>(DatabaseReader.java:106)
	at com.maxmind.geoip2.DatabaseReader$Builder.build(DatabaseReader.java:238)
	at AuthMe-6.0.0-Spigot-1.21.jar//fr.xephi.authme.service.GeoIpService.startReading(GeoIpService.java:183)
	at AuthMe-6.0.0-Spigot-1.21.jar//fr.xephi.authme.service.GeoIpService.updateDatabase(GeoIpService.java:150)
	at org.bukkit.craftbukkit.scheduler.CraftTask.run(CraftTask.java:78)
	at org.bukkit.craftbukkit.scheduler.CraftAsyncTask.run(CraftAsyncTask.java:57)
	at com.destroystokyo.paper.ServerSchedulerReportingWrapper.run(ServerSchedulerReportingWrapper.java:22)
	at java.base/java.util.concurrent.ThreadPoolExecutor.runWorker(ThreadPoolExecutor.java:1090)
	at java.base/java.util.concurrent.ThreadPoolExecutor$Worker.run(ThreadPoolExecutor.java:614)
	at java.base/java.lang.Thread.run(Thread.java:1474)

[08-04 15:40:49]: [FINE] manansaleh2007 logged in 182.185.211.87
[08-04 15:57:27]: [INFO] AuthMe 6.0.0-b2734 disabled!
[08-04 18:03:27]: [INFO] SQLite Setup finished
[08-04 18:03:28]: [INFO] Hooked into LuckPerms!
[08-04 18:03:28]: [INFO] Hooked successfully into Essentials
[08-04 18:03:28]: [INFO] Essentials spawn file not found: '/server/plugins/Essentials/spawn.yml'
[08-04 18:03:28]: [WARN] WARNING! The protectInventory feature requires PacketEvents! Disabling it...
[08-04 18:03:28]: [INFO] AuthMe 6.0.0 build n.2734 successfully enabled!
[08-04 18:03:36]: [INFO] Downloading GEO IP database, because the old database is older than 30 days or doesn't exist
[08-04 18:03:36]: [WARN] No MaxMind credentials found in the configuration file! GeoIp protections will be disabled.
[08-04 18:03:36]: [INFO] There is no newer GEO IP database uploaded to MaxMind. Using the old one for now.
[08-04 18:03:36]: [WARN] Could not download GeoLiteAPI database [FileNotFoundException]: plugins/AuthMe/GeoLite2-Country.mmdb (No such file or directory)
[08-04 18:03:36]: java.io.FileNotFoundException: plugins/AuthMe/GeoLite2-Country.mmdb (No such file or directory)
	at java.base/java.io.RandomAccessFile.open0(Native Method)
	at java.base/java.io.RandomAccessFile.open(RandomAccessFile.java:338)
	at java.base/java.io.RandomAccessFile.<init>(RandomAccessFile.java:257)
	at java.base/java.io.RandomAccessFile.<init>(RandomAccessFile.java:211)
	at com.maxmind.db.BufferHolder.<init>(BufferHolder.java:19)
	at com.maxmind.db.Reader.<init>(Reader.java:119)
	at com.maxmind.geoip2.DatabaseReader.<init>(DatabaseReader.java:106)
	at com.maxmind.geoip2.DatabaseReader$Builder.build(DatabaseReader.java:238)
	at AuthMe-6.0.0-Spigot-1.21.jar//fr.xephi.authme.service.GeoIpService.startReading(GeoIpService.java:183)
	at AuthMe-6.0.0-Spigot-1.21.jar//fr.xephi.authme.service.GeoIpService.updateDatabase(GeoIpService.java:150)
	at org.bukkit.craftbukkit.scheduler.CraftTask.run(CraftTask.java:78)
	at org.bukkit.craftbukkit.scheduler.CraftAsyncTask.run(CraftAsyncTask.java:57)
	at com.destroystokyo.paper.ServerSchedulerReportingWrapper.run(ServerSchedulerReportingWrapper.java:22)
	at java.base/java.util.concurrent.ThreadPoolExecutor.runWorker(ThreadPoolExecutor.java:1090)
	at java.base/java.util.concurrent.ThreadPoolExecutor$Worker.run(ThreadPoolExecutor.java:614)
	at java.base/java.lang.Thread.run(Thread.java:1474)

[08-04 18:04:37]: [FINE] manansaleh2007 logged in 182.185.211.87
[08-04 18:10:18]: [FINE] manansaleh2007 logged in 182.185.211.87
[08-04 18:14:07]: [FINE] manansaleh2007 logged in 182.185.211.87
[08-04 18:29:12]: [FINE] manansaleh2007 logged in 182.185.211.87
[08-04 18:40:45]: [FINE] manansaleh2007 logged in 182.185.211.87
[08-04 18:42:09]: [FINE] manansaleh2007 logged in 182.185.211.87
[08-04 18:47:34]: [INFO] AuthMe 6.0.0-b2734 disabled!
[08-04 21:15:29]: [INFO] SQLite Setup finished
[08-04 21:15:29]: [INFO] Hooked into LuckPerms!
[08-04 21:15:29]: [INFO] Hooked successfully into Essentials
[08-04 21:15:29]: [INFO] Essentials spawn file not found: '/server/plugins/Essentials/spawn.yml'
[08-04 21:15:30]: [WARN] WARNING! The protectInventory feature requires PacketEvents! Disabling it...
[08-04 21:15:30]: [INFO] AuthMe 6.0.0 build n.2734 successfully enabled!
[08-04 21:15:37]: [INFO] Downloading GEO IP database, because the old database is older than 30 days or doesn't exist
[08-04 21:15:37]: [WARN] No MaxMind credentials found in the configuration file! GeoIp protections will be disabled.
[08-04 21:15:37]: [INFO] There is no newer GEO IP database uploaded to MaxMind. Using the old one for now.
[08-04 21:15:37]: [WARN] Could not download GeoLiteAPI database [FileNotFoundException]: plugins/AuthMe/GeoLite2-Country.mmdb (No such file or directory)
[08-04 21:15:37]: java.io.FileNotFoundException: plugins/AuthMe/GeoLite2-Country.mmdb (No such file or directory)
	at java.base/java.io.RandomAccessFile.open0(Native Method)
	at java.base/java.io.RandomAccessFile.open(RandomAccessFile.java:338)
	at java.base/java.io.RandomAccessFile.<init>(RandomAccessFile.java:257)
	at java.base/java.io.RandomAccessFile.<init>(RandomAccessFile.java:211)
	at com.maxmind.db.BufferHolder.<init>(BufferHolder.java:19)
	at com.maxmind.db.Reader.<init>(Reader.java:119)
	at com.maxmind.geoip2.DatabaseReader.<init>(DatabaseReader.java:106)
	at com.maxmind.geoip2.DatabaseReader$Builder.build(DatabaseReader.java:238)
	at AuthMe-6.0.0-Spigot-1.21.jar//fr.xephi.authme.service.GeoIpService.startReading(GeoIpService.java:183)
	at AuthMe-6.0.0-Spigot-1.21.jar//fr.xephi.authme.service.GeoIpService.updateDatabase(GeoIpService.java:150)
	at org.bukkit.craftbukkit.scheduler.CraftTask.run(CraftTask.java:78)
	at org.bukkit.craftbukkit.scheduler.CraftAsyncTask.run(CraftAsyncTask.java:57)
	at com.destroystokyo.paper.ServerSchedulerReportingWrapper.run(ServerSchedulerReportingWrapper.java:22)
	at java.base/java.util.concurrent.ThreadPoolExecutor.runWorker(ThreadPoolExecutor.java:1090)
	at java.base/java.util.concurrent.ThreadPoolExecutor$Worker.run(ThreadPoolExecutor.java:614)
	at java.base/java.lang.Thread.run(Thread.java:1474)

[08-04 21:15:44]: [FINE] manansaleh2007 logged in 182.185.211.87
[08-04 22:43:54]: [INFO] AuthMe 6.0.0-b2734 disabled!
[08-05 11:50:05]: [INFO] SQLite Setup finished
[08-05 11:50:05]: [INFO] Hooked into LuckPerms!
[08-05 11:50:06]: [INFO] Hooked successfully into Essentials
[08-05 11:50:06]: [INFO] Essentials spawn file not found: '/server/plugins/Essentials/spawn.yml'
[08-05 11:50:06]: [WARN] WARNING! The protectInventory feature requires PacketEvents! Disabling it...
[08-05 11:50:06]: [INFO] AuthMe 6.0.0 build n.2734 successfully enabled!
[08-05 11:50:13]: [INFO] Downloading GEO IP database, because the old database is older than 30 days or doesn't exist
[08-05 11:50:13]: [WARN] No MaxMind credentials found in the configuration file! GeoIp protections will be disabled.
[08-05 11:50:13]: [INFO] There is no newer GEO IP database uploaded to MaxMind. Using the old one for now.
[08-05 11:50:13]: [WARN] Could not download GeoLiteAPI database [FileNotFoundException]: plugins/AuthMe/GeoLite2-Country.mmdb (No such file or directory)
[08-05 11:50:13]: java.io.FileNotFoundException: plugins/AuthMe/GeoLite2-Country.mmdb (No such file or directory)
	at java.base/java.io.RandomAccessFile.open0(Native Method)
	at java.base/java.io.RandomAccessFile.open(RandomAccessFile.java:338)
	at java.base/java.io.RandomAccessFile.<init>(RandomAccessFile.java:257)
	at java.base/java.io.RandomAccessFile.<init>(RandomAccessFile.java:211)
	at com.maxmind.db.BufferHolder.<init>(BufferHolder.java:19)
	at com.maxmind.db.Reader.<init>(Reader.java:119)
	at com.maxmind.geoip2.DatabaseReader.<init>(DatabaseReader.java:106)
	at com.maxmind.geoip2.DatabaseReader$Builder.build(DatabaseReader.java:238)
	at AuthMe-6.0.0-Spigot-1.21.jar//fr.xephi.authme.service.GeoIpService.startReading(GeoIpService.java:183)
	at AuthMe-6.0.0-Spigot-1.21.jar//fr.xephi.authme.service.GeoIpService.updateDatabase(GeoIpService.java:150)
	at org.bukkit.craftbukkit.scheduler.CraftTask.run(CraftTask.java:78)
	at org.bukkit.craftbukkit.scheduler.CraftAsyncTask.run(CraftAsyncTask.java:57)
	at com.destroystokyo.paper.ServerSchedulerReportingWrapper.run(ServerSchedulerReportingWrapper.java:22)
	at java.base/java.util.concurrent.ThreadPoolExecutor.runWorker(ThreadPoolExecutor.java:1090)
	at java.base/java.util.concurrent.ThreadPoolExecutor$Worker.run(ThreadPoolExecutor.java:614)
	at java.base/java.lang.Thread.run(Thread.java:1474)

[08-05 11:55:15]: [INFO] AuthMe 6.0.0-b2734 disabled!
[08-05 11:58:14]: [INFO] SQLite Setup finished
[08-05 11:58:14]: [INFO] Hooked into LuckPerms!
[08-05 11:58:14]: [INFO] Hooked successfully into Essentials
[08-05 11:58:14]: [INFO] Essentials spawn file not found: '/server/plugins/Essentials/spawn.yml'
[08-05 11:58:14]: [WARN] WARNING! The protectInventory feature requires PacketEvents! Disabling it...
[08-05 11:58:14]: [INFO] AuthMe 6.0.0 build n.2734 successfully enabled!
[08-05 11:58:19]: [INFO] Downloading GEO IP database, because the old database is older than 30 days or doesn't exist
[08-05 11:58:19]: [WARN] No MaxMind credentials found in the configuration file! GeoIp protections will be disabled.
[08-05 11:58:19]: [INFO] There is no newer GEO IP database uploaded to MaxMind. Using the old one for now.
[08-05 11:58:19]: [WARN] Could not download GeoLiteAPI database [FileNotFoundException]: plugins/AuthMe/GeoLite2-Country.mmdb (No such file or directory)
[08-05 11:58:19]: java.io.FileNotFoundException: plugins/AuthMe/GeoLite2-Country.mmdb (No such file or directory)
	at java.base/java.io.RandomAccessFile.open0(Native Method)
	at java.base/java.io.RandomAccessFile.open(RandomAccessFile.java:338)
	at java.base/java.io.RandomAccessFile.<init>(RandomAccessFile.java:257)
	at java.base/java.io.RandomAccessFile.<init>(RandomAccessFile.java:211)
	at com.maxmind.db.BufferHolder.<init>(BufferHolder.java:19)
	at com.maxmind.db.Reader.<init>(Reader.java:119)
	at com.maxmind.geoip2.DatabaseReader.<init>(DatabaseReader.java:106)
	at com.maxmind.geoip2.DatabaseReader$Builder.build(DatabaseReader.java:238)
	at AuthMe-6.0.0-Spigot-1.21.jar//fr.xephi.authme.service.GeoIpService.startReading(GeoIpService.java:183)
	at AuthMe-6.0.0-Spigot-1.21.jar//fr.xephi.authme.service.GeoIpService.updateDatabase(GeoIpService.java:150)
	at org.bukkit.craftbukkit.scheduler.CraftTask.run(CraftTask.java:78)
	at org.bukkit.craftbukkit.scheduler.CraftAsyncTask.run(CraftAsyncTask.java:57)
	at com.destroystokyo.paper.ServerSchedulerReportingWrapper.run(ServerSchedulerReportingWrapper.java:22)
	at java.base/java.util.concurrent.ThreadPoolExecutor.runWorker(ThreadPoolExecutor.java:1090)
	at java.base/java.util.concurrent.ThreadPoolExecutor$Worker.run(ThreadPoolExecutor.java:614)
	at java.base/java.lang.Thread.run(Thread.java:1474)

[08-05 11:58:35]: [FINE] manansaleh2007 logged in 182.185.211.87
[08-05 12:32:47]: [FINE] manansaleh2007 logged in 182.185.211.87
[08-05 13:04:17]: [INFO] AuthMe 6.0.0-b2734 disabled!
[08-05 14:40:35]: [INFO] SQLite Setup finished
[08-05 14:40:35]: [INFO] Hooked into LuckPerms!
[08-05 14:40:35]: [INFO] Hooked successfully into Essentials
[08-05 14:40:35]: [INFO] Essentials spawn file not found: '/server/plugins/Essentials/spawn.yml'
[08-05 14:40:35]: [WARN] WARNING! The protectInventory feature requires PacketEvents! Disabling it...
[08-05 14:40:35]: [INFO] AuthMe 6.0.0 build n.2734 successfully enabled!
[08-05 14:40:42]: [INFO] Downloading GEO IP database, because the old database is older than 30 days or doesn't exist
[08-05 14:40:42]: [WARN] No MaxMind credentials found in the configuration file! GeoIp protections will be disabled.
[08-05 14:40:42]: [INFO] There is no newer GEO IP database uploaded to MaxMind. Using the old one for now.
[08-05 14:40:42]: [WARN] Could not download GeoLiteAPI database [FileNotFoundException]: plugins/AuthMe/GeoLite2-Country.mmdb (No such file or directory)
[08-05 14:40:42]: java.io.FileNotFoundException: plugins/AuthMe/GeoLite2-Country.mmdb (No such file or directory)
	at java.base/java.io.RandomAccessFile.open0(Native Method)
	at java.base/java.io.RandomAccessFile.open(RandomAccessFile.java:338)
	at java.base/java.io.RandomAccessFile.<init>(RandomAccessFile.java:257)
	at java.base/java.io.RandomAccessFile.<init>(RandomAccessFile.java:211)
	at com.maxmind.db.BufferHolder.<init>(BufferHolder.java:19)
	at com.maxmind.db.Reader.<init>(Reader.java:119)
	at com.maxmind.geoip2.DatabaseReader.<init>(DatabaseReader.java:106)
	at com.maxmind.geoip2.DatabaseReader$Builder.build(DatabaseReader.java:238)
	at AuthMe-6.0.0-Spigot-1.21.jar//fr.xephi.authme.service.GeoIpService.startReading(GeoIpService.java:183)
	at AuthMe-6.0.0-Spigot-1.21.jar//fr.xephi.authme.service.GeoIpService.updateDatabase(GeoIpService.java:150)
	at org.bukkit.craftbukkit.scheduler.CraftTask.run(CraftTask.java:78)
	at org.bukkit.craftbukkit.scheduler.CraftAsyncTask.run(CraftAsyncTask.java:57)
	at com.destroystokyo.paper.ServerSchedulerReportingWrapper.run(ServerSchedulerReportingWrapper.java:22)
	at java.base/java.util.concurrent.ThreadPoolExecutor.runWorker(ThreadPoolExecutor.java:1090)
	at java.base/java.util.concurrent.ThreadPoolExecutor$Worker.run(ThreadPoolExecutor.java:614)
	at java.base/java.lang.Thread.run(Thread.java:1474)

[08-05 14:40:56]: [FINE] manansaleh2007 logged in 182.185.211.87
[08-05 14:49:44]: [INFO] AuthMe 6.0.0-b2734 disabled!
[08-05 14:50:48]: [INFO] SQLite Setup finished
[08-05 14:50:48]: [INFO] Hooked into LuckPerms!
[08-05 14:50:48]: [INFO] Hooked successfully into Essentials
[08-05 14:50:48]: [INFO] Essentials spawn file not found: '/server/plugins/Essentials/spawn.yml'
[08-05 14:50:48]: [WARN] WARNING! The protectInventory feature requires PacketEvents! Disabling it...
[08-05 14:50:48]: [INFO] AuthMe 6.0.0 build n.2734 successfully enabled!
[08-05 14:50:54]: [INFO] Downloading GEO IP database, because the old database is older than 30 days or doesn't exist
[08-05 14:50:54]: [WARN] No MaxMind credentials found in the configuration file! GeoIp protections will be disabled.
[08-05 14:50:54]: [INFO] There is no newer GEO IP database uploaded to MaxMind. Using the old one for now.
[08-05 14:50:54]: [WARN] Could not download GeoLiteAPI database [FileNotFoundException]: plugins/AuthMe/GeoLite2-Country.mmdb (No such file or directory)
[08-05 14:50:54]: java.io.FileNotFoundException: plugins/AuthMe/GeoLite2-Country.mmdb (No such file or directory)
	at java.base/java.io.RandomAccessFile.open0(Native Method)
	at java.base/java.io.RandomAccessFile.open(RandomAccessFile.java:338)
	at java.base/java.io.RandomAccessFile.<init>(RandomAccessFile.java:257)
	at java.base/java.io.RandomAccessFile.<init>(RandomAccessFile.java:211)
	at com.maxmind.db.BufferHolder.<init>(BufferHolder.java:19)
	at com.maxmind.db.Reader.<init>(Reader.java:119)
	at com.maxmind.geoip2.DatabaseReader.<init>(DatabaseReader.java:106)
	at com.maxmind.geoip2.DatabaseReader$Builder.build(DatabaseReader.java:238)
	at AuthMe-6.0.0-Spigot-1.21.jar//fr.xephi.authme.service.GeoIpService.startReading(GeoIpService.java:183)
	at AuthMe-6.0.0-Spigot-1.21.jar//fr.xephi.authme.service.GeoIpService.updateDatabase(GeoIpService.java:150)
	at org.bukkit.craftbukkit.scheduler.CraftTask.run(CraftTask.java:78)
	at org.bukkit.craftbukkit.scheduler.CraftAsyncTask.run(CraftAsyncTask.java:57)
	at com.destroystokyo.paper.ServerSchedulerReportingWrapper.run(ServerSchedulerReportingWrapper.java:22)
	at java.base/java.util.concurrent.ThreadPoolExecutor.runWorker(ThreadPoolExecutor.java:1090)
	at java.base/java.util.concurrent.ThreadPoolExecutor$Worker.run(ThreadPoolExecutor.java:614)
	at java.base/java.lang.Thread.run(Thread.java:1474)

[08-05 14:55:59]: [INFO] AuthMe 6.0.0-b2734 disabled!
[08-05 16:31:49]: [INFO] SQLite Setup finished
[08-05 16:31:49]: [INFO] Hooked into LuckPerms!
[08-05 16:31:49]: [INFO] Hooked successfully into Essentials
[08-05 16:31:49]: [INFO] Essentials spawn file not found: '/server/plugins/Essentials/spawn.yml'
[08-05 16:31:49]: [WARN] WARNING! The protectInventory feature requires PacketEvents! Disabling it...
[08-05 16:31:49]: [INFO] AuthMe 6.0.0 build n.2734 successfully enabled!
[08-05 16:31:57]: [INFO] Downloading GEO IP database, because the old database is older than 30 days or doesn't exist
[08-05 16:31:57]: [WARN] No MaxMind credentials found in the configuration file! GeoIp protections will be disabled.
[08-05 16:31:57]: [INFO] There is no newer GEO IP database uploaded to MaxMind. Using the old one for now.
[08-05 16:31:57]: [WARN] Could not download GeoLiteAPI database [FileNotFoundException]: plugins/AuthMe/GeoLite2-Country.mmdb (No such file or directory)
[08-05 16:31:57]: java.io.FileNotFoundException: plugins/AuthMe/GeoLite2-Country.mmdb (No such file or directory)
	at java.base/java.io.RandomAccessFile.open0(Native Method)
	at java.base/java.io.RandomAccessFile.open(RandomAccessFile.java:338)
	at java.base/java.io.RandomAccessFile.<init>(RandomAccessFile.java:257)
	at java.base/java.io.RandomAccessFile.<init>(RandomAccessFile.java:211)
	at com.maxmind.db.BufferHolder.<init>(BufferHolder.java:19)
	at com.maxmind.db.Reader.<init>(Reader.java:119)
	at com.maxmind.geoip2.DatabaseReader.<init>(DatabaseReader.java:106)
	at com.maxmind.geoip2.DatabaseReader$Builder.build(DatabaseReader.java:238)
	at AuthMe-6.0.0-Spigot-1.21.jar//fr.xephi.authme.service.GeoIpService.startReading(GeoIpService.java:183)
	at AuthMe-6.0.0-Spigot-1.21.jar//fr.xephi.authme.service.GeoIpService.updateDatabase(GeoIpService.java:150)
	at org.bukkit.craftbukkit.scheduler.CraftTask.run(CraftTask.java:78)
	at org.bukkit.craftbukkit.scheduler.CraftAsyncTask.run(CraftAsyncTask.java:57)
	at com.destroystokyo.paper.ServerSchedulerReportingWrapper.run(ServerSchedulerReportingWrapper.java:22)
	at java.base/java.util.concurrent.ThreadPoolExecutor.runWorker(ThreadPoolExecutor.java:1090)
	at java.base/java.util.concurrent.ThreadPoolExecutor$Worker.run(ThreadPoolExecutor.java:614)
	at java.base/java.lang.Thread.run(Thread.java:1474)

[08-05 16:37:00]: [INFO] AuthMe 6.0.0-b2734 disabled!
[08-05 17:13:57]: [INFO] SQLite Setup finished
[08-05 17:13:57]: [INFO] Hooked into LuckPerms!
[08-05 17:13:57]: [INFO] Hooked successfully into Essentials
[08-05 17:13:57]: [INFO] Essentials spawn file not found: '/server/plugins/Essentials/spawn.yml'
[08-05 17:13:57]: [WARN] WARNING! The protectInventory feature requires PacketEvents! Disabling it...
[08-05 17:13:57]: [INFO] AuthMe 6.0.0 build n.2734 successfully enabled!
[08-05 17:14:05]: [INFO] Downloading GEO IP database, because the old database is older than 30 days or doesn't exist
[08-05 17:14:05]: [WARN] No MaxMind credentials found in the configuration file! GeoIp protections will be disabled.
[08-05 17:14:05]: [INFO] There is no newer GEO IP database uploaded to MaxMind. Using the old one for now.
[08-05 17:14:05]: [WARN] Could not download GeoLiteAPI database [FileNotFoundException]: plugins/AuthMe/GeoLite2-Country.mmdb (No such file or directory)
[08-05 17:14:05]: java.io.FileNotFoundException: plugins/AuthMe/GeoLite2-Country.mmdb (No such file or directory)
	at java.base/java.io.RandomAccessFile.open0(Native Method)
	at java.base/java.io.RandomAccessFile.open(RandomAccessFile.java:338)
	at java.base/java.io.RandomAccessFile.<init>(RandomAccessFile.java:257)
	at java.base/java.io.RandomAccessFile.<init>(RandomAccessFile.java:211)
	at com.maxmind.db.BufferHolder.<init>(BufferHolder.java:19)
	at com.maxmind.db.Reader.<init>(Reader.java:119)
	at com.maxmind.geoip2.DatabaseReader.<init>(DatabaseReader.java:106)
	at com.maxmind.geoip2.DatabaseReader$Builder.build(DatabaseReader.java:238)
	at AuthMe-6.0.0-Spigot-1.21.jar//fr.xephi.authme.service.GeoIpService.startReading(GeoIpService.java:183)
	at AuthMe-6.0.0-Spigot-1.21.jar//fr.xephi.authme.service.GeoIpService.updateDatabase(GeoIpService.java:150)
	at org.bukkit.craftbukkit.scheduler.CraftTask.run(CraftTask.java:78)
	at org.bukkit.craftbukkit.scheduler.CraftAsyncTask.run(CraftAsyncTask.java:57)
	at com.destroystokyo.paper.ServerSchedulerReportingWrapper.run(ServerSchedulerReportingWrapper.java:22)
	at java.base/java.util.concurrent.ThreadPoolExecutor.runWorker(ThreadPoolExecutor.java:1090)
	at java.base/java.util.concurrent.ThreadPoolExecutor$Worker.run(ThreadPoolExecutor.java:614)
	at java.base/java.lang.Thread.run(Thread.java:1474)

[08-05 17:19:08]: [INFO] AuthMe 6.0.0-b2734 disabled!
[08-05 17:24:25]: [INFO] SQLite Setup finished
[08-05 17:24:25]: [INFO] Hooked into LuckPerms!
[08-05 17:24:26]: [INFO] Hooked successfully into Essentials
[08-05 17:24:26]: [INFO] Essentials spawn file not found: '/server/plugins/Essentials/spawn.yml'
[08-05 17:24:26]: [WARN] WARNING! The protectInventory feature requires PacketEvents! Disabling it...
[08-05 17:24:26]: [INFO] AuthMe 6.0.0 build n.2734 successfully enabled!
[08-05 17:24:33]: [INFO] Downloading GEO IP database, because the old database is older than 30 days or doesn't exist
[08-05 17:24:33]: [WARN] No MaxMind credentials found in the configuration file! GeoIp protections will be disabled.
[08-05 17:24:33]: [INFO] There is no newer GEO IP database uploaded to MaxMind. Using the old one for now.
[08-05 17:24:33]: [WARN] Could not download GeoLiteAPI database [FileNotFoundException]: plugins/AuthMe/GeoLite2-Country.mmdb (No such file or directory)
[08-05 17:24:33]: java.io.FileNotFoundException: plugins/AuthMe/GeoLite2-Country.mmdb (No such file or directory)
	at java.base/java.io.RandomAccessFile.open0(Native Method)
	at java.base/java.io.RandomAccessFile.open(RandomAccessFile.java:338)
	at java.base/java.io.RandomAccessFile.<init>(RandomAccessFile.java:257)
	at java.base/java.io.RandomAccessFile.<init>(RandomAccessFile.java:211)
	at com.maxmind.db.BufferHolder.<init>(BufferHolder.java:19)
	at com.maxmind.db.Reader.<init>(Reader.java:119)
	at com.maxmind.geoip2.DatabaseReader.<init>(DatabaseReader.java:106)
	at com.maxmind.geoip2.DatabaseReader$Builder.build(DatabaseReader.java:238)
	at AuthMe-6.0.0-Spigot-1.21.jar//fr.xephi.authme.service.GeoIpService.startReading(GeoIpService.java:183)
	at AuthMe-6.0.0-Spigot-1.21.jar//fr.xephi.authme.service.GeoIpService.updateDatabase(GeoIpService.java:150)
	at org.bukkit.craftbukkit.scheduler.CraftTask.run(CraftTask.java:78)
	at org.bukkit.craftbukkit.scheduler.CraftAsyncTask.run(CraftAsyncTask.java:57)
	at com.destroystokyo.paper.ServerSchedulerReportingWrapper.run(ServerSchedulerReportingWrapper.java:22)
	at java.base/java.util.concurrent.ThreadPoolExecutor.runWorker(ThreadPoolExecutor.java:1090)
	at java.base/java.util.concurrent.ThreadPoolExecutor$Worker.run(ThreadPoolExecutor.java:614)
	at java.base/java.lang.Thread.run(Thread.java:1474)

[08-05 17:29:40]: [INFO] AuthMe 6.0.0-b2734 disabled!
[08-06 10:33:42]: [INFO] SQLite Setup finished
[08-06 10:33:42]: [INFO] Hooked into LuckPerms!
[08-06 10:33:42]: [INFO] Hooked successfully into Essentials
[08-06 10:33:42]: [INFO] Essentials spawn file not found: '/server/plugins/Essentials/spawn.yml'
[08-06 10:33:42]: [WARN] WARNING! The protectInventory feature requires PacketEvents! Disabling it...
[08-06 10:33:42]: [INFO] AuthMe 6.0.0 build n.2734 successfully enabled!
[08-06 10:33:49]: [INFO] Downloading GEO IP database, because the old database is older than 30 days or doesn't exist
[08-06 10:33:49]: [WARN] No MaxMind credentials found in the configuration file! GeoIp protections will be disabled.
[08-06 10:33:49]: [INFO] There is no newer GEO IP database uploaded to MaxMind. Using the old one for now.
[08-06 10:33:49]: [WARN] Could not download GeoLiteAPI database [FileNotFoundException]: plugins/AuthMe/GeoLite2-Country.mmdb (No such file or directory)
[08-06 10:33:49]: java.io.FileNotFoundException: plugins/AuthMe/GeoLite2-Country.mmdb (No such file or directory)
	at java.base/java.io.RandomAccessFile.open0(Native Method)
	at java.base/java.io.RandomAccessFile.open(RandomAccessFile.java:338)
	at java.base/java.io.RandomAccessFile.<init>(RandomAccessFile.java:257)
	at java.base/java.io.RandomAccessFile.<init>(RandomAccessFile.java:211)
	at com.maxmind.db.BufferHolder.<init>(BufferHolder.java:19)
	at com.maxmind.db.Reader.<init>(Reader.java:119)
	at com.maxmind.geoip2.DatabaseReader.<init>(DatabaseReader.java:106)
	at com.maxmind.geoip2.DatabaseReader$Builder.build(DatabaseReader.java:238)
	at AuthMe-6.0.0-Spigot-1.21.jar//fr.xephi.authme.service.GeoIpService.startReading(GeoIpService.java:183)
	at AuthMe-6.0.0-Spigot-1.21.jar//fr.xephi.authme.service.GeoIpService.updateDatabase(GeoIpService.java:150)
	at org.bukkit.craftbukkit.scheduler.CraftTask.run(CraftTask.java:78)
	at org.bukkit.craftbukkit.scheduler.CraftAsyncTask.run(CraftAsyncTask.java:57)
	at com.destroystokyo.paper.ServerSchedulerReportingWrapper.run(ServerSchedulerReportingWrapper.java:22)
	at java.base/java.util.concurrent.ThreadPoolExecutor.runWorker(ThreadPoolExecutor.java:1090)
	at java.base/java.util.concurrent.ThreadPoolExecutor$Worker.run(ThreadPoolExecutor.java:614)
	at java.base/java.lang.Thread.run(Thread.java:1474)

[08-06 10:34:04]: [FINE] manansaleh2007 logged in 182.185.211.87
[08-06 12:25:00]: [INFO] AuthMe 6.0.0-b2734 disabled!
[08-06 13:36:39]: [INFO] SQLite Setup finished
[08-06 13:36:39]: [INFO] Hooked into LuckPerms!
[08-06 13:36:39]: [INFO] Hooked successfully into Essentials
[08-06 13:36:39]: [INFO] Essentials spawn file not found: '/server/plugins/Essentials/spawn.yml'
[08-06 13:36:39]: [WARN] WARNING! The protectInventory feature requires PacketEvents! Disabling it...
[08-06 13:36:39]: [INFO] AuthMe 6.0.0 build n.2734 successfully enabled!
[08-06 13:36:46]: [INFO] Downloading GEO IP database, because the old database is older than 30 days or doesn't exist
[08-06 13:36:46]: [WARN] No MaxMind credentials found in the configuration file! GeoIp protections will be disabled.
[08-06 13:36:46]: [INFO] There is no newer GEO IP database uploaded to MaxMind. Using the old one for now.
[08-06 13:36:46]: [WARN] Could not download GeoLiteAPI database [FileNotFoundException]: plugins/AuthMe/GeoLite2-Country.mmdb (No such file or directory)
[08-06 13:36:46]: java.io.FileNotFoundException: plugins/AuthMe/GeoLite2-Country.mmdb (No such file or directory)
	at java.base/java.io.RandomAccessFile.open0(Native Method)
	at java.base/java.io.RandomAccessFile.open(RandomAccessFile.java:338)
	at java.base/java.io.RandomAccessFile.<init>(RandomAccessFile.java:257)
	at java.base/java.io.RandomAccessFile.<init>(RandomAccessFile.java:211)
	at com.maxmind.db.BufferHolder.<init>(BufferHolder.java:19)
	at com.maxmind.db.Reader.<init>(Reader.java:119)
	at com.maxmind.geoip2.DatabaseReader.<init>(DatabaseReader.java:106)
	at com.maxmind.geoip2.DatabaseReader$Builder.build(DatabaseReader.java:238)
	at AuthMe-6.0.0-Spigot-1.21.jar//fr.xephi.authme.service.GeoIpService.startReading(GeoIpService.java:183)
	at AuthMe-6.0.0-Spigot-1.21.jar//fr.xephi.authme.service.GeoIpService.updateDatabase(GeoIpService.java:150)
	at org.bukkit.craftbukkit.scheduler.CraftTask.run(CraftTask.java:78)
	at org.bukkit.craftbukkit.scheduler.CraftAsyncTask.run(CraftAsyncTask.java:57)
	at com.destroystokyo.paper.ServerSchedulerReportingWrapper.run(ServerSchedulerReportingWrapper.java:22)
	at java.base/java.util.concurrent.ThreadPoolExecutor.runWorker(ThreadPoolExecutor.java:1090)
	at java.base/java.util.concurrent.ThreadPoolExecutor$Worker.run(ThreadPoolExecutor.java:614)
	at java.base/java.lang.Thread.run(Thread.java:1474)

[08-06 13:41:50]: [INFO] AuthMe 6.0.0-b2734 disabled!
[08-06 16:51:25]: [INFO] SQLite Setup finished
[08-06 16:51:25]: [INFO] Hooked into LuckPerms!
[08-06 16:51:25]: [INFO] Hooked successfully into Essentials
[08-06 16:51:25]: [INFO] Essentials spawn file not found: '/server/plugins/Essentials/spawn.yml'
[08-06 16:51:26]: [WARN] WARNING! The protectInventory feature requires PacketEvents! Disabling it...
[08-06 16:51:26]: [INFO] AuthMe 6.0.0 build n.2734 successfully enabled!
[08-06 16:51:31]: [INFO] Downloading GEO IP database, because the old database is older than 30 days or doesn't exist
[08-06 16:51:31]: [WARN] No MaxMind credentials found in the configuration file! GeoIp protections will be disabled.
[08-06 16:51:31]: [INFO] There is no newer GEO IP database uploaded to MaxMind. Using the old one for now.
[08-06 16:51:31]: [WARN] Could not download GeoLiteAPI database [FileNotFoundException]: plugins/AuthMe/GeoLite2-Country.mmdb (No such file or directory)
[08-06 16:51:31]: java.io.FileNotFoundException: plugins/AuthMe/GeoLite2-Country.mmdb (No such file or directory)
	at java.base/java.io.RandomAccessFile.open0(Native Method)
	at java.base/java.io.RandomAccessFile.open(RandomAccessFile.java:338)
	at java.base/java.io.RandomAccessFile.<init>(RandomAccessFile.java:257)
	at java.base/java.io.RandomAccessFile.<init>(RandomAccessFile.java:211)
	at com.maxmind.db.BufferHolder.<init>(BufferHolder.java:19)
	at com.maxmind.db.Reader.<init>(Reader.java:119)
	at com.maxmind.geoip2.DatabaseReader.<init>(DatabaseReader.java:106)
	at com.maxmind.geoip2.DatabaseReader$Builder.build(DatabaseReader.java:238)
	at AuthMe-6.0.0-Spigot-1.21.jar//fr.xephi.authme.service.GeoIpService.startReading(GeoIpService.java:183)
	at AuthMe-6.0.0-Spigot-1.21.jar//fr.xephi.authme.service.GeoIpService.updateDatabase(GeoIpService.java:150)
	at org.bukkit.craftbukkit.scheduler.CraftTask.run(CraftTask.java:78)
	at org.bukkit.craftbukkit.scheduler.CraftAsyncTask.run(CraftAsyncTask.java:57)
	at com.destroystokyo.paper.ServerSchedulerReportingWrapper.run(ServerSchedulerReportingWrapper.java:22)
	at java.base/java.util.concurrent.ThreadPoolExecutor.runWorker(ThreadPoolExecutor.java:1090)
	at java.base/java.util.concurrent.ThreadPoolExecutor$Worker.run(ThreadPoolExecutor.java:614)
	at java.base/java.lang.Thread.run(Thread.java:1474)

[08-06 16:52:31]: [FINE] manansaleh2007 logged in 182.185.211.87
[08-06 16:57:02]: [INFO] AuthMe 6.0.0-b2734 disabled!
[08-06 16:57:44]: [INFO] SQLite Setup finished
[08-06 16:57:44]: [INFO] Hooked into LuckPerms!
[08-06 16:57:44]: [INFO] Hooked successfully into Essentials
[08-06 16:57:44]: [INFO] Essentials spawn file not found: '/server/plugins/Essentials/spawn.yml'
[08-06 16:57:44]: [WARN] WARNING! The protectInventory feature requires PacketEvents! Disabling it...
[08-06 16:57:44]: [INFO] AuthMe 6.0.0 build n.2734 successfully enabled!
[08-06 16:57:50]: [INFO] Downloading GEO IP database, because the old database is older than 30 days or doesn't exist
[08-06 16:57:50]: [WARN] No MaxMind credentials found in the configuration file! GeoIp protections will be disabled.
[08-06 16:57:50]: [INFO] There is no newer GEO IP database uploaded to MaxMind. Using the old one for now.
[08-06 16:57:50]: [WARN] Could not download GeoLiteAPI database [FileNotFoundException]: plugins/AuthMe/GeoLite2-Country.mmdb (No such file or directory)
[08-06 16:57:50]: java.io.FileNotFoundException: plugins/AuthMe/GeoLite2-Country.mmdb (No such file or directory)
	at java.base/java.io.RandomAccessFile.open0(Native Method)
	at java.base/java.io.RandomAccessFile.open(RandomAccessFile.java:338)
	at java.base/java.io.RandomAccessFile.<init>(RandomAccessFile.java:257)
	at java.base/java.io.RandomAccessFile.<init>(RandomAccessFile.java:211)
	at com.maxmind.db.BufferHolder.<init>(BufferHolder.java:19)
	at com.maxmind.db.Reader.<init>(Reader.java:119)
	at com.maxmind.geoip2.DatabaseReader.<init>(DatabaseReader.java:106)
	at com.maxmind.geoip2.DatabaseReader$Builder.build(DatabaseReader.java:238)
	at AuthMe-6.0.0-Spigot-1.21.jar//fr.xephi.authme.service.GeoIpService.startReading(GeoIpService.java:183)
	at AuthMe-6.0.0-Spigot-1.21.jar//fr.xephi.authme.service.GeoIpService.updateDatabase(GeoIpService.java:150)
	at org.bukkit.craftbukkit.scheduler.CraftTask.run(CraftTask.java:78)
	at org.bukkit.craftbukkit.scheduler.CraftAsyncTask.run(CraftAsyncTask.java:57)
	at com.destroystokyo.paper.ServerSchedulerReportingWrapper.run(ServerSchedulerReportingWrapper.java:22)
	at java.base/java.util.concurrent.ThreadPoolExecutor.runWorker(ThreadPoolExecutor.java:1090)
	at java.base/java.util.concurrent.ThreadPoolExecutor$Worker.run(ThreadPoolExecutor.java:614)
	at java.base/java.lang.Thread.run(Thread.java:1474)

[08-06 16:58:37]: [FINE] manansaleh2007 logged in 182.185.211.87
[08-06 16:59:05]: [FINE] The user hanansaleh has 2 accounts:
[08-06 16:59:05]: [FINE] §7§ahanansaleh§7, §amanansaleh2007§7.
[08-06 16:59:05]: [FINE] hanansaleh logged in 182.185.211.87
[08-06 17:01:06]: [FINE] The user manansaleh2007 has 2 accounts:
[08-06 17:01:06]: [FINE] §7§ahanansaleh§7, §amanansaleh2007§7.
[08-06 17:01:06]: [FINE] manansaleh2007 logged in 182.185.211.87
[08-06 17:06:36]: [FINE] The user hanansaleh has 2 accounts:
[08-06 17:06:36]: [FINE] §7§ahanansaleh§7, §amanansaleh2007§7.
[08-06 17:06:36]: [FINE] hanansaleh logged in 182.185.211.87
[08-06 17:08:13]: [INFO] AuthMe 6.0.0-b2734 disabled!
[08-06 17:08:54]: [INFO] SQLite Setup finished
[08-06 17:08:54]: [INFO] Hooked into LuckPerms!
[08-06 17:08:54]: [INFO] Hooked successfully into Essentials
[08-06 17:08:54]: [INFO] Essentials spawn file not found: '/server/plugins/Essentials/spawn.yml'
[08-06 17:08:54]: [WARN] WARNING! The protectInventory feature requires PacketEvents! Disabling it...
[08-06 17:08:54]: [INFO] AuthMe 6.0.0 build n.2734 successfully enabled!
[08-06 17:09:00]: [INFO] Downloading GEO IP database, because the old database is older than 30 days or doesn't exist
[08-06 17:09:00]: [WARN] No MaxMind credentials found in the configuration file! GeoIp protections will be disabled.
[08-06 17:09:00]: [INFO] There is no newer GEO IP database uploaded to MaxMind. Using the old one for now.
[08-06 17:09:00]: [WARN] Could not download GeoLiteAPI database [FileNotFoundException]: plugins/AuthMe/GeoLite2-Country.mmdb (No such file or directory)
[08-06 17:09:00]: java.io.FileNotFoundException: plugins/AuthMe/GeoLite2-Country.mmdb (No such file or directory)
	at java.base/java.io.RandomAccessFile.open0(Native Method)
	at java.base/java.io.RandomAccessFile.open(RandomAccessFile.java:338)
	at java.base/java.io.RandomAccessFile.<init>(RandomAccessFile.java:257)
	at java.base/java.io.RandomAccessFile.<init>(RandomAccessFile.java:211)
	at com.maxmind.db.BufferHolder.<init>(BufferHolder.java:19)
	at com.maxmind.db.Reader.<init>(Reader.java:119)
	at com.maxmind.geoip2.DatabaseReader.<init>(DatabaseReader.java:106)
	at com.maxmind.geoip2.DatabaseReader$Builder.build(DatabaseReader.java:238)
	at AuthMe-6.0.0-Spigot-1.21.jar//fr.xephi.authme.service.GeoIpService.startReading(GeoIpService.java:183)
	at AuthMe-6.0.0-Spigot-1.21.jar//fr.xephi.authme.service.GeoIpService.updateDatabase(GeoIpService.java:150)
	at org.bukkit.craftbukkit.scheduler.CraftTask.run(CraftTask.java:78)
	at org.bukkit.craftbukkit.scheduler.CraftAsyncTask.run(CraftAsyncTask.java:57)
	at com.destroystokyo.paper.ServerSchedulerReportingWrapper.run(ServerSchedulerReportingWrapper.java:22)
	at java.base/java.util.concurrent.ThreadPoolExecutor.runWorker(ThreadPoolExecutor.java:1090)
	at java.base/java.util.concurrent.ThreadPoolExecutor$Worker.run(ThreadPoolExecutor.java:614)
	at java.base/java.lang.Thread.run(Thread.java:1474)

[08-06 17:09:15]: [FINE] The user manansaleh2007 has 2 accounts:
[08-06 17:09:15]: [FINE] §7hanansaleh, §amanansaleh2007§7.
[08-06 17:09:15]: [FINE] manansaleh2007 logged in 182.185.211.87
[08-06 17:09:21]: [FINE] The user hanansaleh has 2 accounts:
[08-06 17:09:21]: [FINE] §7§ahanansaleh§7, §amanansaleh2007§7.
[08-06 17:09:21]: [FINE] hanansaleh logged in 182.185.211.87
[08-06 17:11:25]: [INFO] SQLite Setup finished
[08-06 17:11:25]: [INFO] Hooked into LuckPerms!
[08-06 17:11:25]: [INFO] Hooked successfully into Essentials
[08-06 17:11:25]: [INFO] Essentials spawn file not found: '/server/plugins/Essentials/spawn.yml'
[08-06 17:11:25]: [WARN] WARNING! The protectInventory feature requires PacketEvents! Disabling it...
[08-06 17:11:26]: [INFO] AuthMe 6.0.0 build n.2734 successfully enabled!
[08-06 17:11:31]: [INFO] Downloading GEO IP database, because the old database is older than 30 days or doesn't exist
[08-06 17:11:31]: [WARN] No MaxMind credentials found in the configuration file! GeoIp protections will be disabled.
[08-06 17:11:31]: [INFO] There is no newer GEO IP database uploaded to MaxMind. Using the old one for now.
[08-06 17:11:31]: [WARN] Could not download GeoLiteAPI database [FileNotFoundException]: plugins/AuthMe/GeoLite2-Country.mmdb (No such file or directory)
[08-06 17:11:31]: java.io.FileNotFoundException: plugins/AuthMe/GeoLite2-Country.mmdb (No such file or directory)
	at java.base/java.io.RandomAccessFile.open0(Native Method)
	at java.base/java.io.RandomAccessFile.open(RandomAccessFile.java:338)
	at java.base/java.io.RandomAccessFile.<init>(RandomAccessFile.java:257)
	at java.base/java.io.RandomAccessFile.<init>(RandomAccessFile.java:211)
	at com.maxmind.db.BufferHolder.<init>(BufferHolder.java:19)
	at com.maxmind.db.Reader.<init>(Reader.java:119)
	at com.maxmind.geoip2.DatabaseReader.<init>(DatabaseReader.java:106)
	at com.maxmind.geoip2.DatabaseReader$Builder.build(DatabaseReader.java:238)
	at AuthMe-6.0.0-Spigot-1.21.jar//fr.xephi.authme.service.GeoIpService.startReading(GeoIpService.java:183)
	at AuthMe-6.0.0-Spigot-1.21.jar//fr.xephi.authme.service.GeoIpService.updateDatabase(GeoIpService.java:150)
	at org.bukkit.craftbukkit.scheduler.CraftTask.run(CraftTask.java:78)
	at org.bukkit.craftbukkit.scheduler.CraftAsyncTask.run(CraftAsyncTask.java:57)
	at com.destroystokyo.paper.ServerSchedulerReportingWrapper.run(ServerSchedulerReportingWrapper.java:22)
	at java.base/java.util.concurrent.ThreadPoolExecutor.runWorker(ThreadPoolExecutor.java:1090)
	at java.base/java.util.concurrent.ThreadPoolExecutor$Worker.run(ThreadPoolExecutor.java:614)
	at java.base/java.lang.Thread.run(Thread.java:1474)

[08-06 17:11:42]: [FINE] The user manansaleh2007 has 2 accounts:
[08-06 17:11:42]: [FINE] §7hanansaleh, §amanansaleh2007§7.
[08-06 17:11:42]: [FINE] manansaleh2007 logged in 182.185.211.87
[08-06 17:13:27]: [INFO] AuthMe 6.0.0-b2734 disabled!
[08-06 17:14:30]: [INFO] SQLite Setup finished
[08-06 17:14:30]: [INFO] Hooked into LuckPerms!
[08-06 17:14:30]: [INFO] Hooked successfully into Essentials
[08-06 17:14:30]: [INFO] Essentials spawn file not found: '/server/plugins/Essentials/spawn.yml'
[08-06 17:14:30]: [WARN] WARNING! The protectInventory feature requires PacketEvents! Disabling it...
[08-06 17:14:30]: [INFO] AuthMe 6.0.0 build n.2734 successfully enabled!
[08-06 17:14:35]: [INFO] Downloading GEO IP database, because the old database is older than 30 days or doesn't exist
[08-06 17:14:35]: [WARN] No MaxMind credentials found in the configuration file! GeoIp protections will be disabled.
[08-06 17:14:35]: [INFO] There is no newer GEO IP database uploaded to MaxMind. Using the old one for now.
[08-06 17:14:35]: [WARN] Could not download GeoLiteAPI database [FileNotFoundException]: plugins/AuthMe/GeoLite2-Country.mmdb (No such file or directory)
[08-06 17:14:35]: java.io.FileNotFoundException: plugins/AuthMe/GeoLite2-Country.mmdb (No such file or directory)
	at java.base/java.io.RandomAccessFile.open0(Native Method)
	at java.base/java.io.RandomAccessFile.open(RandomAccessFile.java:338)
	at java.base/java.io.RandomAccessFile.<init>(RandomAccessFile.java:257)
	at java.base/java.io.RandomAccessFile.<init>(RandomAccessFile.java:211)
	at com.maxmind.db.BufferHolder.<init>(BufferHolder.java:19)
	at com.maxmind.db.Reader.<init>(Reader.java:119)
	at com.maxmind.geoip2.DatabaseReader.<init>(DatabaseReader.java:106)
	at com.maxmind.geoip2.DatabaseReader$Builder.build(DatabaseReader.java:238)
	at AuthMe-6.0.0-Spigot-1.21.jar//fr.xephi.authme.service.GeoIpService.startReading(GeoIpService.java:183)
	at AuthMe-6.0.0-Spigot-1.21.jar//fr.xephi.authme.service.GeoIpService.updateDatabase(GeoIpService.java:150)
	at org.bukkit.craftbukkit.scheduler.CraftTask.run(CraftTask.java:78)
	at org.bukkit.craftbukkit.scheduler.CraftAsyncTask.run(CraftAsyncTask.java:57)
	at com.destroystokyo.paper.ServerSchedulerReportingWrapper.run(ServerSchedulerReportingWrapper.java:22)
	at java.base/java.util.concurrent.ThreadPoolExecutor.runWorker(ThreadPoolExecutor.java:1090)
	at java.base/java.util.concurrent.ThreadPoolExecutor$Worker.run(ThreadPoolExecutor.java:614)
	at java.base/java.lang.Thread.run(Thread.java:1474)

[08-06 17:14:48]: [FINE] The user manansaleh2007 has 2 accounts:
[08-06 17:14:48]: [FINE] §7hanansaleh, §amanansaleh2007§7.
[08-06 17:14:48]: [FINE] manansaleh2007 logged in 182.185.211.87
[08-06 17:16:44]: [INFO] AuthMe 6.0.0-b2734 disabled!
[08-06 17:17:24]: [INFO] SQLite Setup finished
[08-06 17:17:24]: [INFO] Hooked into LuckPerms!
[08-06 17:17:24]: [INFO] Hooked successfully into Essentials
[08-06 17:17:24]: [INFO] Essentials spawn file not found: '/server/plugins/Essentials/spawn.yml'
[08-06 17:17:24]: [WARN] WARNING! The protectInventory feature requires PacketEvents! Disabling it...
[08-06 17:17:24]: [INFO] AuthMe 6.0.0 build n.2734 successfully enabled!
[08-06 17:17:30]: [INFO] Downloading GEO IP database, because the old database is older than 30 days or doesn't exist
[08-06 17:17:30]: [WARN] No MaxMind credentials found in the configuration file! GeoIp protections will be disabled.
[08-06 17:17:30]: [INFO] There is no newer GEO IP database uploaded to MaxMind. Using the old one for now.
[08-06 17:17:30]: [WARN] Could not download GeoLiteAPI database [FileNotFoundException]: plugins/AuthMe/GeoLite2-Country.mmdb (No such file or directory)
[08-06 17:17:30]: java.io.FileNotFoundException: plugins/AuthMe/GeoLite2-Country.mmdb (No such file or directory)
	at java.base/java.io.RandomAccessFile.open0(Native Method)
	at java.base/java.io.RandomAccessFile.open(RandomAccessFile.java:338)
	at java.base/java.io.RandomAccessFile.<init>(RandomAccessFile.java:257)
	at java.base/java.io.RandomAccessFile.<init>(RandomAccessFile.java:211)
	at com.maxmind.db.BufferHolder.<init>(BufferHolder.java:19)
	at com.maxmind.db.Reader.<init>(Reader.java:119)
	at com.maxmind.geoip2.DatabaseReader.<init>(DatabaseReader.java:106)
	at com.maxmind.geoip2.DatabaseReader$Builder.build(DatabaseReader.java:238)
	at AuthMe-6.0.0-Spigot-1.21.jar//fr.xephi.authme.service.GeoIpService.startReading(GeoIpService.java:183)
	at AuthMe-6.0.0-Spigot-1.21.jar//fr.xephi.authme.service.GeoIpService.updateDatabase(GeoIpService.java:150)
	at org.bukkit.craftbukkit.scheduler.CraftTask.run(CraftTask.java:78)
	at org.bukkit.craftbukkit.scheduler.CraftAsyncTask.run(CraftAsyncTask.java:57)
	at com.destroystokyo.paper.ServerSchedulerReportingWrapper.run(ServerSchedulerReportingWrapper.java:22)
	at java.base/java.util.concurrent.ThreadPoolExecutor.runWorker(ThreadPoolExecutor.java:1090)
	at java.base/java.util.concurrent.ThreadPoolExecutor$Worker.run(ThreadPoolExecutor.java:614)
	at java.base/java.lang.Thread.run(Thread.java:1474)

[08-06 17:17:49]: [FINE] The user manansaleh2007 has 2 accounts:
[08-06 17:17:49]: [FINE] §7hanansaleh, §amanansaleh2007§7.
[08-06 17:17:49]: [FINE] manansaleh2007 logged in 182.185.211.87
[08-06 17:25:35]: [INFO] AuthMe 6.0.0-b2734 disabled!
[08-06 17:26:18]: [INFO] SQLite Setup finished
[08-06 17:26:18]: [INFO] Hooked into LuckPerms!
[08-06 17:26:18]: [INFO] Hooked successfully into Essentials
[08-06 17:26:18]: [INFO] Essentials spawn file not found: '/server/plugins/Essentials/spawn.yml'
[08-06 17:26:18]: [WARN] WARNING! The protectInventory feature requires PacketEvents! Disabling it...
[08-06 17:26:18]: [INFO] AuthMe 6.0.0 build n.2734 successfully enabled!
[08-06 17:26:25]: [INFO] Downloading GEO IP database, because the old database is older than 30 days or doesn't exist
[08-06 17:26:25]: [WARN] No MaxMind credentials found in the configuration file! GeoIp protections will be disabled.
[08-06 17:26:25]: [INFO] There is no newer GEO IP database uploaded to MaxMind. Using the old one for now.
[08-06 17:26:25]: [WARN] Could not download GeoLiteAPI database [FileNotFoundException]: plugins/AuthMe/GeoLite2-Country.mmdb (No such file or directory)
[08-06 17:26:25]: java.io.FileNotFoundException: plugins/AuthMe/GeoLite2-Country.mmdb (No such file or directory)
	at java.base/java.io.RandomAccessFile.open0(Native Method)
	at java.base/java.io.RandomAccessFile.open(RandomAccessFile.java:338)
	at java.base/java.io.RandomAccessFile.<init>(RandomAccessFile.java:257)
	at java.base/java.io.RandomAccessFile.<init>(RandomAccessFile.java:211)
	at com.maxmind.db.BufferHolder.<init>(BufferHolder.java:19)
	at com.maxmind.db.Reader.<init>(Reader.java:119)
	at com.maxmind.geoip2.DatabaseReader.<init>(DatabaseReader.java:106)
	at com.maxmind.geoip2.DatabaseReader$Builder.build(DatabaseReader.java:238)
	at AuthMe-6.0.0-Spigot-1.21.jar//fr.xephi.authme.service.GeoIpService.startReading(GeoIpService.java:183)
	at AuthMe-6.0.0-Spigot-1.21.jar//fr.xephi.authme.service.GeoIpService.updateDatabase(GeoIpService.java:150)
	at org.bukkit.craftbukkit.scheduler.CraftTask.run(CraftTask.java:78)
	at org.bukkit.craftbukkit.scheduler.CraftAsyncTask.run(CraftAsyncTask.java:57)
	at com.destroystokyo.paper.ServerSchedulerReportingWrapper.run(ServerSchedulerReportingWrapper.java:22)
	at java.base/java.util.concurrent.ThreadPoolExecutor.runWorker(ThreadPoolExecutor.java:1090)
	at java.base/java.util.concurrent.ThreadPoolExecutor$Worker.run(ThreadPoolExecutor.java:614)
	at java.base/java.lang.Thread.run(Thread.java:1474)

[08-06 17:26:54]: [FINE] The user hanansaleh has 2 accounts:
[08-06 17:26:54]: [FINE] §7§ahanansaleh§7, manansaleh2007.
[08-06 17:26:54]: [FINE] hanansaleh logged in 182.185.211.87
[08-06 17:29:41]: [FINE] The user manansaleh2007 has 2 accounts:
[08-06 17:29:41]: [FINE] §7hanansaleh, §amanansaleh2007§7.
[08-06 17:29:41]: [FINE] manansaleh2007 logged in 182.185.211.87
[08-06 17:30:08]: [FINE] The user manansaleh2007 has 2 accounts:
[08-06 17:30:08]: [FINE] §7hanansaleh, §amanansaleh2007§7.
[08-06 17:30:08]: [FINE] manansaleh2007 logged in 182.185.211.87
[08-06 17:43:07]: [INFO] AuthMe 6.0.0-b2734 disabled!
[08-06 17:43:37]: [INFO] SQLite Setup finished
[08-06 17:43:37]: [INFO] Hooked into LuckPerms!
[08-06 17:43:37]: [INFO] Hooked successfully into Essentials
[08-06 17:43:37]: [INFO] Essentials spawn file not found: '/server/plugins/Essentials/spawn.yml'
[08-06 17:43:37]: [WARN] WARNING! The protectInventory feature requires PacketEvents! Disabling it...
[08-06 17:43:37]: [INFO] AuthMe 6.0.0 build n.2734 successfully enabled!
[08-06 17:43:41]: [INFO] Downloading GEO IP database, because the old database is older than 30 days or doesn't exist
[08-06 17:43:41]: [WARN] No MaxMind credentials found in the configuration file! GeoIp protections will be disabled.
[08-06 17:43:41]: [INFO] There is no newer GEO IP database uploaded to MaxMind. Using the old one for now.
[08-06 17:43:41]: [WARN] Could not download GeoLiteAPI database [FileNotFoundException]: plugins/AuthMe/GeoLite2-Country.mmdb (No such file or directory)
[08-06 17:43:41]: java.io.FileNotFoundException: plugins/AuthMe/GeoLite2-Country.mmdb (No such file or directory)
	at java.base/java.io.RandomAccessFile.open0(Native Method)
	at java.base/java.io.RandomAccessFile.open(RandomAccessFile.java:338)
	at java.base/java.io.RandomAccessFile.<init>(RandomAccessFile.java:257)
	at java.base/java.io.RandomAccessFile.<init>(RandomAccessFile.java:211)
	at com.maxmind.db.BufferHolder.<init>(BufferHolder.java:19)
	at com.maxmind.db.Reader.<init>(Reader.java:119)
	at com.maxmind.geoip2.DatabaseReader.<init>(DatabaseReader.java:106)
	at com.maxmind.geoip2.DatabaseReader$Builder.build(DatabaseReader.java:238)
	at AuthMe-6.0.0-Spigot-1.21.jar//fr.xephi.authme.service.GeoIpService.startReading(GeoIpService.java:183)
	at AuthMe-6.0.0-Spigot-1.21.jar//fr.xephi.authme.service.GeoIpService.updateDatabase(GeoIpService.java:150)
	at org.bukkit.craftbukkit.scheduler.CraftTask.run(CraftTask.java:78)
	at org.bukkit.craftbukkit.scheduler.CraftAsyncTask.run(CraftAsyncTask.java:57)
	at com.destroystokyo.paper.ServerSchedulerReportingWrapper.run(ServerSchedulerReportingWrapper.java:22)
	at java.base/java.util.concurrent.ThreadPoolExecutor.runWorker(ThreadPoolExecutor.java:1090)
	at java.base/java.util.concurrent.ThreadPoolExecutor$Worker.run(ThreadPoolExecutor.java:614)
	at java.base/java.lang.Thread.run(Thread.java:1474)

[08-06 17:44:25]: [FINE] The user manansaleh2007 has 2 accounts:
[08-06 17:44:25]: [FINE] §7hanansaleh, §amanansaleh2007§7.
[08-06 17:44:25]: [FINE] manansaleh2007 logged in 182.185.211.87
[08-06 17:45:33]: [FINE] The user manansaleh2007 has 2 accounts:
[08-06 17:45:33]: [FINE] §7hanansaleh, §amanansaleh2007§7.
[08-06 17:45:33]: [FINE] manansaleh2007 logged in 182.185.211.87
[08-06 17:48:34]: [FINE] The user manansaleh2007 has 2 accounts:
[08-06 17:48:34]: [FINE] §7hanansaleh, §amanansaleh2007§7.
[08-06 17:48:34]: [FINE] manansaleh2007 logged in 182.185.211.87
[08-06 17:55:48]: [FINE] The user manansaleh2007 has 2 accounts:
[08-06 17:55:48]: [FINE] §7hanansaleh, §amanansaleh2007§7.
[08-06 17:55:48]: [FINE] manansaleh2007 logged in 182.185.211.87
[08-06 18:09:37]: [FINE] The user manansaleh2007 has 2 accounts:
[08-06 18:09:37]: [FINE] §7hanansaleh, §amanansaleh2007§7.
[08-06 18:09:37]: [FINE] manansaleh2007 logged in 182.185.211.87
[08-06 18:21:34]: [INFO] AuthMe 6.0.0-b2734 disabled!
[08-08 10:28:16]: [INFO] SQLite Setup finished
[08-08 10:28:16]: [INFO] Hooked into LuckPerms!
[08-08 10:28:16]: [INFO] Hooked successfully into Essentials
[08-08 10:28:16]: [INFO] Essentials spawn file not found: '/server/plugins/Essentials/spawn.yml'
[08-08 10:28:16]: [WARN] WARNING! The protectInventory feature requires PacketEvents! Disabling it...
[08-08 10:28:16]: [INFO] AuthMe 6.0.0 build n.2734 successfully enabled!
[08-08 10:28:20]: [INFO] Downloading GEO IP database, because the old database is older than 30 days or doesn't exist
[08-08 10:28:20]: [WARN] No MaxMind credentials found in the configuration file! GeoIp protections will be disabled.
[08-08 10:28:20]: [INFO] There is no newer GEO IP database uploaded to MaxMind. Using the old one for now.
[08-08 10:28:20]: [WARN] Could not download GeoLiteAPI database [FileNotFoundException]: plugins/AuthMe/GeoLite2-Country.mmdb (No such file or directory)
[08-08 10:28:20]: java.io.FileNotFoundException: plugins/AuthMe/GeoLite2-Country.mmdb (No such file or directory)
	at java.base/java.io.RandomAccessFile.open0(Native Method)
	at java.base/java.io.RandomAccessFile.open(RandomAccessFile.java:338)
	at java.base/java.io.RandomAccessFile.<init>(RandomAccessFile.java:257)
	at java.base/java.io.RandomAccessFile.<init>(RandomAccessFile.java:211)
	at com.maxmind.db.BufferHolder.<init>(BufferHolder.java:19)
	at com.maxmind.db.Reader.<init>(Reader.java:119)
	at com.maxmind.geoip2.DatabaseReader.<init>(DatabaseReader.java:106)
	at com.maxmind.geoip2.DatabaseReader$Builder.build(DatabaseReader.java:238)
	at AuthMe-6.0.0-Spigot-1.21.jar//fr.xephi.authme.service.GeoIpService.startReading(GeoIpService.java:183)
	at AuthMe-6.0.0-Spigot-1.21.jar//fr.xephi.authme.service.GeoIpService.updateDatabase(GeoIpService.java:150)
	at org.bukkit.craftbukkit.scheduler.CraftTask.run(CraftTask.java:78)
	at org.bukkit.craftbukkit.scheduler.CraftAsyncTask.run(CraftAsyncTask.java:57)
	at com.destroystokyo.paper.ServerSchedulerReportingWrapper.run(ServerSchedulerReportingWrapper.java:22)
	at java.base/java.util.concurrent.ThreadPoolExecutor.runWorker(ThreadPoolExecutor.java:1090)
	at java.base/java.util.concurrent.ThreadPoolExecutor$Worker.run(ThreadPoolExecutor.java:614)
	at java.base/java.lang.Thread.run(Thread.java:1474)

[08-08 10:28:45]: [FINE] The user manansaleh2007 has 2 accounts:
[08-08 10:28:45]: [FINE] §7hanansaleh, §amanansaleh2007§7.
[08-08 10:28:45]: [FINE] manansaleh2007 logged in 182.185.211.87
[08-08 11:22:56]: [INFO] AuthMe 6.0.0-b2734 disabled!
[08-08 11:40:42]: [INFO] SQLite Setup finished
[08-08 11:40:42]: [INFO] Hooked into LuckPerms!
[08-08 11:40:42]: [INFO] Hooked successfully into Essentials
[08-08 11:40:42]: [INFO] Essentials spawn file not found: '/server/plugins/Essentials/spawn.yml'
[08-08 11:40:42]: [WARN] WARNING! The protectInventory feature requires PacketEvents! Disabling it...
[08-08 11:40:42]: [INFO] AuthMe 6.0.0 build n.2734 successfully enabled!
[08-08 11:40:47]: [INFO] Downloading GEO IP database, because the old database is older than 30 days or doesn't exist
[08-08 11:40:47]: [WARN] No MaxMind credentials found in the configuration file! GeoIp protections will be disabled.
[08-08 11:40:47]: [INFO] There is no newer GEO IP database uploaded to MaxMind. Using the old one for now.
[08-08 11:40:47]: [WARN] Could not download GeoLiteAPI database [FileNotFoundException]: plugins/AuthMe/GeoLite2-Country.mmdb (No such file or directory)
[08-08 11:40:47]: java.io.FileNotFoundException: plugins/AuthMe/GeoLite2-Country.mmdb (No such file or directory)
	at java.base/java.io.RandomAccessFile.open0(Native Method)
	at java.base/java.io.RandomAccessFile.open(RandomAccessFile.java:338)
	at java.base/java.io.RandomAccessFile.<init>(RandomAccessFile.java:257)
	at java.base/java.io.RandomAccessFile.<init>(RandomAccessFile.java:211)
	at com.maxmind.db.BufferHolder.<init>(BufferHolder.java:19)
	at com.maxmind.db.Reader.<init>(Reader.java:119)
	at com.maxmind.geoip2.DatabaseReader.<init>(DatabaseReader.java:106)
	at com.maxmind.geoip2.DatabaseReader$Builder.build(DatabaseReader.java:238)
	at AuthMe-6.0.0-Spigot-1.21.jar//fr.xephi.authme.service.GeoIpService.startReading(GeoIpService.java:183)
	at AuthMe-6.0.0-Spigot-1.21.jar//fr.xephi.authme.service.GeoIpService.updateDatabase(GeoIpService.java:150)
	at org.bukkit.craftbukkit.scheduler.CraftTask.run(CraftTask.java:78)
	at org.bukkit.craftbukkit.scheduler.CraftAsyncTask.run(CraftAsyncTask.java:57)
	at com.destroystokyo.paper.ServerSchedulerReportingWrapper.run(ServerSchedulerReportingWrapper.java:22)
	at java.base/java.util.concurrent.ThreadPoolExecutor.runWorker(ThreadPoolExecutor.java:1090)
	at java.base/java.util.concurrent.ThreadPoolExecutor$Worker.run(ThreadPoolExecutor.java:614)
	at java.base/java.lang.Thread.run(Thread.java:1474)

[08-08 11:41:10]: [FINE] The user manansaleh2007 has 2 accounts:
[08-08 11:41:10]: [FINE] §7hanansaleh, §amanansaleh2007§7.
[08-08 11:41:10]: [FINE] manansaleh2007 logged in 182.185.211.87
[08-08 11:42:31]: [INFO] AuthMe 6.0.0-b2734 disabled!
[08-08 11:43:06]: [INFO] SQLite Setup finished
[08-08 11:43:06]: [INFO] Hooked into LuckPerms!
[08-08 11:43:06]: [INFO] Hooked successfully into Essentials
[08-08 11:43:06]: [INFO] Essentials spawn file not found: '/server/plugins/Essentials/spawn.yml'
[08-08 11:43:06]: [WARN] WARNING! The protectInventory feature requires PacketEvents! Disabling it...
[08-08 11:43:06]: [INFO] AuthMe 6.0.0 build n.2734 successfully enabled!
[08-08 11:43:11]: [INFO] Downloading GEO IP database, because the old database is older than 30 days or doesn't exist
[08-08 11:43:11]: [WARN] No MaxMind credentials found in the configuration file! GeoIp protections will be disabled.
[08-08 11:43:11]: [INFO] There is no newer GEO IP database uploaded to MaxMind. Using the old one for now.
[08-08 11:43:11]: [WARN] Could not download GeoLiteAPI database [FileNotFoundException]: plugins/AuthMe/GeoLite2-Country.mmdb (No such file or directory)
[08-08 11:43:11]: java.io.FileNotFoundException: plugins/AuthMe/GeoLite2-Country.mmdb (No such file or directory)
	at java.base/java.io.RandomAccessFile.open0(Native Method)
	at java.base/java.io.RandomAccessFile.open(RandomAccessFile.java:338)
	at java.base/java.io.RandomAccessFile.<init>(RandomAccessFile.java:257)
	at java.base/java.io.RandomAccessFile.<init>(RandomAccessFile.java:211)
	at com.maxmind.db.BufferHolder.<init>(BufferHolder.java:19)
	at com.maxmind.db.Reader.<init>(Reader.java:119)
	at com.maxmind.geoip2.DatabaseReader.<init>(DatabaseReader.java:106)
	at com.maxmind.geoip2.DatabaseReader$Builder.build(DatabaseReader.java:238)
	at AuthMe-6.0.0-Spigot-1.21.jar//fr.xephi.authme.service.GeoIpService.startReading(GeoIpService.java:183)
	at AuthMe-6.0.0-Spigot-1.21.jar//fr.xephi.authme.service.GeoIpService.updateDatabase(GeoIpService.java:150)
	at org.bukkit.craftbukkit.scheduler.CraftTask.run(CraftTask.java:78)
	at org.bukkit.craftbukkit.scheduler.CraftAsyncTask.run(CraftAsyncTask.java:57)
	at com.destroystokyo.paper.ServerSchedulerReportingWrapper.run(ServerSchedulerReportingWrapper.java:22)
	at java.base/java.util.concurrent.ThreadPoolExecutor.runWorker(ThreadPoolExecutor.java:1090)
	at java.base/java.util.concurrent.ThreadPoolExecutor$Worker.run(ThreadPoolExecutor.java:614)
	at java.base/java.lang.Thread.run(Thread.java:1474)

[08-08 11:44:09]: [FINE] The user manansaleh2007 has 2 accounts:
[08-08 11:44:09]: [FINE] §7hanansaleh, §amanansaleh2007§7.
[08-08 11:44:09]: [FINE] manansaleh2007 logged in 182.185.211.87
[08-08 12:15:52]: [FINE] The user hanansaleh has 2 accounts:
[08-08 12:15:52]: [FINE] §7§ahanansaleh§7, §amanansaleh2007§7.
[08-08 12:15:52]: [FINE] hanansaleh logged in 182.185.211.87
[08-08 12:18:52]: [FINE] The user hanansaleh has 2 accounts:
[08-08 12:18:52]: [FINE] §7§ahanansaleh§7, §amanansaleh2007§7.
[08-08 12:18:52]: [FINE] hanansaleh logged in 182.185.211.87
[08-08 12:20:49]: [FINE] The user manansaleh2007 has 2 accounts:
[08-08 12:20:49]: [FINE] §7hanansaleh, §amanansaleh2007§7.
[08-08 12:20:49]: [FINE] manansaleh2007 logged in 182.185.211.87
[08-08 12:21:29]: [INFO] AuthMe 6.0.0-b2734 disabled!
[08-08 12:21:55]: [INFO] SQLite Setup finished
[08-08 12:21:55]: [INFO] Hooked into LuckPerms!
[08-08 12:21:55]: [INFO] Hooked successfully into Essentials
[08-08 12:21:55]: [INFO] Essentials spawn file not found: '/server/plugins/Essentials/spawn.yml'
[08-08 12:21:55]: [WARN] WARNING! The protectInventory feature requires PacketEvents! Disabling it...
[08-08 12:21:55]: [INFO] AuthMe 6.0.0 build n.2734 successfully enabled!
[08-08 12:21:59]: [INFO] Downloading GEO IP database, because the old database is older than 30 days or doesn't exist
[08-08 12:21:59]: [WARN] No MaxMind credentials found in the configuration file! GeoIp protections will be disabled.
[08-08 12:21:59]: [INFO] There is no newer GEO IP database uploaded to MaxMind. Using the old one for now.
[08-08 12:21:59]: [WARN] Could not download GeoLiteAPI database [FileNotFoundException]: plugins/AuthMe/GeoLite2-Country.mmdb (No such file or directory)
[08-08 12:21:59]: java.io.FileNotFoundException: plugins/AuthMe/GeoLite2-Country.mmdb (No such file or directory)
	at java.base/java.io.RandomAccessFile.open0(Native Method)
	at java.base/java.io.RandomAccessFile.open(RandomAccessFile.java:338)
	at java.base/java.io.RandomAccessFile.<init>(RandomAccessFile.java:257)
	at java.base/java.io.RandomAccessFile.<init>(RandomAccessFile.java:211)
	at com.maxmind.db.BufferHolder.<init>(BufferHolder.java:19)
	at com.maxmind.db.Reader.<init>(Reader.java:119)
	at com.maxmind.geoip2.DatabaseReader.<init>(DatabaseReader.java:106)
	at com.maxmind.geoip2.DatabaseReader$Builder.build(DatabaseReader.java:238)
	at AuthMe-6.0.0-Spigot-1.21.jar//fr.xephi.authme.service.GeoIpService.startReading(GeoIpService.java:183)
	at AuthMe-6.0.0-Spigot-1.21.jar//fr.xephi.authme.service.GeoIpService.updateDatabase(GeoIpService.java:150)
	at org.bukkit.craftbukkit.scheduler.CraftTask.run(CraftTask.java:78)
	at org.bukkit.craftbukkit.scheduler.CraftAsyncTask.run(CraftAsyncTask.java:57)
	at com.destroystokyo.paper.ServerSchedulerReportingWrapper.run(ServerSchedulerReportingWrapper.java:22)
	at java.base/java.util.concurrent.ThreadPoolExecutor.runWorker(ThreadPoolExecutor.java:1090)
	at java.base/java.util.concurrent.ThreadPoolExecutor$Worker.run(ThreadPoolExecutor.java:614)
	at java.base/java.lang.Thread.run(Thread.java:1474)

[08-08 12:22:17]: [FINE] The user hanansaleh has 2 accounts:
[08-08 12:22:17]: [FINE] §7§ahanansaleh§7, manansaleh2007.
[08-08 12:22:17]: [FINE] hanansaleh logged in 182.185.211.87
[08-08 12:22:24]: [FINE] The user manansaleh2007 has 2 accounts:
[08-08 12:22:24]: [FINE] §7§ahanansaleh§7, §amanansaleh2007§7.
[08-08 12:22:24]: [FINE] manansaleh2007 logged in 182.185.211.87
[08-08 12:28:17]: [FINE] The user hanansaleh has 2 accounts:
[08-08 12:28:17]: [FINE] §7§ahanansaleh§7, §amanansaleh2007§7.
[08-08 12:28:17]: [FINE] hanansaleh logged in 182.185.211.87
[08-08 12:29:28]: [INFO] AuthMe 6.0.0-b2734 disabled!
[08-08 12:30:29]: [INFO] SQLite Setup finished
[08-08 12:30:29]: [INFO] Hooked into LuckPerms!
[08-08 12:30:30]: [INFO] Hooked successfully into Essentials
[08-08 12:30:30]: [INFO] Essentials spawn file not found: '/server/plugins/Essentials/spawn.yml'
[08-08 12:30:30]: [WARN] WARNING! The protectInventory feature requires PacketEvents! Disabling it...
[08-08 12:30:30]: [INFO] AuthMe 6.0.0 build n.2734 successfully enabled!
[08-08 12:30:37]: [INFO] Downloading GEO IP database, because the old database is older than 30 days or doesn't exist
[08-08 12:30:37]: [WARN] No MaxMind credentials found in the configuration file! GeoIp protections will be disabled.
[08-08 12:30:37]: [INFO] There is no newer GEO IP database uploaded to MaxMind. Using the old one for now.
[08-08 12:30:37]: [WARN] Could not download GeoLiteAPI database [FileNotFoundException]: plugins/AuthMe/GeoLite2-Country.mmdb (No such file or directory)
[08-08 12:30:37]: java.io.FileNotFoundException: plugins/AuthMe/GeoLite2-Country.mmdb (No such file or directory)
	at java.base/java.io.RandomAccessFile.open0(Native Method)
	at java.base/java.io.RandomAccessFile.open(RandomAccessFile.java:338)
	at java.base/java.io.RandomAccessFile.<init>(RandomAccessFile.java:257)
	at java.base/java.io.RandomAccessFile.<init>(RandomAccessFile.java:211)
	at com.maxmind.db.BufferHolder.<init>(BufferHolder.java:19)
	at com.maxmind.db.Reader.<init>(Reader.java:119)
	at com.maxmind.geoip2.DatabaseReader.<init>(DatabaseReader.java:106)
	at com.maxmind.geoip2.DatabaseReader$Builder.build(DatabaseReader.java:238)
	at AuthMe-6.0.0-Spigot-1.21.jar//fr.xephi.authme.service.GeoIpService.startReading(GeoIpService.java:183)
	at AuthMe-6.0.0-Spigot-1.21.jar//fr.xephi.authme.service.GeoIpService.updateDatabase(GeoIpService.java:150)
	at org.bukkit.craftbukkit.scheduler.CraftTask.run(CraftTask.java:78)
	at org.bukkit.craftbukkit.scheduler.CraftAsyncTask.run(CraftAsyncTask.java:57)
	at com.destroystokyo.paper.ServerSchedulerReportingWrapper.run(ServerSchedulerReportingWrapper.java:22)
	at java.base/java.util.concurrent.ThreadPoolExecutor.runWorker(ThreadPoolExecutor.java:1090)
	at java.base/java.util.concurrent.ThreadPoolExecutor$Worker.run(ThreadPoolExecutor.java:614)
	at java.base/java.lang.Thread.run(Thread.java:1474)

[08-08 12:30:49]: [FINE] The user manansaleh2007 has 2 accounts:
[08-08 12:30:49]: [FINE] §7hanansaleh, §amanansaleh2007§7.
[08-08 12:30:49]: [FINE] manansaleh2007 logged in 182.185.211.87
[08-08 12:31:00]: [FINE] The user hanansaleh has 2 accounts:
[08-08 12:31:00]: [FINE] §7§ahanansaleh§7, §amanansaleh2007§7.
[08-08 12:31:00]: [FINE] hanansaleh logged in 182.185.211.87
[08-08 12:40:29]: [FINE] The user hanansaleh has 2 accounts:
[08-08 12:40:29]: [FINE] §7§ahanansaleh§7, §amanansaleh2007§7.
[08-08 12:40:29]: [FINE] hanansaleh logged in 182.185.211.87
[08-08 12:43:16]: [FINE] The user hanansaleh has 2 accounts:
[08-08 12:43:16]: [FINE] §7§ahanansaleh§7, §amanansaleh2007§7.
[08-08 12:43:16]: [FINE] hanansaleh logged in 182.185.211.87
[08-08 12:47:40]: [FINE] The user hanansaleh has 2 accounts:
[08-08 12:47:40]: [FINE] §7§ahanansaleh§7, §amanansaleh2007§7.
[08-08 12:47:40]: [FINE] hanansaleh logged in 182.185.211.87
[08-08 12:55:25]: [FINE] The user hanansaleh has 2 accounts:
[08-08 12:55:25]: [FINE] §7§ahanansaleh§7, §amanansaleh2007§7.
[08-08 12:55:25]: [FINE] hanansaleh logged in 182.185.211.87
[08-08 13:07:00]: [FINE] The user hanansaleh has 2 accounts:
[08-08 13:07:00]: [FINE] §7§ahanansaleh§7, §amanansaleh2007§7.
[08-08 13:07:00]: [FINE] hanansaleh logged in 182.185.211.87
[08-08 13:16:55]: [FINE] The user hanansaleh has 2 accounts:
[08-08 13:16:55]: [FINE] §7§ahanansaleh§7, §amanansaleh2007§7.
[08-08 13:16:55]: [FINE] hanansaleh logged in 182.185.211.87
[08-08 14:14:53]: [INFO] AuthMe 6.0.0-b2734 disabled!
[08-08 16:08:08]: [INFO] SQLite Setup finished
[08-08 16:08:08]: [INFO] Hooked into LuckPerms!
[08-08 16:08:08]: [INFO] Hooked successfully into Essentials
[08-08 16:08:08]: [INFO] Essentials spawn file not found: '/server/plugins/Essentials/spawn.yml'
[08-08 16:08:09]: [WARN] WARNING! The protectInventory feature requires PacketEvents! Disabling it...
[08-08 16:08:09]: [INFO] AuthMe 6.0.0 build n.2734 successfully enabled!
[08-08 16:08:15]: [INFO] Downloading GEO IP database, because the old database is older than 30 days or doesn't exist
[08-08 16:08:15]: [WARN] No MaxMind credentials found in the configuration file! GeoIp protections will be disabled.
[08-08 16:08:15]: [INFO] There is no newer GEO IP database uploaded to MaxMind. Using the old one for now.
[08-08 16:08:15]: [WARN] Could not download GeoLiteAPI database [FileNotFoundException]: plugins/AuthMe/GeoLite2-Country.mmdb (No such file or directory)
[08-08 16:08:15]: java.io.FileNotFoundException: plugins/AuthMe/GeoLite2-Country.mmdb (No such file or directory)
	at java.base/java.io.RandomAccessFile.open0(Native Method)
	at java.base/java.io.RandomAccessFile.open(RandomAccessFile.java:338)
	at java.base/java.io.RandomAccessFile.<init>(RandomAccessFile.java:257)
	at java.base/java.io.RandomAccessFile.<init>(RandomAccessFile.java:211)
	at com.maxmind.db.BufferHolder.<init>(BufferHolder.java:19)
	at com.maxmind.db.Reader.<init>(Reader.java:119)
	at com.maxmind.geoip2.DatabaseReader.<init>(DatabaseReader.java:106)
	at com.maxmind.geoip2.DatabaseReader$Builder.build(DatabaseReader.java:238)
	at AuthMe-6.0.0-Spigot-1.21.jar//fr.xephi.authme.service.GeoIpService.startReading(GeoIpService.java:183)
	at AuthMe-6.0.0-Spigot-1.21.jar//fr.xephi.authme.service.GeoIpService.updateDatabase(GeoIpService.java:150)
	at org.bukkit.craftbukkit.scheduler.CraftTask.run(CraftTask.java:78)
	at org.bukkit.craftbukkit.scheduler.CraftAsyncTask.run(CraftAsyncTask.java:57)
	at com.destroystokyo.paper.ServerSchedulerReportingWrapper.run(ServerSchedulerReportingWrapper.java:22)
	at java.base/java.util.concurrent.ThreadPoolExecutor.runWorker(ThreadPoolExecutor.java:1090)
	at java.base/java.util.concurrent.ThreadPoolExecutor$Worker.run(ThreadPoolExecutor.java:614)
	at java.base/java.lang.Thread.run(Thread.java:1474)

[08-08 16:13:17]: [INFO] AuthMe 6.0.0-b2734 disabled!
[08-08 19:40:05]: [INFO] SQLite Setup finished
[08-08 19:40:05]: [INFO] Hooked into LuckPerms!
[08-08 19:40:05]: [INFO] Hooked successfully into Essentials
[08-08 19:40:05]: [INFO] Essentials spawn file not found: '/server/plugins/Essentials/spawn.yml'
[08-08 19:40:05]: [WARN] WARNING! The protectInventory feature requires PacketEvents! Disabling it...
[08-08 19:40:05]: [INFO] AuthMe 6.0.0 build n.2734 successfully enabled!
[08-08 19:40:12]: [INFO] Downloading GEO IP database, because the old database is older than 30 days or doesn't exist
[08-08 19:40:12]: [WARN] No MaxMind credentials found in the configuration file! GeoIp protections will be disabled.
[08-08 19:40:12]: [INFO] There is no newer GEO IP database uploaded to MaxMind. Using the old one for now.
[08-08 19:40:12]: [WARN] Could not download GeoLiteAPI database [FileNotFoundException]: plugins/AuthMe/GeoLite2-Country.mmdb (No such file or directory)
[08-08 19:40:12]: java.io.FileNotFoundException: plugins/AuthMe/GeoLite2-Country.mmdb (No such file or directory)
	at java.base/java.io.RandomAccessFile.open0(Native Method)
	at java.base/java.io.RandomAccessFile.open(RandomAccessFile.java:338)
	at java.base/java.io.RandomAccessFile.<init>(RandomAccessFile.java:257)
	at java.base/java.io.RandomAccessFile.<init>(RandomAccessFile.java:211)
	at com.maxmind.db.BufferHolder.<init>(BufferHolder.java:19)
	at com.maxmind.db.Reader.<init>(Reader.java:119)
	at com.maxmind.geoip2.DatabaseReader.<init>(DatabaseReader.java:106)
	at com.maxmind.geoip2.DatabaseReader$Builder.build(DatabaseReader.java:238)
	at AuthMe-6.0.0-Spigot-1.21.jar//fr.xephi.authme.service.GeoIpService.startReading(GeoIpService.java:183)
	at AuthMe-6.0.0-Spigot-1.21.jar//fr.xephi.authme.service.GeoIpService.updateDatabase(GeoIpService.java:150)
	at org.bukkit.craftbukkit.scheduler.CraftTask.run(CraftTask.java:78)
	at org.bukkit.craftbukkit.scheduler.CraftAsyncTask.run(CraftAsyncTask.java:57)
	at com.destroystokyo.paper.ServerSchedulerReportingWrapper.run(ServerSchedulerReportingWrapper.java:22)
	at java.base/java.util.concurrent.ThreadPoolExecutor.runWorker(ThreadPoolExecutor.java:1090)
	at java.base/java.util.concurrent.ThreadPoolExecutor$Worker.run(ThreadPoolExecutor.java:614)
	at java.base/java.lang.Thread.run(Thread.java:1474)

[08-08 19:40:25]: [FINE] The user manansaleh2007 has 2 accounts:
[08-08 19:40:25]: [FINE] §7hanansaleh, §amanansaleh2007§7.
[08-08 19:40:25]: [FINE] manansaleh2007 logged in 182.185.211.87
[08-08 19:47:41]: [INFO] AuthMe 6.0.0-b2734 disabled!
[08-08 19:48:13]: [INFO] SQLite Setup finished
[08-08 19:48:13]: [INFO] Hooked into LuckPerms!
[08-08 19:48:13]: [INFO] Hooked successfully into Essentials
[08-08 19:48:13]: [INFO] Essentials spawn file not found: '/server/plugins/Essentials/spawn.yml'
[08-08 19:48:13]: [WARN] WARNING! The protectInventory feature requires PacketEvents! Disabling it...
[08-08 19:48:13]: [INFO] AuthMe 6.0.0 build n.2734 successfully enabled!
[08-08 19:48:17]: [INFO] Downloading GEO IP database, because the old database is older than 30 days or doesn't exist
[08-08 19:48:17]: [WARN] No MaxMind credentials found in the configuration file! GeoIp protections will be disabled.
[08-08 19:48:17]: [INFO] There is no newer GEO IP database uploaded to MaxMind. Using the old one for now.
[08-08 19:48:17]: [WARN] Could not download GeoLiteAPI database [FileNotFoundException]: plugins/AuthMe/GeoLite2-Country.mmdb (No such file or directory)
[08-08 19:48:17]: java.io.FileNotFoundException: plugins/AuthMe/GeoLite2-Country.mmdb (No such file or directory)
	at java.base/java.io.RandomAccessFile.open0(Native Method)
	at java.base/java.io.RandomAccessFile.open(RandomAccessFile.java:338)
	at java.base/java.io.RandomAccessFile.<init>(RandomAccessFile.java:257)
	at java.base/java.io.RandomAccessFile.<init>(RandomAccessFile.java:211)
	at com.maxmind.db.BufferHolder.<init>(BufferHolder.java:19)
	at com.maxmind.db.Reader.<init>(Reader.java:119)
	at com.maxmind.geoip2.DatabaseReader.<init>(DatabaseReader.java:106)
	at com.maxmind.geoip2.DatabaseReader$Builder.build(DatabaseReader.java:238)
	at AuthMe-6.0.0-Spigot-1.21.jar//fr.xephi.authme.service.GeoIpService.startReading(GeoIpService.java:183)
	at AuthMe-6.0.0-Spigot-1.21.jar//fr.xephi.authme.service.GeoIpService.updateDatabase(GeoIpService.java:150)
	at org.bukkit.craftbukkit.scheduler.CraftTask.run(CraftTask.java:78)
	at org.bukkit.craftbukkit.scheduler.CraftAsyncTask.run(CraftAsyncTask.java:57)
	at com.destroystokyo.paper.ServerSchedulerReportingWrapper.run(ServerSchedulerReportingWrapper.java:22)
	at java.base/java.util.concurrent.ThreadPoolExecutor.runWorker(ThreadPoolExecutor.java:1090)
	at java.base/java.util.concurrent.ThreadPoolExecutor$Worker.run(ThreadPoolExecutor.java:614)
	at java.base/java.lang.Thread.run(Thread.java:1474)

[08-08 19:48:59]: [FINE] The user manansaleh2007 has 2 accounts:
[08-08 19:48:59]: [FINE] §7hanansaleh, §amanansaleh2007§7.
[08-08 19:48:59]: [FINE] manansaleh2007 logged in 182.185.211.87
[08-08 20:54:15]: [FINE] The user manansaleh2007 has 2 accounts:
[08-08 20:54:15]: [FINE] §7hanansaleh, §amanansaleh2007§7.
[08-08 20:54:15]: [FINE] manansaleh2007 logged in 182.185.211.87
[08-08 21:03:35]: [INFO] AuthMe 6.0.0-b2734 disabled!
[08-08 22:33:19]: [INFO] SQLite Setup finished
[08-08 22:33:20]: [INFO] Hooked into LuckPerms!
[08-08 22:33:20]: [INFO] Hooked successfully into Essentials
[08-08 22:33:20]: [INFO] Essentials spawn file not found: '/server/plugins/Essentials/spawn.yml'
[08-08 22:33:20]: [WARN] WARNING! The protectInventory feature requires PacketEvents! Disabling it...
[08-08 22:33:20]: [INFO] AuthMe 6.0.0 build n.2734 successfully enabled!
[08-08 22:33:25]: [INFO] Downloading GEO IP database, because the old database is older than 30 days or doesn't exist
[08-08 22:33:25]: [WARN] No MaxMind credentials found in the configuration file! GeoIp protections will be disabled.
[08-08 22:33:25]: [INFO] There is no newer GEO IP database uploaded to MaxMind. Using the old one for now.
[08-08 22:33:25]: [WARN] Could not download GeoLiteAPI database [FileNotFoundException]: plugins/AuthMe/GeoLite2-Country.mmdb (No such file or directory)
[08-08 22:33:25]: java.io.FileNotFoundException: plugins/AuthMe/GeoLite2-Country.mmdb (No such file or directory)
	at java.base/java.io.RandomAccessFile.open0(Native Method)
	at java.base/java.io.RandomAccessFile.open(RandomAccessFile.java:338)
	at java.base/java.io.RandomAccessFile.<init>(RandomAccessFile.java:257)
	at java.base/java.io.RandomAccessFile.<init>(RandomAccessFile.java:211)
	at com.maxmind.db.BufferHolder.<init>(BufferHolder.java:19)
	at com.maxmind.db.Reader.<init>(Reader.java:119)
	at com.maxmind.geoip2.DatabaseReader.<init>(DatabaseReader.java:106)
	at com.maxmind.geoip2.DatabaseReader$Builder.build(DatabaseReader.java:238)
	at AuthMe-6.0.0-Spigot-1.21.jar//fr.xephi.authme.service.GeoIpService.startReading(GeoIpService.java:183)
	at AuthMe-6.0.0-Spigot-1.21.jar//fr.xephi.authme.service.GeoIpService.updateDatabase(GeoIpService.java:150)
	at org.bukkit.craftbukkit.scheduler.CraftTask.run(CraftTask.java:78)
	at org.bukkit.craftbukkit.scheduler.CraftAsyncTask.run(CraftAsyncTask.java:57)
	at com.destroystokyo.paper.ServerSchedulerReportingWrapper.run(ServerSchedulerReportingWrapper.java:22)
	at java.base/java.util.concurrent.ThreadPoolExecutor.runWorker(ThreadPoolExecutor.java:1090)
	at java.base/java.util.concurrent.ThreadPoolExecutor$Worker.run(ThreadPoolExecutor.java:614)
	at java.base/java.lang.Thread.run(Thread.java:1474)

[08-08 22:38:32]: [INFO] AuthMe 6.0.0-b2734 disabled!
[08-09 18:03:06]: [INFO] SQLite Setup finished
[08-09 18:03:06]: [INFO] Hooked into LuckPerms!
[08-09 18:03:06]: [INFO] Hooked successfully into Essentials
[08-09 18:03:06]: [INFO] Essentials spawn file not found: '/server/plugins/Essentials/spawn.yml'
[08-09 18:03:07]: [WARN] WARNING! The protectInventory feature requires PacketEvents! Disabling it...
[08-09 18:03:07]: [INFO] AuthMe 6.0.0 build n.2734 successfully enabled!
[08-09 18:03:13]: [INFO] Downloading GEO IP database, because the old database is older than 30 days or doesn't exist
[08-09 18:03:13]: [WARN] No MaxMind credentials found in the configuration file! GeoIp protections will be disabled.
[08-09 18:03:13]: [INFO] There is no newer GEO IP database uploaded to MaxMind. Using the old one for now.
[08-09 18:03:13]: [WARN] Could not download GeoLiteAPI database [FileNotFoundException]: plugins/AuthMe/GeoLite2-Country.mmdb (No such file or directory)
[08-09 18:03:13]: java.io.FileNotFoundException: plugins/AuthMe/GeoLite2-Country.mmdb (No such file or directory)
	at java.base/java.io.RandomAccessFile.open0(Native Method)
	at java.base/java.io.RandomAccessFile.open(RandomAccessFile.java:338)
	at java.base/java.io.RandomAccessFile.<init>(RandomAccessFile.java:257)
	at java.base/java.io.RandomAccessFile.<init>(RandomAccessFile.java:211)
	at com.maxmind.db.BufferHolder.<init>(BufferHolder.java:19)
	at com.maxmind.db.Reader.<init>(Reader.java:119)
	at com.maxmind.geoip2.DatabaseReader.<init>(DatabaseReader.java:106)
	at com.maxmind.geoip2.DatabaseReader$Builder.build(DatabaseReader.java:238)
	at AuthMe-6.0.0-Spigot-1.21.jar//fr.xephi.authme.service.GeoIpService.startReading(GeoIpService.java:183)
	at AuthMe-6.0.0-Spigot-1.21.jar//fr.xephi.authme.service.GeoIpService.updateDatabase(GeoIpService.java:150)
	at org.bukkit.craftbukkit.scheduler.CraftTask.run(CraftTask.java:78)
	at org.bukkit.craftbukkit.scheduler.CraftAsyncTask.run(CraftAsyncTask.java:57)
	at com.destroystokyo.paper.ServerSchedulerReportingWrapper.run(ServerSchedulerReportingWrapper.java:22)
	at java.base/java.util.concurrent.ThreadPoolExecutor.runWorker(ThreadPoolExecutor.java:1090)
	at java.base/java.util.concurrent.ThreadPoolExecutor$Worker.run(ThreadPoolExecutor.java:614)
	at java.base/java.lang.Thread.run(Thread.java:1474)

[08-09 18:08:16]: [INFO] AuthMe 6.0.0-b2734 disabled!
[08-10 10:50:33]: [INFO] SQLite Setup finished
[08-10 10:50:33]: [INFO] Hooked into LuckPerms!
[08-10 10:50:33]: [INFO] Hooked successfully into Essentials
[08-10 10:50:33]: [INFO] Essentials spawn file not found: '/server/plugins/Essentials/spawn.yml'
[08-10 10:50:33]: [WARN] WARNING! The protectInventory feature requires PacketEvents! Disabling it...
[08-10 10:50:33]: [INFO] AuthMe 6.0.0 build n.2734 successfully enabled!
[08-10 10:50:38]: [INFO] Downloading GEO IP database, because the old database is older than 30 days or doesn't exist
[08-10 10:50:38]: [WARN] No MaxMind credentials found in the configuration file! GeoIp protections will be disabled.
[08-10 10:50:38]: [INFO] There is no newer GEO IP database uploaded to MaxMind. Using the old one for now.
[08-10 10:50:38]: [WARN] Could not download GeoLiteAPI database [FileNotFoundException]: plugins/AuthMe/GeoLite2-Country.mmdb (No such file or directory)
[08-10 10:50:38]: java.io.FileNotFoundException: plugins/AuthMe/GeoLite2-Country.mmdb (No such file or directory)
	at java.base/java.io.RandomAccessFile.open0(Native Method)
	at java.base/java.io.RandomAccessFile.open(RandomAccessFile.java:338)
	at java.base/java.io.RandomAccessFile.<init>(RandomAccessFile.java:257)
	at java.base/java.io.RandomAccessFile.<init>(RandomAccessFile.java:211)
	at com.maxmind.db.BufferHolder.<init>(BufferHolder.java:19)
	at com.maxmind.db.Reader.<init>(Reader.java:119)
	at com.maxmind.geoip2.DatabaseReader.<init>(DatabaseReader.java:106)
	at com.maxmind.geoip2.DatabaseReader$Builder.build(DatabaseReader.java:238)
	at AuthMe-6.0.0-Spigot-1.21.jar//fr.xephi.authme.service.GeoIpService.startReading(GeoIpService.java:183)
	at AuthMe-6.0.0-Spigot-1.21.jar//fr.xephi.authme.service.GeoIpService.updateDatabase(GeoIpService.java:150)
	at org.bukkit.craftbukkit.scheduler.CraftTask.run(CraftTask.java:78)
	at org.bukkit.craftbukkit.scheduler.CraftAsyncTask.run(CraftAsyncTask.java:57)
	at com.destroystokyo.paper.ServerSchedulerReportingWrapper.run(ServerSchedulerReportingWrapper.java:22)
	at java.base/java.util.concurrent.ThreadPoolExecutor.runWorker(ThreadPoolExecutor.java:1090)
	at java.base/java.util.concurrent.ThreadPoolExecutor$Worker.run(ThreadPoolExecutor.java:614)
	at java.base/java.lang.Thread.run(Thread.java:1474)

[08-10 10:51:10]: [FINE] manansaleh2007 logged in 39.49.173.46
[08-10 11:02:56]: [FINE] NightmareDady logged in 119.73.121.20
[08-10 11:13:04]: [FINE] NightmareDady logged in 119.73.121.20
[08-10 11:27:47]: [INFO] AuthMe 6.0.0-b2734 disabled!
[08-10 16:33:05]: [INFO] SQLite Setup finished
[08-10 16:33:05]: [INFO] Hooked into LuckPerms!
[08-10 16:33:05]: [INFO] Hooked successfully into Essentials
[08-10 16:33:05]: [INFO] Essentials spawn file not found: '/server/plugins/Essentials/spawn.yml'
[08-10 16:33:05]: [WARN] WARNING! The protectInventory feature requires PacketEvents! Disabling it...
[08-10 16:33:05]: [INFO] AuthMe 6.0.0 build n.2734 successfully enabled!
[08-10 16:33:09]: [INFO] Downloading GEO IP database, because the old database is older than 30 days or doesn't exist
[08-10 16:33:09]: [WARN] No MaxMind credentials found in the configuration file! GeoIp protections will be disabled.
[08-10 16:33:09]: [INFO] There is no newer GEO IP database uploaded to MaxMind. Using the old one for now.
[08-10 16:33:09]: [WARN] Could not download GeoLiteAPI database [FileNotFoundException]: plugins/AuthMe/GeoLite2-Country.mmdb (No such file or directory)
[08-10 16:33:09]: java.io.FileNotFoundException: plugins/AuthMe/GeoLite2-Country.mmdb (No such file or directory)
	at java.base/java.io.RandomAccessFile.open0(Native Method)
	at java.base/java.io.RandomAccessFile.open(RandomAccessFile.java:338)
	at java.base/java.io.RandomAccessFile.<init>(RandomAccessFile.java:257)
	at java.base/java.io.RandomAccessFile.<init>(RandomAccessFile.java:211)
	at com.maxmind.db.BufferHolder.<init>(BufferHolder.java:19)
	at com.maxmind.db.Reader.<init>(Reader.java:119)
	at com.maxmind.geoip2.DatabaseReader.<init>(DatabaseReader.java:106)
	at com.maxmind.geoip2.DatabaseReader$Builder.build(DatabaseReader.java:238)
	at AuthMe-6.0.0-Spigot-1.21.jar//fr.xephi.authme.service.GeoIpService.startReading(GeoIpService.java:183)
	at AuthMe-6.0.0-Spigot-1.21.jar//fr.xephi.authme.service.GeoIpService.updateDatabase(GeoIpService.java:150)
	at org.bukkit.craftbukkit.scheduler.CraftTask.run(CraftTask.java:78)
	at org.bukkit.craftbukkit.scheduler.CraftAsyncTask.run(CraftAsyncTask.java:57)
	at com.destroystokyo.paper.ServerSchedulerReportingWrapper.run(ServerSchedulerReportingWrapper.java:22)
	at java.base/java.util.concurrent.ThreadPoolExecutor.runWorker(ThreadPoolExecutor.java:1090)
	at java.base/java.util.concurrent.ThreadPoolExecutor$Worker.run(ThreadPoolExecutor.java:614)
	at java.base/java.lang.Thread.run(Thread.java:1474)

[08-10 16:33:33]: [FINE] manansaleh2007 logged in 39.49.173.46
[08-10 16:50:05]: [INFO] AuthMe 6.0.0-b2734 disabled!
[08-14 16:55:31]: [INFO] SQLite Setup finished
[08-14 16:55:31]: [INFO] Hooked into LuckPerms!
[08-14 16:55:31]: [INFO] Hooked successfully into Essentials
[08-14 16:55:31]: [INFO] Essentials spawn file not found: '/server/plugins/Essentials/spawn.yml'
[08-14 16:55:31]: [WARN] WARNING! The protectInventory feature requires PacketEvents! Disabling it...
[08-14 16:55:31]: [INFO] AuthMe 6.0.0 build n.2734 successfully enabled!
[08-14 16:55:40]: [INFO] Downloading GEO IP database, because the old database is older than 30 days or doesn't exist
[08-14 16:55:40]: [WARN] No MaxMind credentials found in the configuration file! GeoIp protections will be disabled.
[08-14 16:55:40]: [INFO] There is no newer GEO IP database uploaded to MaxMind. Using the old one for now.
[08-14 16:55:40]: [WARN] Could not download GeoLiteAPI database [FileNotFoundException]: plugins/AuthMe/GeoLite2-Country.mmdb (No such file or directory)
[08-14 16:55:40]: java.io.FileNotFoundException: plugins/AuthMe/GeoLite2-Country.mmdb (No such file or directory)
	at java.base/java.io.RandomAccessFile.open0(Native Method)
	at java.base/java.io.RandomAccessFile.open(RandomAccessFile.java:338)
	at java.base/java.io.RandomAccessFile.<init>(RandomAccessFile.java:257)
	at java.base/java.io.RandomAccessFile.<init>(RandomAccessFile.java:211)
	at com.maxmind.db.BufferHolder.<init>(BufferHolder.java:19)
	at com.maxmind.db.Reader.<init>(Reader.java:119)
	at com.maxmind.geoip2.DatabaseReader.<init>(DatabaseReader.java:106)
	at com.maxmind.geoip2.DatabaseReader$Builder.build(DatabaseReader.java:238)
	at AuthMe-6.0.0-Spigot-1.21.jar//fr.xephi.authme.service.GeoIpService.startReading(GeoIpService.java:183)
	at AuthMe-6.0.0-Spigot-1.21.jar//fr.xephi.authme.service.GeoIpService.updateDatabase(GeoIpService.java:150)
	at org.bukkit.craftbukkit.scheduler.CraftTask.run(CraftTask.java:78)
	at org.bukkit.craftbukkit.scheduler.CraftAsyncTask.run(CraftAsyncTask.java:57)
	at com.destroystokyo.paper.ServerSchedulerReportingWrapper.run(ServerSchedulerReportingWrapper.java:22)
	at java.base/java.util.concurrent.ThreadPoolExecutor.runWorker(ThreadPoolExecutor.java:1090)
	at java.base/java.util.concurrent.ThreadPoolExecutor$Worker.run(ThreadPoolExecutor.java:614)
	at java.base/java.lang.Thread.run(Thread.java:1474)

[08-14 16:55:52]: [FINE] The user hanansaleh has 2 accounts:
[08-14 16:55:52]: [FINE] §7§ahanansaleh§7, manansaleh2007.
[08-14 16:55:52]: [FINE] hanansaleh logged in 39.49.173.46
[08-14 17:04:11]: [FINE] The user hanansaleh has 2 accounts:
[08-14 17:04:11]: [FINE] §7§ahanansaleh§7, manansaleh2007.
[08-14 17:04:11]: [FINE] hanansaleh logged in 39.49.173.46
[08-14 17:11:55]: [INFO] AuthMe 6.0.0-b2734 disabled!
[08-14 17:17:13]: [INFO] SQLite Setup finished
[08-14 17:17:14]: [INFO] Hooked into LuckPerms!
[08-14 17:17:14]: [INFO] Hooked successfully into Essentials
[08-14 17:17:14]: [INFO] Essentials spawn file not found: '/server/plugins/Essentials/spawn.yml'
[08-14 17:17:14]: [WARN] WARNING! The protectInventory feature requires PacketEvents! Disabling it...
[08-14 17:17:14]: [INFO] AuthMe 6.0.0 build n.2734 successfully enabled!
[08-14 17:17:22]: [INFO] Downloading GEO IP database, because the old database is older than 30 days or doesn't exist
[08-14 17:17:22]: [WARN] No MaxMind credentials found in the configuration file! GeoIp protections will be disabled.
[08-14 17:17:22]: [INFO] There is no newer GEO IP database uploaded to MaxMind. Using the old one for now.
[08-14 17:17:22]: [WARN] Could not download GeoLiteAPI database [FileNotFoundException]: plugins/AuthMe/GeoLite2-Country.mmdb (No such file or directory)
[08-14 17:17:22]: java.io.FileNotFoundException: plugins/AuthMe/GeoLite2-Country.mmdb (No such file or directory)
	at java.base/java.io.RandomAccessFile.open0(Native Method)
	at java.base/java.io.RandomAccessFile.open(RandomAccessFile.java:338)
	at java.base/java.io.RandomAccessFile.<init>(RandomAccessFile.java:257)
	at java.base/java.io.RandomAccessFile.<init>(RandomAccessFile.java:211)
	at com.maxmind.db.BufferHolder.<init>(BufferHolder.java:19)
	at com.maxmind.db.Reader.<init>(Reader.java:119)
	at com.maxmind.geoip2.DatabaseReader.<init>(DatabaseReader.java:106)
	at com.maxmind.geoip2.DatabaseReader$Builder.build(DatabaseReader.java:238)
	at AuthMe-6.0.0-Spigot-1.21.jar//fr.xephi.authme.service.GeoIpService.startReading(GeoIpService.java:183)
	at AuthMe-6.0.0-Spigot-1.21.jar//fr.xephi.authme.service.GeoIpService.updateDatabase(GeoIpService.java:150)
	at org.bukkit.craftbukkit.scheduler.CraftTask.run(CraftTask.java:78)
	at org.bukkit.craftbukkit.scheduler.CraftAsyncTask.run(CraftAsyncTask.java:57)
	at com.destroystokyo.paper.ServerSchedulerReportingWrapper.run(ServerSchedulerReportingWrapper.java:22)
	at java.base/java.util.concurrent.ThreadPoolExecutor.runWorker(ThreadPoolExecutor.java:1090)
	at java.base/java.util.concurrent.ThreadPoolExecutor$Worker.run(ThreadPoolExecutor.java:614)
	at java.base/java.lang.Thread.run(Thread.java:1474)

[08-14 17:22:27]: [INFO] AuthMe 6.0.0-b2734 disabled!
[08-15 16:30:33]: [INFO] SQLite Setup finished
[08-15 16:30:33]: [INFO] Hooked into LuckPerms!
[08-15 16:30:33]: [INFO] Hooked successfully into Essentials
[08-15 16:30:34]: [INFO] Essentials spawn file not found: '/server/plugins/Essentials/spawn.yml'
[08-15 16:30:34]: [WARN] WARNING! The protectInventory feature requires PacketEvents! Disabling it...
[08-15 16:30:34]: [INFO] AuthMe 6.0.0 build n.2734 successfully enabled!
[08-15 16:30:42]: [INFO] Downloading GEO IP database, because the old database is older than 30 days or doesn't exist
[08-15 16:30:42]: [WARN] No MaxMind credentials found in the configuration file! GeoIp protections will be disabled.
[08-15 16:30:42]: [INFO] There is no newer GEO IP database uploaded to MaxMind. Using the old one for now.
[08-15 16:30:42]: [WARN] Could not download GeoLiteAPI database [FileNotFoundException]: plugins/AuthMe/GeoLite2-Country.mmdb (No such file or directory)
[08-15 16:30:42]: java.io.FileNotFoundException: plugins/AuthMe/GeoLite2-Country.mmdb (No such file or directory)
	at java.base/java.io.RandomAccessFile.open0(Native Method)
	at java.base/java.io.RandomAccessFile.open(RandomAccessFile.java:338)
	at java.base/java.io.RandomAccessFile.<init>(RandomAccessFile.java:257)
	at java.base/java.io.RandomAccessFile.<init>(RandomAccessFile.java:211)
	at com.maxmind.db.BufferHolder.<init>(BufferHolder.java:19)
	at com.maxmind.db.Reader.<init>(Reader.java:119)
	at com.maxmind.geoip2.DatabaseReader.<init>(DatabaseReader.java:106)
	at com.maxmind.geoip2.DatabaseReader$Builder.build(DatabaseReader.java:238)
	at AuthMe-6.0.0-Spigot-1.21.jar//fr.xephi.authme.service.GeoIpService.startReading(GeoIpService.java:183)
	at AuthMe-6.0.0-Spigot-1.21.jar//fr.xephi.authme.service.GeoIpService.updateDatabase(GeoIpService.java:150)
	at org.bukkit.craftbukkit.scheduler.CraftTask.run(CraftTask.java:78)
	at org.bukkit.craftbukkit.scheduler.CraftAsyncTask.run(CraftAsyncTask.java:57)
	at com.destroystokyo.paper.ServerSchedulerReportingWrapper.run(ServerSchedulerReportingWrapper.java:22)
	at java.base/java.util.concurrent.ThreadPoolExecutor.runWorker(ThreadPoolExecutor.java:1090)
	at java.base/java.util.concurrent.ThreadPoolExecutor$Worker.run(ThreadPoolExecutor.java:614)
	at java.base/java.lang.Thread.run(Thread.java:1474)

[08-15 16:35:48]: [INFO] AuthMe 6.0.0-b2734 disabled!
[08-15 18:58:02]: [INFO] SQLite Setup finished
[08-15 18:58:02]: [INFO] Hooked into LuckPerms!
[08-15 18:58:02]: [INFO] Hooked successfully into Essentials
[08-15 18:58:02]: [INFO] Essentials spawn file not found: '/server/plugins/Essentials/spawn.yml'
[08-15 18:58:02]: [WARN] WARNING! The protectInventory feature requires PacketEvents! Disabling it...
[08-15 18:58:02]: [INFO] AuthMe 6.0.0 build n.2734 successfully enabled!
[08-15 18:58:11]: [INFO] Downloading GEO IP database, because the old database is older than 30 days or doesn't exist
[08-15 18:58:11]: [WARN] No MaxMind credentials found in the configuration file! GeoIp protections will be disabled.
[08-15 18:58:11]: [INFO] There is no newer GEO IP database uploaded to MaxMind. Using the old one for now.
[08-15 18:58:11]: [WARN] Could not download GeoLiteAPI database [FileNotFoundException]: plugins/AuthMe/GeoLite2-Country.mmdb (No such file or directory)
[08-15 18:58:11]: java.io.FileNotFoundException: plugins/AuthMe/GeoLite2-Country.mmdb (No such file or directory)
	at java.base/java.io.RandomAccessFile.open0(Native Method)
	at java.base/java.io.RandomAccessFile.open(RandomAccessFile.java:338)
	at java.base/java.io.RandomAccessFile.<init>(RandomAccessFile.java:257)
	at java.base/java.io.RandomAccessFile.<init>(RandomAccessFile.java:211)
	at com.maxmind.db.BufferHolder.<init>(BufferHolder.java:19)
	at com.maxmind.db.Reader.<init>(Reader.java:119)
	at com.maxmind.geoip2.DatabaseReader.<init>(DatabaseReader.java:106)
	at com.maxmind.geoip2.DatabaseReader$Builder.build(DatabaseReader.java:238)
	at AuthMe-6.0.0-Spigot-1.21.jar//fr.xephi.authme.service.GeoIpService.startReading(GeoIpService.java:183)
	at AuthMe-6.0.0-Spigot-1.21.jar//fr.xephi.authme.service.GeoIpService.updateDatabase(GeoIpService.java:150)
	at org.bukkit.craftbukkit.scheduler.CraftTask.run(CraftTask.java:78)
	at org.bukkit.craftbukkit.scheduler.CraftAsyncTask.run(CraftAsyncTask.java:57)
	at com.destroystokyo.paper.ServerSchedulerReportingWrapper.run(ServerSchedulerReportingWrapper.java:22)
	at java.base/java.util.concurrent.ThreadPoolExecutor.runWorker(ThreadPoolExecutor.java:1090)
	at java.base/java.util.concurrent.ThreadPoolExecutor$Worker.run(ThreadPoolExecutor.java:614)
	at java.base/java.lang.Thread.run(Thread.java:1474)

[08-15 19:03:15]: [INFO] AuthMe 6.0.0-b2734 disabled!
[08-15 20:25:19]: [INFO] SQLite Setup finished
[08-15 20:25:19]: [INFO] Hooked into LuckPerms!
[08-15 20:25:19]: [INFO] Hooked successfully into Essentials
[08-15 20:25:20]: [INFO] Essentials spawn file not found: '/server/plugins/Essentials/spawn.yml'
[08-15 20:25:20]: [WARN] WARNING! The protectInventory feature requires PacketEvents! Disabling it...
[08-15 20:25:20]: [INFO] AuthMe 6.0.0 build n.2734 successfully enabled!
[08-15 20:25:28]: [INFO] Downloading GEO IP database, because the old database is older than 30 days or doesn't exist
[08-15 20:25:28]: [WARN] No MaxMind credentials found in the configuration file! GeoIp protections will be disabled.
[08-15 20:25:28]: [INFO] There is no newer GEO IP database uploaded to MaxMind. Using the old one for now.
[08-15 20:25:28]: [WARN] Could not download GeoLiteAPI database [FileNotFoundException]: plugins/AuthMe/GeoLite2-Country.mmdb (No such file or directory)
[08-15 20:25:28]: java.io.FileNotFoundException: plugins/AuthMe/GeoLite2-Country.mmdb (No such file or directory)
	at java.base/java.io.RandomAccessFile.open0(Native Method)
	at java.base/java.io.RandomAccessFile.open(RandomAccessFile.java:338)
	at java.base/java.io.RandomAccessFile.<init>(RandomAccessFile.java:257)
	at java.base/java.io.RandomAccessFile.<init>(RandomAccessFile.java:211)
	at com.maxmind.db.BufferHolder.<init>(BufferHolder.java:19)
	at com.maxmind.db.Reader.<init>(Reader.java:119)
	at com.maxmind.geoip2.DatabaseReader.<init>(DatabaseReader.java:106)
	at com.maxmind.geoip2.DatabaseReader$Builder.build(DatabaseReader.java:238)
	at AuthMe-6.0.0-Spigot-1.21.jar//fr.xephi.authme.service.GeoIpService.startReading(GeoIpService.java:183)
	at AuthMe-6.0.0-Spigot-1.21.jar//fr.xephi.authme.service.GeoIpService.updateDatabase(GeoIpService.java:150)
	at org.bukkit.craftbukkit.scheduler.CraftTask.run(CraftTask.java:78)
	at org.bukkit.craftbukkit.scheduler.CraftAsyncTask.run(CraftAsyncTask.java:57)
	at com.destroystokyo.paper.ServerSchedulerReportingWrapper.run(ServerSchedulerReportingWrapper.java:22)
	at java.base/java.util.concurrent.ThreadPoolExecutor.runWorker(ThreadPoolExecutor.java:1090)
	at java.base/java.util.concurrent.ThreadPoolExecutor$Worker.run(ThreadPoolExecutor.java:614)
	at java.base/java.lang.Thread.run(Thread.java:1474)

[08-15 20:30:33]: [INFO] AuthMe 6.0.0-b2734 disabled!
[08-15 20:55:16]: [INFO] SQLite Setup finished
[08-15 20:55:16]: [INFO] Hooked into LuckPerms!
[08-15 20:55:16]: [INFO] Hooked successfully into Essentials
[08-15 20:55:16]: [INFO] Essentials spawn file not found: '/server/plugins/Essentials/spawn.yml'
[08-15 20:55:16]: [WARN] WARNING! The protectInventory feature requires PacketEvents! Disabling it...
[08-15 20:55:16]: [INFO] AuthMe 6.0.0 build n.2734 successfully enabled!
[08-15 20:55:26]: [INFO] Downloading GEO IP database, because the old database is older than 30 days or doesn't exist
[08-15 20:55:26]: [WARN] No MaxMind credentials found in the configuration file! GeoIp protections will be disabled.
[08-15 20:55:26]: [INFO] There is no newer GEO IP database uploaded to MaxMind. Using the old one for now.
[08-15 20:55:26]: [WARN] Could not download GeoLiteAPI database [FileNotFoundException]: plugins/AuthMe/GeoLite2-Country.mmdb (No such file or directory)
[08-15 20:55:26]: java.io.FileNotFoundException: plugins/AuthMe/GeoLite2-Country.mmdb (No such file or directory)
	at java.base/java.io.RandomAccessFile.open0(Native Method)
	at java.base/java.io.RandomAccessFile.open(RandomAccessFile.java:338)
	at java.base/java.io.RandomAccessFile.<init>(RandomAccessFile.java:257)
	at java.base/java.io.RandomAccessFile.<init>(RandomAccessFile.java:211)
	at com.maxmind.db.BufferHolder.<init>(BufferHolder.java:19)
	at com.maxmind.db.Reader.<init>(Reader.java:119)
	at com.maxmind.geoip2.DatabaseReader.<init>(DatabaseReader.java:106)
	at com.maxmind.geoip2.DatabaseReader$Builder.build(DatabaseReader.java:238)
	at AuthMe-6.0.0-Spigot-1.21.jar//fr.xephi.authme.service.GeoIpService.startReading(GeoIpService.java:183)
	at AuthMe-6.0.0-Spigot-1.21.jar//fr.xephi.authme.service.GeoIpService.updateDatabase(GeoIpService.java:150)
	at org.bukkit.craftbukkit.scheduler.CraftTask.run(CraftTask.java:78)
	at org.bukkit.craftbukkit.scheduler.CraftAsyncTask.run(CraftAsyncTask.java:57)
	at com.destroystokyo.paper.ServerSchedulerReportingWrapper.run(ServerSchedulerReportingWrapper.java:22)
	at java.base/java.util.concurrent.ThreadPoolExecutor.runWorker(ThreadPoolExecutor.java:1090)
	at java.base/java.util.concurrent.ThreadPoolExecutor$Worker.run(ThreadPoolExecutor.java:614)
	at java.base/java.lang.Thread.run(Thread.java:1474)

[08-15 20:57:07]: [FINE] The user hanansaleh has 2 accounts:
[08-15 20:57:07]: [FINE] §7§ahanansaleh§7, manansaleh2007.
[08-15 20:57:07]: [FINE] hanansaleh logged in 39.49.173.46
[08-15 20:58:34]: [FINE] The user .WiryCircle3938 has 3 accounts:
[08-15 20:58:34]: [FINE] §7§ahanansaleh§7, manansaleh2007, §a.WiryCircle3938§7.
[08-15 20:58:34]: [FINE] .WiryCircle3938 logged in 39.49.173.46
[08-15 21:01:21]: [FINE] The user .MUSTAFAhacker67 has 4 accounts:
[08-15 21:01:21]: [FINE] §7§ahanansaleh§7, manansaleh2007, §a.MUSTAFAhacker67§7, §a.WiryCircle3938§7.
[08-15 21:01:21]: [FINE] .MUSTAFAhacker67 logged in 39.49.173.46
[08-15 21:03:38]: [INFO] AuthMe 6.0.0-b2734 disabled!
[08-15 21:04:33]: [INFO] SQLite Setup finished
[08-15 21:04:33]: [INFO] Hooked into LuckPerms!
[08-15 21:04:33]: [INFO] Hooked successfully into Essentials
[08-15 21:04:33]: [INFO] Essentials spawn file not found: '/server/plugins/Essentials/spawn.yml'
[08-15 21:04:33]: [WARN] WARNING! The protectInventory feature requires PacketEvents! Disabling it...
[08-15 21:04:33]: [INFO] AuthMe 6.0.0 build n.2734 successfully enabled!
[08-15 21:04:38]: [INFO] Downloading GEO IP database, because the old database is older than 30 days or doesn't exist
[08-15 21:04:38]: [WARN] No MaxMind credentials found in the configuration file! GeoIp protections will be disabled.
[08-15 21:04:38]: [INFO] There is no newer GEO IP database uploaded to MaxMind. Using the old one for now.
[08-15 21:04:38]: [WARN] Could not download GeoLiteAPI database [FileNotFoundException]: plugins/AuthMe/GeoLite2-Country.mmdb (No such file or directory)
[08-15 21:04:38]: java.io.FileNotFoundException: plugins/AuthMe/GeoLite2-Country.mmdb (No such file or directory)
	at java.base/java.io.RandomAccessFile.open0(Native Method)
	at java.base/java.io.RandomAccessFile.open(RandomAccessFile.java:338)
	at java.base/java.io.RandomAccessFile.<init>(RandomAccessFile.java:257)
	at java.base/java.io.RandomAccessFile.<init>(RandomAccessFile.java:211)
	at com.maxmind.db.BufferHolder.<init>(BufferHolder.java:19)
	at com.maxmind.db.Reader.<init>(Reader.java:119)
	at com.maxmind.geoip2.DatabaseReader.<init>(DatabaseReader.java:106)
	at com.maxmind.geoip2.DatabaseReader$Builder.build(DatabaseReader.java:238)
	at AuthMe-6.0.0-Spigot-1.21.jar//fr.xephi.authme.service.GeoIpService.startReading(GeoIpService.java:183)
	at AuthMe-6.0.0-Spigot-1.21.jar//fr.xephi.authme.service.GeoIpService.updateDatabase(GeoIpService.java:150)
	at org.bukkit.craftbukkit.scheduler.CraftTask.run(CraftTask.java:78)
	at org.bukkit.craftbukkit.scheduler.CraftAsyncTask.run(CraftAsyncTask.java:57)
	at com.destroystokyo.paper.ServerSchedulerReportingWrapper.run(ServerSchedulerReportingWrapper.java:22)
	at java.base/java.util.concurrent.ThreadPoolExecutor.runWorker(ThreadPoolExecutor.java:1090)
	at java.base/java.util.concurrent.ThreadPoolExecutor$Worker.run(ThreadPoolExecutor.java:614)
	at java.base/java.lang.Thread.run(Thread.java:1474)

[08-15 21:06:57]: [FINE] The user .MUSTAFAhacker67 has 4 accounts:
[08-15 21:06:57]: [FINE] §7hanansaleh, manansaleh2007, §a.MUSTAFAhacker67§7, .wirycircle3938.
[08-15 21:06:57]: [FINE] .MUSTAFAhacker67 logged in 39.49.173.46
[08-15 21:13:03]: [FINE] The user hanansaleh has 4 accounts:
[08-15 21:13:03]: [FINE] §7§ahanansaleh§7, manansaleh2007, §a.MUSTAFAhacker67§7, .wirycircle3938.
[08-15 21:13:03]: [FINE] hanansaleh logged in 39.49.173.46
[08-15 21:19:19]: [FINE] The user hanansaleh has 4 accounts:
[08-15 21:19:19]: [FINE] §7§ahanansaleh§7, manansaleh2007, .mustafahacker67, .wirycircle3938.
[08-15 21:19:19]: [FINE] hanansaleh logged in 39.49.173.46
[08-15 21:25:03]: [INFO] AuthMe 6.0.0-b2734 disabled!
[08-15 22:23:47]: [INFO] SQLite Setup finished
[08-15 22:23:47]: [INFO] Hooked into LuckPerms!
[08-15 22:23:47]: [INFO] Hooked successfully into Essentials
[08-15 22:23:47]: [INFO] Essentials spawn file not found: '/server/plugins/Essentials/spawn.yml'
[08-15 22:23:47]: [WARN] WARNING! The protectInventory feature requires PacketEvents! Disabling it...
[08-15 22:23:47]: [INFO] AuthMe 6.0.0 build n.2734 successfully enabled!
[08-15 22:23:53]: [INFO] Downloading GEO IP database, because the old database is older than 30 days or doesn't exist
[08-15 22:23:53]: [WARN] No MaxMind credentials found in the configuration file! GeoIp protections will be disabled.
[08-15 22:23:53]: [INFO] There is no newer GEO IP database uploaded to MaxMind. Using the old one for now.
[08-15 22:23:53]: [WARN] Could not download GeoLiteAPI database [FileNotFoundException]: plugins/AuthMe/GeoLite2-Country.mmdb (No such file or directory)
[08-15 22:23:53]: java.io.FileNotFoundException: plugins/AuthMe/GeoLite2-Country.mmdb (No such file or directory)
	at java.base/java.io.RandomAccessFile.open0(Native Method)
	at java.base/java.io.RandomAccessFile.open(RandomAccessFile.java:338)
	at java.base/java.io.RandomAccessFile.<init>(RandomAccessFile.java:257)
	at java.base/java.io.RandomAccessFile.<init>(RandomAccessFile.java:211)
	at com.maxmind.db.BufferHolder.<init>(BufferHolder.java:19)
	at com.maxmind.db.Reader.<init>(Reader.java:119)
	at com.maxmind.geoip2.DatabaseReader.<init>(DatabaseReader.java:106)
	at com.maxmind.geoip2.DatabaseReader$Builder.build(DatabaseReader.java:238)
	at AuthMe-6.0.0-Spigot-1.21.jar//fr.xephi.authme.service.GeoIpService.startReading(GeoIpService.java:183)
	at AuthMe-6.0.0-Spigot-1.21.jar//fr.xephi.authme.service.GeoIpService.updateDatabase(GeoIpService.java:150)
	at org.bukkit.craftbukkit.scheduler.CraftTask.run(CraftTask.java:78)
	at org.bukkit.craftbukkit.scheduler.CraftAsyncTask.run(CraftAsyncTask.java:57)
	at com.destroystokyo.paper.ServerSchedulerReportingWrapper.run(ServerSchedulerReportingWrapper.java:22)
	at java.base/java.util.concurrent.ThreadPoolExecutor.runWorker(ThreadPoolExecutor.java:1090)
	at java.base/java.util.concurrent.ThreadPoolExecutor$Worker.run(ThreadPoolExecutor.java:614)
	at java.base/java.lang.Thread.run(Thread.java:1474)

[08-15 22:28:58]: [INFO] AuthMe 6.0.0-b2734 disabled!
[08-16 00:37:13]: [INFO] SQLite Setup finished
[08-16 00:37:13]: [INFO] Hooked into LuckPerms!
[08-16 00:37:13]: [INFO] Hooked successfully into Essentials
[08-16 00:37:13]: [INFO] Essentials spawn file not found: '/server/plugins/Essentials/spawn.yml'
[08-16 00:37:13]: [WARN] WARNING! The protectInventory feature requires PacketEvents! Disabling it...
[08-16 00:37:14]: [INFO] AuthMe 6.0.0 build n.2734 successfully enabled!
[08-16 00:37:18]: [INFO] Downloading GEO IP database, because the old database is older than 30 days or doesn't exist
[08-16 00:37:18]: [WARN] No MaxMind credentials found in the configuration file! GeoIp protections will be disabled.
[08-16 00:37:18]: [INFO] There is no newer GEO IP database uploaded to MaxMind. Using the old one for now.
[08-16 00:37:18]: [WARN] Could not download GeoLiteAPI database [FileNotFoundException]: plugins/AuthMe/GeoLite2-Country.mmdb (No such file or directory)
[08-16 00:37:18]: java.io.FileNotFoundException: plugins/AuthMe/GeoLite2-Country.mmdb (No such file or directory)
	at java.base/java.io.RandomAccessFile.open0(Native Method)
	at java.base/java.io.RandomAccessFile.open(RandomAccessFile.java:338)
	at java.base/java.io.RandomAccessFile.<init>(RandomAccessFile.java:257)
	at java.base/java.io.RandomAccessFile.<init>(RandomAccessFile.java:211)
	at com.maxmind.db.BufferHolder.<init>(BufferHolder.java:19)
	at com.maxmind.db.Reader.<init>(Reader.java:119)
	at com.maxmind.geoip2.DatabaseReader.<init>(DatabaseReader.java:106)
	at com.maxmind.geoip2.DatabaseReader$Builder.build(DatabaseReader.java:238)
	at AuthMe-6.0.0-Spigot-1.21.jar//fr.xephi.authme.service.GeoIpService.startReading(GeoIpService.java:183)
	at AuthMe-6.0.0-Spigot-1.21.jar//fr.xephi.authme.service.GeoIpService.updateDatabase(GeoIpService.java:150)
	at org.bukkit.craftbukkit.scheduler.CraftTask.run(CraftTask.java:78)
	at org.bukkit.craftbukkit.scheduler.CraftAsyncTask.run(CraftAsyncTask.java:57)
	at com.destroystokyo.paper.ServerSchedulerReportingWrapper.run(ServerSchedulerReportingWrapper.java:22)
	at java.base/java.util.concurrent.ThreadPoolExecutor.runWorker(ThreadPoolExecutor.java:1090)
	at java.base/java.util.concurrent.ThreadPoolExecutor$Worker.run(ThreadPoolExecutor.java:614)
	at java.base/java.lang.Thread.run(Thread.java:1474)

[08-16 00:42:24]: [INFO] AuthMe 6.0.0-b2734 disabled!
[08-16 03:30:13]: [INFO] SQLite Setup finished
[08-16 03:30:13]: [INFO] Hooked into LuckPerms!
[08-16 03:30:13]: [INFO] Hooked successfully into Essentials
[08-16 03:30:13]: [INFO] Essentials spawn file not found: '/server/plugins/Essentials/spawn.yml'
[08-16 03:30:13]: [WARN] WARNING! The protectInventory feature requires PacketEvents! Disabling it...
[08-16 03:30:13]: [INFO] AuthMe 6.0.0 build n.2734 successfully enabled!
[08-16 03:30:18]: [INFO] Downloading GEO IP database, because the old database is older than 30 days or doesn't exist
[08-16 03:30:18]: [WARN] No MaxMind credentials found in the configuration file! GeoIp protections will be disabled.
[08-16 03:30:18]: [INFO] There is no newer GEO IP database uploaded to MaxMind. Using the old one for now.
[08-16 03:30:18]: [WARN] Could not download GeoLiteAPI database [FileNotFoundException]: plugins/AuthMe/GeoLite2-Country.mmdb (No such file or directory)
[08-16 03:30:18]: java.io.FileNotFoundException: plugins/AuthMe/GeoLite2-Country.mmdb (No such file or directory)
	at java.base/java.io.RandomAccessFile.open0(Native Method)
	at java.base/java.io.RandomAccessFile.open(RandomAccessFile.java:338)
	at java.base/java.io.RandomAccessFile.<init>(RandomAccessFile.java:257)
	at java.base/java.io.RandomAccessFile.<init>(RandomAccessFile.java:211)
	at com.maxmind.db.BufferHolder.<init>(BufferHolder.java:19)
	at com.maxmind.db.Reader.<init>(Reader.java:119)
	at com.maxmind.geoip2.DatabaseReader.<init>(DatabaseReader.java:106)
	at com.maxmind.geoip2.DatabaseReader$Builder.build(DatabaseReader.java:238)
	at AuthMe-6.0.0-Spigot-1.21.jar//fr.xephi.authme.service.GeoIpService.startReading(GeoIpService.java:183)
	at AuthMe-6.0.0-Spigot-1.21.jar//fr.xephi.authme.service.GeoIpService.updateDatabase(GeoIpService.java:150)
	at org.bukkit.craftbukkit.scheduler.CraftTask.run(CraftTask.java:78)
	at org.bukkit.craftbukkit.scheduler.CraftAsyncTask.run(CraftAsyncTask.java:57)
	at com.destroystokyo.paper.ServerSchedulerReportingWrapper.run(ServerSchedulerReportingWrapper.java:22)
	at java.base/java.util.concurrent.ThreadPoolExecutor.runWorker(ThreadPoolExecutor.java:1090)
	at java.base/java.util.concurrent.ThreadPoolExecutor$Worker.run(ThreadPoolExecutor.java:614)
	at java.base/java.lang.Thread.run(Thread.java:1474)

[08-16 03:30:50]: [FINE] manansaleh2007 logged in 182.185.162.253
[08-16 03:30:59]: [FINE] The user .WiryCircle3938 has 2 accounts:
[08-16 03:30:59]: [FINE] §7§amanansaleh2007§7, §a.WiryCircle3938§7.
[08-16 03:30:59]: [FINE] .WiryCircle3938 logged in 182.185.162.253
[08-16 03:32:19]: [FINE] The user .WiryCircle3938 has 2 accounts:
[08-16 03:32:19]: [FINE] §7§amanansaleh2007§7, §a.WiryCircle3938§7.
[08-16 03:32:19]: [FINE] .WiryCircle3938 logged in 182.185.162.253
[08-16 03:43:13]: [FINE] .MUSTAFAhacker67 used the wrong password
[08-16 03:44:19]: [FINE] .MUSTAFAhacker67 used the wrong password
[08-16 03:44:42]: [FINE] The user manansaleh2007 has 2 accounts:
[08-16 03:44:42]: [FINE] §7§amanansaleh2007§7, §a.WiryCircle3938§7.
[08-16 03:44:42]: [FINE] manansaleh2007 logged in 182.185.162.253
[08-16 03:55:31]: [INFO] AuthMe 6.0.0-b2734 disabled!
[08-16 22:45:15]: [INFO] SQLite Setup finished
[08-16 22:45:15]: [INFO] Hooked into LuckPerms!
[08-16 22:45:15]: [INFO] Hooked successfully into Essentials
[08-16 22:45:15]: [INFO] Essentials spawn file not found: '/server/plugins/Essentials/spawn.yml'
[08-16 22:45:15]: [WARN] WARNING! The protectInventory feature requires PacketEvents! Disabling it...
[08-16 22:45:15]: [INFO] AuthMe 6.0.0 build n.2734 successfully enabled!
[08-16 22:45:19]: [INFO] Downloading GEO IP database, because the old database is older than 30 days or doesn't exist
[08-16 22:45:19]: [WARN] No MaxMind credentials found in the configuration file! GeoIp protections will be disabled.
[08-16 22:45:19]: [INFO] There is no newer GEO IP database uploaded to MaxMind. Using the old one for now.
[08-16 22:45:19]: [WARN] Could not download GeoLiteAPI database [FileNotFoundException]: plugins/AuthMe/GeoLite2-Country.mmdb (No such file or directory)
[08-16 22:45:19]: java.io.FileNotFoundException: plugins/AuthMe/GeoLite2-Country.mmdb (No such file or directory)
	at java.base/java.io.RandomAccessFile.open0(Native Method)
	at java.base/java.io.RandomAccessFile.open(RandomAccessFile.java:338)
	at java.base/java.io.RandomAccessFile.<init>(RandomAccessFile.java:257)
	at java.base/java.io.RandomAccessFile.<init>(RandomAccessFile.java:211)
	at com.maxmind.db.BufferHolder.<init>(BufferHolder.java:19)
	at com.maxmind.db.Reader.<init>(Reader.java:119)
	at com.maxmind.geoip2.DatabaseReader.<init>(DatabaseReader.java:106)
	at com.maxmind.geoip2.DatabaseReader$Builder.build(DatabaseReader.java:238)
	at AuthMe-6.0.0-Spigot-1.21.jar//fr.xephi.authme.service.GeoIpService.startReading(GeoIpService.java:183)
	at AuthMe-6.0.0-Spigot-1.21.jar//fr.xephi.authme.service.GeoIpService.updateDatabase(GeoIpService.java:150)
	at org.bukkit.craftbukkit.scheduler.CraftTask.run(CraftTask.java:78)
	at org.bukkit.craftbukkit.scheduler.CraftAsyncTask.run(CraftAsyncTask.java:57)
	at com.destroystokyo.paper.ServerSchedulerReportingWrapper.run(ServerSchedulerReportingWrapper.java:22)
	at java.base/java.util.concurrent.ThreadPoolExecutor.runWorker(ThreadPoolExecutor.java:1090)
	at java.base/java.util.concurrent.ThreadPoolExecutor$Worker.run(ThreadPoolExecutor.java:614)
	at java.base/java.lang.Thread.run(Thread.java:1474)

[08-16 22:47:38]: [FINE] The user manansaleh2007 has 2 accounts:
[08-16 22:47:38]: [FINE] §7§amanansaleh2007§7, .wirycircle3938.
[08-16 22:47:38]: [FINE] manansaleh2007 logged in 182.185.162.253
[08-16 22:56:02]: [FINE] manansaleh2005 registered 182.185.162.253
[08-16 22:56:02]: [FINE] The user manansaleh2005 has 3 accounts:
[08-16 22:56:02]: [FINE] §7manansaleh2007, .wirycircle3938, §amanansaleh2005§7.
[08-16 22:56:02]: [FINE] manansaleh2005 logged in 182.185.162.253
[08-16 23:05:06]: [FINE] The user manansaleh2005 has 3 accounts:
[08-16 23:05:06]: [FINE] §7manansaleh2007, .wirycircle3938, §amanansaleh2005§7.
[08-16 23:05:06]: [FINE] manansaleh2005 logged in 182.185.162.253
[08-16 23:10:54]: [INFO] AuthMe 6.0.0-b2734 disabled!
[08-17 13:06:31]: [INFO] SQLite Setup finished
[08-17 13:06:31]: [INFO] Hooked into LuckPerms!
[08-17 13:06:31]: [INFO] Hooked successfully into Essentials
[08-17 13:06:31]: [INFO] Essentials spawn file not found: '/server/plugins/Essentials/spawn.yml'
[08-17 13:06:31]: [WARN] WARNING! The protectInventory feature requires PacketEvents! Disabling it...
[08-17 13:06:31]: [INFO] AuthMe 6.0.0 build n.2734 successfully enabled!
[08-17 13:06:35]: [INFO] Downloading GEO IP database, because the old database is older than 30 days or doesn't exist
[08-17 13:06:35]: [WARN] No MaxMind credentials found in the configuration file! GeoIp protections will be disabled.
[08-17 13:06:35]: [INFO] There is no newer GEO IP database uploaded to MaxMind. Using the old one for now.
[08-17 13:06:35]: [WARN] Could not download GeoLiteAPI database [FileNotFoundException]: plugins/AuthMe/GeoLite2-Country.mmdb (No such file or directory)
[08-17 13:06:35]: java.io.FileNotFoundException: plugins/AuthMe/GeoLite2-Country.mmdb (No such file or directory)
	at java.base/java.io.RandomAccessFile.open0(Native Method)
	at java.base/java.io.RandomAccessFile.open(RandomAccessFile.java:338)
	at java.base/java.io.RandomAccessFile.<init>(RandomAccessFile.java:257)
	at java.base/java.io.RandomAccessFile.<init>(RandomAccessFile.java:211)
	at com.maxmind.db.BufferHolder.<init>(BufferHolder.java:19)
	at com.maxmind.db.Reader.<init>(Reader.java:119)
	at com.maxmind.geoip2.DatabaseReader.<init>(DatabaseReader.java:106)
	at com.maxmind.geoip2.DatabaseReader$Builder.build(DatabaseReader.java:238)
	at AuthMe-6.0.0-Spigot-1.21.jar//fr.xephi.authme.service.GeoIpService.startReading(GeoIpService.java:183)
	at AuthMe-6.0.0-Spigot-1.21.jar//fr.xephi.authme.service.GeoIpService.updateDatabase(GeoIpService.java:150)
	at org.bukkit.craftbukkit.scheduler.CraftTask.run(CraftTask.java:78)
	at org.bukkit.craftbukkit.scheduler.CraftAsyncTask.run(CraftAsyncTask.java:57)
	at com.destroystokyo.paper.ServerSchedulerReportingWrapper.run(ServerSchedulerReportingWrapper.java:22)
	at java.base/java.util.concurrent.ThreadPoolExecutor.runWorker(ThreadPoolExecutor.java:1090)
	at java.base/java.util.concurrent.ThreadPoolExecutor$Worker.run(ThreadPoolExecutor.java:614)
	at java.base/java.lang.Thread.run(Thread.java:1474)

[08-17 13:09:48]: [FINE] .HastyBag7675 logged in 119.73.117.233
[08-17 13:34:03]: [INFO] AuthMe 6.0.0-b2734 disabled!
[08-17 15:59:47]: [INFO] SQLite Setup finished
[08-17 15:59:48]: [INFO] Hooked into LuckPerms!
[08-17 15:59:48]: [INFO] Hooked successfully into Essentials
[08-17 15:59:48]: [INFO] Essentials spawn file not found: '/server/plugins/Essentials/spawn.yml'
[08-17 15:59:48]: [WARN] WARNING! The protectInventory feature requires PacketEvents! Disabling it...
[08-17 15:59:48]: [INFO] AuthMe 6.0.0 build n.2734 successfully enabled!
[08-17 15:59:52]: [INFO] Downloading GEO IP database, because the old database is older than 30 days or doesn't exist
[08-17 15:59:52]: [WARN] No MaxMind credentials found in the configuration file! GeoIp protections will be disabled.
[08-17 15:59:52]: [INFO] There is no newer GEO IP database uploaded to MaxMind. Using the old one for now.
[08-17 15:59:52]: [WARN] Could not download GeoLiteAPI database [FileNotFoundException]: plugins/AuthMe/GeoLite2-Country.mmdb (No such file or directory)
[08-17 15:59:52]: java.io.FileNotFoundException: plugins/AuthMe/GeoLite2-Country.mmdb (No such file or directory)
	at java.base/java.io.RandomAccessFile.open0(Native Method)
	at java.base/java.io.RandomAccessFile.open(RandomAccessFile.java:338)
	at java.base/java.io.RandomAccessFile.<init>(RandomAccessFile.java:257)
	at java.base/java.io.RandomAccessFile.<init>(RandomAccessFile.java:211)
	at com.maxmind.db.BufferHolder.<init>(BufferHolder.java:19)
	at com.maxmind.db.Reader.<init>(Reader.java:119)
	at com.maxmind.geoip2.DatabaseReader.<init>(DatabaseReader.java:106)
	at com.maxmind.geoip2.DatabaseReader$Builder.build(DatabaseReader.java:238)
	at AuthMe-6.0.0-Spigot-1.21.jar//fr.xephi.authme.service.GeoIpService.startReading(GeoIpService.java:183)
	at AuthMe-6.0.0-Spigot-1.21.jar//fr.xephi.authme.service.GeoIpService.updateDatabase(GeoIpService.java:150)
	at org.bukkit.craftbukkit.scheduler.CraftTask.run(CraftTask.java:78)
	at org.bukkit.craftbukkit.scheduler.CraftAsyncTask.run(CraftAsyncTask.java:57)
	at com.destroystokyo.paper.ServerSchedulerReportingWrapper.run(ServerSchedulerReportingWrapper.java:22)
	at java.base/java.util.concurrent.ThreadPoolExecutor.runWorker(ThreadPoolExecutor.java:1090)
	at java.base/java.util.concurrent.ThreadPoolExecutor$Worker.run(ThreadPoolExecutor.java:614)
	at java.base/java.lang.Thread.run(Thread.java:1474)

[08-17 16:00:19]: [FINE] .HastyBag7675 logged in 119.73.117.233
[08-17 16:20:20]: [INFO] AuthMe 6.0.0-b2734 disabled!
[08-21 14:13:45]: [INFO] SQLite Setup finished
[08-21 14:13:46]: [INFO] Hooked into LuckPerms!
[08-21 14:13:46]: [INFO] Hooked successfully into Essentials
[08-21 14:13:46]: [INFO] Essentials spawn file not found: '/server/plugins/Essentials/spawn.yml'
[08-21 14:13:46]: [WARN] WARNING! The protectInventory feature requires PacketEvents! Disabling it...
[08-21 14:13:46]: [INFO] AuthMe 6.0.0 build n.2734 successfully enabled!
[08-21 14:13:50]: [INFO] Downloading GEO IP database, because the old database is older than 30 days or doesn't exist
[08-21 14:13:50]: [WARN] No MaxMind credentials found in the configuration file! GeoIp protections will be disabled.
[08-21 14:13:50]: [INFO] There is no newer GEO IP database uploaded to MaxMind. Using the old one for now.
[08-21 14:13:50]: [WARN] Could not download GeoLiteAPI database [FileNotFoundException]: plugins/AuthMe/GeoLite2-Country.mmdb (No such file or directory)
[08-21 14:13:50]: java.io.FileNotFoundException: plugins/AuthMe/GeoLite2-Country.mmdb (No such file or directory)
	at java.base/java.io.RandomAccessFile.open0(Native Method)
	at java.base/java.io.RandomAccessFile.open(RandomAccessFile.java:338)
	at java.base/java.io.RandomAccessFile.<init>(RandomAccessFile.java:257)
	at java.base/java.io.RandomAccessFile.<init>(RandomAccessFile.java:211)
	at com.maxmind.db.BufferHolder.<init>(BufferHolder.java:19)
	at com.maxmind.db.Reader.<init>(Reader.java:119)
	at com.maxmind.geoip2.DatabaseReader.<init>(DatabaseReader.java:106)
	at com.maxmind.geoip2.DatabaseReader$Builder.build(DatabaseReader.java:238)
	at AuthMe-6.0.0-Spigot-1.21.jar//fr.xephi.authme.service.GeoIpService.startReading(GeoIpService.java:183)
	at AuthMe-6.0.0-Spigot-1.21.jar//fr.xephi.authme.service.GeoIpService.updateDatabase(GeoIpService.java:150)
	at org.bukkit.craftbukkit.scheduler.CraftTask.run(CraftTask.java:78)
	at org.bukkit.craftbukkit.scheduler.CraftAsyncTask.run(CraftAsyncTask.java:57)
	at com.destroystokyo.paper.ServerSchedulerReportingWrapper.run(ServerSchedulerReportingWrapper.java:22)
	at java.base/java.util.concurrent.ThreadPoolExecutor.runWorker(ThreadPoolExecutor.java:1090)
	at java.base/java.util.concurrent.ThreadPoolExecutor$Worker.run(ThreadPoolExecutor.java:614)
	at java.base/java.lang.Thread.run(Thread.java:1474)

[08-21 14:15:07]: [FINE] .HastyBag7675 logged in 119.73.117.36
[08-21 15:13:46]: [INFO] AuthMe 6.0.0-b2734 disabled!
[08-21 17:31:15]: [INFO] SQLite Setup finished
[08-21 17:31:15]: [INFO] Hooked into LuckPerms!
[08-21 17:31:15]: [INFO] Hooked successfully into Essentials
[08-21 17:31:15]: [INFO] Essentials spawn file not found: '/server/plugins/Essentials/spawn.yml'
[08-21 17:31:15]: [WARN] WARNING! The protectInventory feature requires PacketEvents! Disabling it...
[08-21 17:31:15]: [INFO] AuthMe 6.0.0 build n.2734 successfully enabled!
[08-21 17:31:19]: [INFO] Downloading GEO IP database, because the old database is older than 30 days or doesn't exist
[08-21 17:31:19]: [WARN] No MaxMind credentials found in the configuration file! GeoIp protections will be disabled.
[08-21 17:31:19]: [INFO] There is no newer GEO IP database uploaded to MaxMind. Using the old one for now.
[08-21 17:31:19]: [WARN] Could not download GeoLiteAPI database [FileNotFoundException]: plugins/AuthMe/GeoLite2-Country.mmdb (No such file or directory)
[08-21 17:31:19]: java.io.FileNotFoundException: plugins/AuthMe/GeoLite2-Country.mmdb (No such file or directory)
	at java.base/java.io.RandomAccessFile.open0(Native Method)
	at java.base/java.io.RandomAccessFile.open(RandomAccessFile.java:338)
	at java.base/java.io.RandomAccessFile.<init>(RandomAccessFile.java:257)
	at java.base/java.io.RandomAccessFile.<init>(RandomAccessFile.java:211)
	at com.maxmind.db.BufferHolder.<init>(BufferHolder.java:19)
	at com.maxmind.db.Reader.<init>(Reader.java:119)
	at com.maxmind.geoip2.DatabaseReader.<init>(DatabaseReader.java:106)
	at com.maxmind.geoip2.DatabaseReader$Builder.build(DatabaseReader.java:238)
	at AuthMe-6.0.0-Spigot-1.21.jar//fr.xephi.authme.service.GeoIpService.startReading(GeoIpService.java:183)
	at AuthMe-6.0.0-Spigot-1.21.jar//fr.xephi.authme.service.GeoIpService.updateDatabase(GeoIpService.java:150)
	at org.bukkit.craftbukkit.scheduler.CraftTask.run(CraftTask.java:78)
	at org.bukkit.craftbukkit.scheduler.CraftAsyncTask.run(CraftAsyncTask.java:57)
	at com.destroystokyo.paper.ServerSchedulerReportingWrapper.run(ServerSchedulerReportingWrapper.java:22)
	at java.base/java.util.concurrent.ThreadPoolExecutor.runWorker(ThreadPoolExecutor.java:1090)
	at java.base/java.util.concurrent.ThreadPoolExecutor$Worker.run(ThreadPoolExecutor.java:614)
	at java.base/java.lang.Thread.run(Thread.java:1474)

[08-21 17:31:46]: [FINE] .HastyBag7675 logged in 119.73.117.36
[08-21 18:33:31]: [INFO] AuthMe 6.0.0-b2734 disabled!
[08-22 14:21:28]: [INFO] SQLite Setup finished
[08-22 14:21:28]: [INFO] Hooked into LuckPerms!
[08-22 14:21:29]: [INFO] Hooked successfully into Essentials
[08-22 14:21:29]: [INFO] Essentials spawn file not found: '/server/plugins/Essentials/spawn.yml'
[08-22 14:21:29]: [WARN] WARNING! The protectInventory feature requires PacketEvents! Disabling it...
[08-22 14:21:29]: [INFO] AuthMe 6.0.0 build n.2734 successfully enabled!
[08-22 14:21:35]: [INFO] Downloading GEO IP database, because the old database is older than 30 days or doesn't exist
[08-22 14:21:35]: [WARN] No MaxMind credentials found in the configuration file! GeoIp protections will be disabled.
[08-22 14:21:35]: [INFO] There is no newer GEO IP database uploaded to MaxMind. Using the old one for now.
[08-22 14:21:35]: [WARN] Could not download GeoLiteAPI database [FileNotFoundException]: plugins/AuthMe/GeoLite2-Country.mmdb (No such file or directory)
[08-22 14:21:35]: java.io.FileNotFoundException: plugins/AuthMe/GeoLite2-Country.mmdb (No such file or directory)
	at java.base/java.io.RandomAccessFile.open0(Native Method)
	at java.base/java.io.RandomAccessFile.open(RandomAccessFile.java:338)
	at java.base/java.io.RandomAccessFile.<init>(RandomAccessFile.java:257)
	at java.base/java.io.RandomAccessFile.<init>(RandomAccessFile.java:211)
	at com.maxmind.db.BufferHolder.<init>(BufferHolder.java:19)
	at com.maxmind.db.Reader.<init>(Reader.java:119)
	at com.maxmind.geoip2.DatabaseReader.<init>(DatabaseReader.java:106)
	at com.maxmind.geoip2.DatabaseReader$Builder.build(DatabaseReader.java:238)
	at AuthMe-6.0.0-Spigot-1.21.jar//fr.xephi.authme.service.GeoIpService.startReading(GeoIpService.java:183)
	at AuthMe-6.0.0-Spigot-1.21.jar//fr.xephi.authme.service.GeoIpService.updateDatabase(GeoIpService.java:150)
	at org.bukkit.craftbukkit.scheduler.CraftTask.run(CraftTask.java:78)
	at org.bukkit.craftbukkit.scheduler.CraftAsyncTask.run(CraftAsyncTask.java:57)
	at com.destroystokyo.paper.ServerSchedulerReportingWrapper.run(ServerSchedulerReportingWrapper.java:22)
	at java.base/java.util.concurrent.ThreadPoolExecutor.runWorker(ThreadPoolExecutor.java:1090)
	at java.base/java.util.concurrent.ThreadPoolExecutor$Worker.run(ThreadPoolExecutor.java:614)
	at java.base/java.lang.Thread.run(Thread.java:1474)

[08-22 14:21:42]: [FINE] The user manansaleh2007 has 3 accounts:
[08-22 14:21:42]: [FINE] §7§amanansaleh2007§7, .wirycircle3938, manansaleh2005.
[08-22 14:21:42]: [FINE] manansaleh2007 logged in 182.185.162.253
[08-22 14:22:40]: [FINE] .HastyBag7675 logged in 119.73.117.36
[08-22 16:01:22]: [INFO] AuthMe 6.0.0-b2734 disabled!
[08-22 17:28:45]: [INFO] SQLite Setup finished
[08-22 17:28:45]: [INFO] Hooked into LuckPerms!
[08-22 17:28:45]: [INFO] Hooked successfully into Essentials
[08-22 17:28:45]: [INFO] Essentials spawn file not found: '/server/plugins/Essentials/spawn.yml'
[08-22 17:28:45]: [WARN] WARNING! The protectInventory feature requires PacketEvents! Disabling it...
[08-22 17:28:45]: [INFO] AuthMe 6.0.0 build n.2734 successfully enabled!
[08-22 17:28:50]: [INFO] Downloading GEO IP database, because the old database is older than 30 days or doesn't exist
[08-22 17:28:50]: [WARN] No MaxMind credentials found in the configuration file! GeoIp protections will be disabled.
[08-22 17:28:50]: [INFO] There is no newer GEO IP database uploaded to MaxMind. Using the old one for now.
[08-22 17:28:50]: [WARN] Could not download GeoLiteAPI database [FileNotFoundException]: plugins/AuthMe/GeoLite2-Country.mmdb (No such file or directory)
[08-22 17:28:50]: java.io.FileNotFoundException: plugins/AuthMe/GeoLite2-Country.mmdb (No such file or directory)
	at java.base/java.io.RandomAccessFile.open0(Native Method)
	at java.base/java.io.RandomAccessFile.open(RandomAccessFile.java:338)
	at java.base/java.io.RandomAccessFile.<init>(RandomAccessFile.java:257)
	at java.base/java.io.RandomAccessFile.<init>(RandomAccessFile.java:211)
	at com.maxmind.db.BufferHolder.<init>(BufferHolder.java:19)
	at com.maxmind.db.Reader.<init>(Reader.java:119)
	at com.maxmind.geoip2.DatabaseReader.<init>(DatabaseReader.java:106)
	at com.maxmind.geoip2.DatabaseReader$Builder.build(DatabaseReader.java:238)
	at AuthMe-6.0.0-Spigot-1.21.jar//fr.xephi.authme.service.GeoIpService.startReading(GeoIpService.java:183)
	at AuthMe-6.0.0-Spigot-1.21.jar//fr.xephi.authme.service.GeoIpService.updateDatabase(GeoIpService.java:150)
	at org.bukkit.craftbukkit.scheduler.CraftTask.run(CraftTask.java:78)
	at org.bukkit.craftbukkit.scheduler.CraftAsyncTask.run(CraftAsyncTask.java:57)
	at com.destroystokyo.paper.ServerSchedulerReportingWrapper.run(ServerSchedulerReportingWrapper.java:22)
	at java.base/java.util.concurrent.ThreadPoolExecutor.runWorker(ThreadPoolExecutor.java:1090)
	at java.base/java.util.concurrent.ThreadPoolExecutor$Worker.run(ThreadPoolExecutor.java:614)
	at java.base/java.lang.Thread.run(Thread.java:1474)

[08-22 17:29:12]: [FINE] .HastyBag7675 logged in 119.73.117.36
[08-22 17:30:09]: [FINE] The user manansaleh2007 has 3 accounts:
[08-22 17:30:09]: [FINE] §7§amanansaleh2007§7, .wirycircle3938, manansaleh2005.
[08-22 17:30:09]: [FINE] manansaleh2007 logged in 182.185.162.253
[08-22 18:39:37]: [INFO] AuthMe 6.0.0-b2734 disabled!
[08-23 10:22:41]: [INFO] SQLite Setup finished
[08-23 10:22:41]: [INFO] Hooked into LuckPerms!
[08-23 10:22:41]: [INFO] Hooked successfully into Essentials
[08-23 10:22:41]: [INFO] Essentials spawn file not found: '/server/plugins/Essentials/spawn.yml'
[08-23 10:22:42]: [WARN] WARNING! The protectInventory feature requires PacketEvents! Disabling it...
[08-23 10:22:42]: [INFO] AuthMe 6.0.0 build n.2734 successfully enabled!
[08-23 10:22:46]: [INFO] Downloading GEO IP database, because the old database is older than 30 days or doesn't exist
[08-23 10:22:46]: [WARN] No MaxMind credentials found in the configuration file! GeoIp protections will be disabled.
[08-23 10:22:46]: [INFO] There is no newer GEO IP database uploaded to MaxMind. Using the old one for now.
[08-23 10:22:46]: [WARN] Could not download GeoLiteAPI database [FileNotFoundException]: plugins/AuthMe/GeoLite2-Country.mmdb (No such file or directory)
[08-23 10:22:46]: java.io.FileNotFoundException: plugins/AuthMe/GeoLite2-Country.mmdb (No such file or directory)
	at java.base/java.io.RandomAccessFile.open0(Native Method)
	at java.base/java.io.RandomAccessFile.open(RandomAccessFile.java:338)
	at java.base/java.io.RandomAccessFile.<init>(RandomAccessFile.java:257)
	at java.base/java.io.RandomAccessFile.<init>(RandomAccessFile.java:211)
	at com.maxmind.db.BufferHolder.<init>(BufferHolder.java:19)
	at com.maxmind.db.Reader.<init>(Reader.java:119)
	at com.maxmind.geoip2.DatabaseReader.<init>(DatabaseReader.java:106)
	at com.maxmind.geoip2.DatabaseReader$Builder.build(DatabaseReader.java:238)
	at AuthMe-6.0.0-Spigot-1.21.jar//fr.xephi.authme.service.GeoIpService.startReading(GeoIpService.java:183)
	at AuthMe-6.0.0-Spigot-1.21.jar//fr.xephi.authme.service.GeoIpService.updateDatabase(GeoIpService.java:150)
	at org.bukkit.craftbukkit.scheduler.CraftTask.run(CraftTask.java:78)
	at org.bukkit.craftbukkit.scheduler.CraftAsyncTask.run(CraftAsyncTask.java:57)
	at com.destroystokyo.paper.ServerSchedulerReportingWrapper.run(ServerSchedulerReportingWrapper.java:22)
	at java.base/java.util.concurrent.ThreadPoolExecutor.runWorker(ThreadPoolExecutor.java:1090)
	at java.base/java.util.concurrent.ThreadPoolExecutor$Worker.run(ThreadPoolExecutor.java:614)
	at java.base/java.lang.Thread.run(Thread.java:1474)

[08-23 10:22:55]: [FINE] The user manansaleh2007 has 3 accounts:
[08-23 10:22:55]: [FINE] §7§amanansaleh2007§7, .wirycircle3938, manansaleh2005.
[08-23 10:22:55]: [FINE] manansaleh2007 logged in 182.185.162.253
[08-23 10:43:25]: [FINE] The user manansaleh2007 has 3 accounts:
[08-23 10:43:25]: [FINE] §7§amanansaleh2007§7, .wirycircle3938, manansaleh2005.
[08-23 10:43:25]: [FINE] manansaleh2007 logged in 182.185.162.253
[08-23 12:14:06]: [INFO] AuthMe 6.0.0-b2734 disabled!
[08-23 12:51:15]: [INFO] SQLite Setup finished
[08-23 12:51:15]: [INFO] Hooked into LuckPerms!
[08-23 12:51:15]: [INFO] Hooked successfully into Essentials
[08-23 12:51:15]: [INFO] Essentials spawn file not found: '/server/plugins/Essentials/spawn.yml'
[08-23 12:51:15]: [WARN] WARNING! The protectInventory feature requires PacketEvents! Disabling it...
[08-23 12:51:15]: [INFO] AuthMe 6.0.0 build n.2734 successfully enabled!
[08-23 12:51:20]: [INFO] Downloading GEO IP database, because the old database is older than 30 days or doesn't exist
[08-23 12:51:20]: [WARN] No MaxMind credentials found in the configuration file! GeoIp protections will be disabled.
[08-23 12:51:20]: [INFO] There is no newer GEO IP database uploaded to MaxMind. Using the old one for now.
[08-23 12:51:20]: [WARN] Could not download GeoLiteAPI database [FileNotFoundException]: plugins/AuthMe/GeoLite2-Country.mmdb (No such file or directory)
[08-23 12:51:20]: java.io.FileNotFoundException: plugins/AuthMe/GeoLite2-Country.mmdb (No such file or directory)
	at java.base/java.io.RandomAccessFile.open0(Native Method)
	at java.base/java.io.RandomAccessFile.open(RandomAccessFile.java:338)
	at java.base/java.io.RandomAccessFile.<init>(RandomAccessFile.java:257)
	at java.base/java.io.RandomAccessFile.<init>(RandomAccessFile.java:211)
	at com.maxmind.db.BufferHolder.<init>(BufferHolder.java:19)
	at com.maxmind.db.Reader.<init>(Reader.java:119)
	at com.maxmind.geoip2.DatabaseReader.<init>(DatabaseReader.java:106)
	at com.maxmind.geoip2.DatabaseReader$Builder.build(DatabaseReader.java:238)
	at AuthMe-6.0.0-Spigot-1.21.jar//fr.xephi.authme.service.GeoIpService.startReading(GeoIpService.java:183)
	at AuthMe-6.0.0-Spigot-1.21.jar//fr.xephi.authme.service.GeoIpService.updateDatabase(GeoIpService.java:150)
	at org.bukkit.craftbukkit.scheduler.CraftTask.run(CraftTask.java:78)
	at org.bukkit.craftbukkit.scheduler.CraftAsyncTask.run(CraftAsyncTask.java:57)
	at com.destroystokyo.paper.ServerSchedulerReportingWrapper.run(ServerSchedulerReportingWrapper.java:22)
	at java.base/java.util.concurrent.ThreadPoolExecutor.runWorker(ThreadPoolExecutor.java:1090)
	at java.base/java.util.concurrent.ThreadPoolExecutor$Worker.run(ThreadPoolExecutor.java:614)
	at java.base/java.lang.Thread.run(Thread.java:1474)

[08-23 12:51:36]: [FINE] The user manansaleh2007 has 3 accounts:
[08-23 12:51:36]: [FINE] §7§amanansaleh2007§7, .wirycircle3938, manansaleh2005.
[08-23 12:51:36]: [FINE] manansaleh2007 logged in 182.185.162.253
[08-23 13:26:52]: [INFO] AuthMe 6.0.0-b2734 disabled!
[08-23 13:27:14]: [INFO] SQLite Setup finished
[08-23 13:27:14]: [INFO] Hooked into LuckPerms!
[08-23 13:27:14]: [INFO] Hooked successfully into Essentials
[08-23 13:27:14]: [INFO] Essentials spawn file not found: '/server/plugins/Essentials/spawn.yml'
[08-23 13:27:14]: [WARN] WARNING! The protectInventory feature requires PacketEvents! Disabling it...
[08-23 13:27:14]: [INFO] AuthMe 6.0.0 build n.2734 successfully enabled!
[08-23 13:27:20]: [INFO] Downloading GEO IP database, because the old database is older than 30 days or doesn't exist
[08-23 13:27:20]: [WARN] No MaxMind credentials found in the configuration file! GeoIp protections will be disabled.
[08-23 13:27:20]: [INFO] There is no newer GEO IP database uploaded to MaxMind. Using the old one for now.
[08-23 13:27:20]: [WARN] Could not download GeoLiteAPI database [FileNotFoundException]: plugins/AuthMe/GeoLite2-Country.mmdb (No such file or directory)
[08-23 13:27:20]: java.io.FileNotFoundException: plugins/AuthMe/GeoLite2-Country.mmdb (No such file or directory)
	at java.base/java.io.RandomAccessFile.open0(Native Method)
	at java.base/java.io.RandomAccessFile.open(RandomAccessFile.java:338)
	at java.base/java.io.RandomAccessFile.<init>(RandomAccessFile.java:257)
	at java.base/java.io.RandomAccessFile.<init>(RandomAccessFile.java:211)
	at com.maxmind.db.BufferHolder.<init>(BufferHolder.java:19)
	at com.maxmind.db.Reader.<init>(Reader.java:119)
	at com.maxmind.geoip2.DatabaseReader.<init>(DatabaseReader.java:106)
	at com.maxmind.geoip2.DatabaseReader$Builder.build(DatabaseReader.java:238)
	at AuthMe-6.0.0-Spigot-1.21.jar//fr.xephi.authme.service.GeoIpService.startReading(GeoIpService.java:183)
	at AuthMe-6.0.0-Spigot-1.21.jar//fr.xephi.authme.service.GeoIpService.updateDatabase(GeoIpService.java:150)
	at org.bukkit.craftbukkit.scheduler.CraftTask.run(CraftTask.java:78)
	at org.bukkit.craftbukkit.scheduler.CraftAsyncTask.run(CraftAsyncTask.java:57)
	at com.destroystokyo.paper.ServerSchedulerReportingWrapper.run(ServerSchedulerReportingWrapper.java:22)
	at java.base/java.util.concurrent.ThreadPoolExecutor.runWorker(ThreadPoolExecutor.java:1090)
	at java.base/java.util.concurrent.ThreadPoolExecutor$Worker.run(ThreadPoolExecutor.java:614)
	at java.base/java.lang.Thread.run(Thread.java:1474)

[08-23 13:27:24]: [FINE] The user manansaleh2007 has 3 accounts:
[08-23 13:27:24]: [FINE] §7§amanansaleh2007§7, .wirycircle3938, manansaleh2005.
[08-23 13:27:24]: [FINE] manansaleh2007 logged in 182.185.162.253
[08-23 13:55:28]: [FINE] .HastyBag7675 logged in 119.73.117.36
[08-23 14:48:42]: [INFO] AuthMe 6.0.0-b2734 disabled!
[08-23 14:50:25]: [INFO] SQLite Setup finished
[08-23 14:50:25]: [INFO] Hooked into LuckPerms!
[08-23 14:50:25]: [INFO] Hooked successfully into Essentials
[08-23 14:50:25]: [INFO] Essentials spawn file not found: '/server/plugins/Essentials/spawn.yml'
[08-23 14:50:25]: [WARN] WARNING! The protectInventory feature requires PacketEvents! Disabling it...
[08-23 14:50:25]: [INFO] AuthMe 6.0.0 build n.2734 successfully enabled!
[08-23 14:50:28]: [INFO] Downloading GEO IP database, because the old database is older than 30 days or doesn't exist
[08-23 14:50:28]: [WARN] No MaxMind credentials found in the configuration file! GeoIp protections will be disabled.
[08-23 14:50:28]: [INFO] There is no newer GEO IP database uploaded to MaxMind. Using the old one for now.
[08-23 14:50:28]: [WARN] Could not download GeoLiteAPI database [FileNotFoundException]: plugins/AuthMe/GeoLite2-Country.mmdb (No such file or directory)
[08-23 14:50:28]: java.io.FileNotFoundException: plugins/AuthMe/GeoLite2-Country.mmdb (No such file or directory)
	at java.base/java.io.RandomAccessFile.open0(Native Method)
	at java.base/java.io.RandomAccessFile.open(RandomAccessFile.java:338)
	at java.base/java.io.RandomAccessFile.<init>(RandomAccessFile.java:257)
	at java.base/java.io.RandomAccessFile.<init>(RandomAccessFile.java:211)
	at com.maxmind.db.BufferHolder.<init>(BufferHolder.java:19)
	at com.maxmind.db.Reader.<init>(Reader.java:119)
	at com.maxmind.geoip2.DatabaseReader.<init>(DatabaseReader.java:106)
	at com.maxmind.geoip2.DatabaseReader$Builder.build(DatabaseReader.java:238)
	at AuthMe-6.0.0-Spigot-1.21.jar//fr.xephi.authme.service.GeoIpService.startReading(GeoIpService.java:183)
	at AuthMe-6.0.0-Spigot-1.21.jar//fr.xephi.authme.service.GeoIpService.updateDatabase(GeoIpService.java:150)
	at org.bukkit.craftbukkit.scheduler.CraftTask.run(CraftTask.java:78)
	at org.bukkit.craftbukkit.scheduler.CraftAsyncTask.run(CraftAsyncTask.java:57)
	at com.destroystokyo.paper.ServerSchedulerReportingWrapper.run(ServerSchedulerReportingWrapper.java:22)
	at java.base/java.util.concurrent.ThreadPoolExecutor.runWorker(ThreadPoolExecutor.java:1090)
	at java.base/java.util.concurrent.ThreadPoolExecutor$Worker.run(ThreadPoolExecutor.java:614)
	at java.base/java.lang.Thread.run(Thread.java:1474)

[08-23 14:54:37]: [FINE] The user .WiryCircle3938 has 2 accounts:
[08-23 14:54:37]: [FINE] §7§a.WiryCircle3938§7, .hastybag7675.
[08-23 14:54:37]: [FINE] .WiryCircle3938 logged in 119.73.117.36
[08-23 14:55:45]: [FINE] The user .WiryCircle3938 has 2 accounts:
[08-23 14:55:45]: [FINE] §7§a.WiryCircle3938§7, .hastybag7675.
[08-23 14:55:45]: [FINE] .WiryCircle3938 logged in 119.73.117.36
[08-23 15:13:47]: [INFO] AuthMe 6.0.0-b2734 disabled!
[08-24 11:10:04]: [INFO] SQLite Setup finished
[08-24 11:10:04]: [INFO] Hooked into LuckPerms!
[08-24 11:10:04]: [INFO] Hooked successfully into Essentials
[08-24 11:10:04]: [INFO] Essentials spawn file not found: '/server/plugins/Essentials/spawn.yml'
[08-24 11:10:04]: [WARN] WARNING! The protectInventory feature requires PacketEvents! Disabling it...
[08-24 11:10:04]: [INFO] AuthMe 6.0.0 build n.2734 successfully enabled!
[08-24 11:10:08]: [INFO] Downloading GEO IP database, because the old database is older than 30 days or doesn't exist
[08-24 11:10:08]: [WARN] No MaxMind credentials found in the configuration file! GeoIp protections will be disabled.
[08-24 11:10:08]: [INFO] There is no newer GEO IP database uploaded to MaxMind. Using the old one for now.
[08-24 11:10:08]: [WARN] Could not download GeoLiteAPI database [FileNotFoundException]: plugins/AuthMe/GeoLite2-Country.mmdb (No such file or directory)
[08-24 11:10:08]: java.io.FileNotFoundException: plugins/AuthMe/GeoLite2-Country.mmdb (No such file or directory)
	at java.base/java.io.RandomAccessFile.open0(Native Method)
	at java.base/java.io.RandomAccessFile.open(RandomAccessFile.java:338)
	at java.base/java.io.RandomAccessFile.<init>(RandomAccessFile.java:257)
	at java.base/java.io.RandomAccessFile.<init>(RandomAccessFile.java:211)
	at com.maxmind.db.BufferHolder.<init>(BufferHolder.java:19)
	at com.maxmind.db.Reader.<init>(Reader.java:119)
	at com.maxmind.geoip2.DatabaseReader.<init>(DatabaseReader.java:106)
	at com.maxmind.geoip2.DatabaseReader$Builder.build(DatabaseReader.java:238)
	at AuthMe-6.0.0-Spigot-1.21.jar//fr.xephi.authme.service.GeoIpService.startReading(GeoIpService.java:183)
	at AuthMe-6.0.0-Spigot-1.21.jar//fr.xephi.authme.service.GeoIpService.updateDatabase(GeoIpService.java:150)
	at org.bukkit.craftbukkit.scheduler.CraftTask.run(CraftTask.java:78)
	at org.bukkit.craftbukkit.scheduler.CraftAsyncTask.run(CraftAsyncTask.java:57)
	at com.destroystokyo.paper.ServerSchedulerReportingWrapper.run(ServerSchedulerReportingWrapper.java:22)
	at java.base/java.util.concurrent.ThreadPoolExecutor.runWorker(ThreadPoolExecutor.java:1090)
	at java.base/java.util.concurrent.ThreadPoolExecutor$Worker.run(ThreadPoolExecutor.java:614)
	at java.base/java.lang.Thread.run(Thread.java:1474)

[08-24 11:10:13]: [FINE] The user manansaleh2007 has 2 accounts:
[08-24 11:10:13]: [FINE] §7§amanansaleh2007§7, manansaleh2005.
[08-24 11:10:13]: [FINE] manansaleh2007 logged in 182.185.162.253
[08-24 11:12:31]: [FINE] The user .HastyBag7675 has 2 accounts:
[08-24 11:12:31]: [FINE] §7.wirycircle3938, §a.HastyBag7675§7.
[08-24 11:12:31]: [FINE] .HastyBag7675 logged in 119.73.117.36
[08-24 13:26:36]: [FINE] The user manansaleh2007 has 2 accounts:
[08-24 13:26:36]: [FINE] §7§amanansaleh2007§7, manansaleh2005.
[08-24 13:26:36]: [FINE] manansaleh2007 logged in 182.185.162.253
[08-24 13:31:53]: [FINE] The user .HastyBag7675 has 2 accounts:
[08-24 13:31:53]: [FINE] §7.wirycircle3938, §a.HastyBag7675§7.
[08-24 13:31:53]: [FINE] .HastyBag7675 logged in 119.73.117.36
[08-24 14:32:09]: [INFO] AuthMe 6.0.0-b2734 disabled!
[08-24 17:39:15]: [INFO] SQLite Setup finished
[08-24 17:39:15]: [INFO] Hooked into LuckPerms!
[08-24 17:39:15]: [INFO] Hooked successfully into Essentials
[08-24 17:39:15]: [INFO] Essentials spawn file not found: '/server/plugins/Essentials/spawn.yml'
[08-24 17:39:15]: [WARN] WARNING! The protectInventory feature requires PacketEvents! Disabling it...
[08-24 17:39:15]: [INFO] AuthMe 6.0.0 build n.2734 successfully enabled!
[08-24 17:39:20]: [INFO] Downloading GEO IP database, because the old database is older than 30 days or doesn't exist
[08-24 17:39:20]: [WARN] No MaxMind credentials found in the configuration file! GeoIp protections will be disabled.
[08-24 17:39:20]: [INFO] There is no newer GEO IP database uploaded to MaxMind. Using the old one for now.
[08-24 17:39:20]: [WARN] Could not download GeoLiteAPI database [FileNotFoundException]: plugins/AuthMe/GeoLite2-Country.mmdb (No such file or directory)
[08-24 17:39:20]: java.io.FileNotFoundException: plugins/AuthMe/GeoLite2-Country.mmdb (No such file or directory)
	at java.base/java.io.RandomAccessFile.open0(Native Method)
	at java.base/java.io.RandomAccessFile.open(RandomAccessFile.java:338)
	at java.base/java.io.RandomAccessFile.<init>(RandomAccessFile.java:257)
	at java.base/java.io.RandomAccessFile.<init>(RandomAccessFile.java:211)
	at com.maxmind.db.BufferHolder.<init>(BufferHolder.java:19)
	at com.maxmind.db.Reader.<init>(Reader.java:119)
	at com.maxmind.geoip2.DatabaseReader.<init>(DatabaseReader.java:106)
	at com.maxmind.geoip2.DatabaseReader$Builder.build(DatabaseReader.java:238)
	at AuthMe-6.0.0-Spigot-1.21.jar//fr.xephi.authme.service.GeoIpService.startReading(GeoIpService.java:183)
	at AuthMe-6.0.0-Spigot-1.21.jar//fr.xephi.authme.service.GeoIpService.updateDatabase(GeoIpService.java:150)
	at org.bukkit.craftbukkit.scheduler.CraftTask.run(CraftTask.java:78)
	at org.bukkit.craftbukkit.scheduler.CraftAsyncTask.run(CraftAsyncTask.java:57)
	at com.destroystokyo.paper.ServerSchedulerReportingWrapper.run(ServerSchedulerReportingWrapper.java:22)
	at java.base/java.util.concurrent.ThreadPoolExecutor.runWorker(ThreadPoolExecutor.java:1090)
	at java.base/java.util.concurrent.ThreadPoolExecutor$Worker.run(ThreadPoolExecutor.java:614)
	at java.base/java.lang.Thread.run(Thread.java:1474)

[08-24 17:39:29]: [FINE] The user manansaleh2007 has 2 accounts:
[08-24 17:39:29]: [FINE] §7§amanansaleh2007§7, manansaleh2005.
[08-24 17:39:29]: [FINE] manansaleh2007 logged in 182.185.162.253
[08-24 17:50:45]: [FINE] The user .HastyBag7675 has 2 accounts:
[08-24 17:50:45]: [FINE] §7.wirycircle3938, §a.HastyBag7675§7.
[08-24 17:50:45]: [FINE] .HastyBag7675 logged in 119.73.117.36
[08-24 18:01:08]: [FINE] The user hanansaleh has 3 accounts:
[08-24 18:01:08]: [FINE] §7§ahanansaleh§7, §amanansaleh2007§7, manansaleh2005.
[08-24 18:01:08]: [FINE] hanansaleh logged in 182.185.162.253
[08-24 18:19:19]: [FINE] The user manansaleh2007 has 3 accounts:
[08-24 18:19:19]: [FINE] §7§ahanansaleh§7, §amanansaleh2007§7, manansaleh2005.
[08-24 18:19:19]: [FINE] manansaleh2007 logged in 182.185.162.253
[08-24 18:51:30]: [FINE] The user hanansaleh has 3 accounts:
[08-24 18:51:30]: [FINE] §7§ahanansaleh§7, §amanansaleh2007§7, manansaleh2005.
[08-24 18:51:30]: [FINE] hanansaleh logged in 182.185.162.253
[08-24 19:09:14]: [INFO] AuthMe 6.0.0-b2734 disabled!
[08-25 09:26:17]: [INFO] SQLite Setup finished
[08-25 09:26:17]: [INFO] Hooked into LuckPerms!
[08-25 09:26:17]: [INFO] Hooked successfully into Essentials
[08-25 09:26:17]: [INFO] Essentials spawn file not found: '/server/plugins/Essentials/spawn.yml'
[08-25 09:26:17]: [WARN] WARNING! The protectInventory feature requires PacketEvents! Disabling it...
[08-25 09:26:17]: [INFO] AuthMe 6.0.0 build n.2734 successfully enabled!
[08-25 09:26:22]: [INFO] Downloading GEO IP database, because the old database is older than 30 days or doesn't exist
[08-25 09:26:22]: [WARN] No MaxMind credentials found in the configuration file! GeoIp protections will be disabled.
[08-25 09:26:22]: [INFO] There is no newer GEO IP database uploaded to MaxMind. Using the old one for now.
[08-25 09:26:22]: [WARN] Could not download GeoLiteAPI database [FileNotFoundException]: plugins/AuthMe/GeoLite2-Country.mmdb (No such file or directory)
[08-25 09:26:22]: java.io.FileNotFoundException: plugins/AuthMe/GeoLite2-Country.mmdb (No such file or directory)
	at java.base/java.io.RandomAccessFile.open0(Native Method)
	at java.base/java.io.RandomAccessFile.open(RandomAccessFile.java:338)
	at java.base/java.io.RandomAccessFile.<init>(RandomAccessFile.java:257)
	at java.base/java.io.RandomAccessFile.<init>(RandomAccessFile.java:211)
	at com.maxmind.db.BufferHolder.<init>(BufferHolder.java:19)
	at com.maxmind.db.Reader.<init>(Reader.java:119)
	at com.maxmind.geoip2.DatabaseReader.<init>(DatabaseReader.java:106)
	at com.maxmind.geoip2.DatabaseReader$Builder.build(DatabaseReader.java:238)
	at AuthMe-6.0.0-Spigot-1.21.jar//fr.xephi.authme.service.GeoIpService.startReading(GeoIpService.java:183)
	at AuthMe-6.0.0-Spigot-1.21.jar//fr.xephi.authme.service.GeoIpService.updateDatabase(GeoIpService.java:150)
	at org.bukkit.craftbukkit.scheduler.CraftTask.run(CraftTask.java:78)
	at org.bukkit.craftbukkit.scheduler.CraftAsyncTask.run(CraftAsyncTask.java:57)
	at com.destroystokyo.paper.ServerSchedulerReportingWrapper.run(ServerSchedulerReportingWrapper.java:22)
	at java.base/java.util.concurrent.ThreadPoolExecutor.runWorker(ThreadPoolExecutor.java:1090)
	at java.base/java.util.concurrent.ThreadPoolExecutor$Worker.run(ThreadPoolExecutor.java:614)
	at java.base/java.lang.Thread.run(Thread.java:1474)

[08-25 09:26:28]: [FINE] The user manansaleh2007 has 3 accounts:
[08-25 09:26:28]: [FINE] §7hanansaleh, §amanansaleh2007§7, manansaleh2005.
[08-25 09:26:28]: [FINE] manansaleh2007 logged in 182.185.162.253
[08-25 09:39:24]: [FINE] The user manansaleh2007 has 3 accounts:
[08-25 09:39:24]: [FINE] §7hanansaleh, §amanansaleh2007§7, manansaleh2005.
[08-25 09:39:24]: [FINE] manansaleh2007 logged in 182.185.162.253
[08-25 09:39:58]: [FINE] The user manansaleh2007 has 3 accounts:
[08-25 09:39:58]: [FINE] §7hanansaleh, §amanansaleh2007§7, manansaleh2005.
[08-25 09:39:58]: [FINE] manansaleh2007 logged in 182.185.162.253
[08-25 09:47:54]: [FINE] The user manansaleh2007 has 3 accounts:
[08-25 09:47:54]: [FINE] §7hanansaleh, §amanansaleh2007§7, manansaleh2005.
[08-25 09:47:54]: [FINE] manansaleh2007 logged in 182.185.162.253
[08-25 10:08:13]: [INFO] AuthMe 6.0.0-b2734 disabled!
[08-25 10:08:58]: [INFO] SQLite Setup finished
[08-25 10:08:58]: [INFO] Hooked into LuckPerms!
[08-25 10:08:58]: [INFO] Hooked successfully into Essentials
[08-25 10:08:58]: [INFO] Essentials spawn file not found: '/server/plugins/Essentials/spawn.yml'
[08-25 10:08:58]: [WARN] WARNING! The protectInventory feature requires PacketEvents! Disabling it...
[08-25 10:08:58]: [INFO] AuthMe 6.0.0 build n.2734 successfully enabled!
[08-25 10:09:03]: [INFO] Downloading GEO IP database, because the old database is older than 30 days or doesn't exist
[08-25 10:09:03]: [WARN] No MaxMind credentials found in the configuration file! GeoIp protections will be disabled.
[08-25 10:09:03]: [INFO] There is no newer GEO IP database uploaded to MaxMind. Using the old one for now.
[08-25 10:09:03]: [WARN] Could not download GeoLiteAPI database [FileNotFoundException]: plugins/AuthMe/GeoLite2-Country.mmdb (No such file or directory)
[08-25 10:09:03]: java.io.FileNotFoundException: plugins/AuthMe/GeoLite2-Country.mmdb (No such file or directory)
	at java.base/java.io.RandomAccessFile.open0(Native Method)
	at java.base/java.io.RandomAccessFile.open(RandomAccessFile.java:338)
	at java.base/java.io.RandomAccessFile.<init>(RandomAccessFile.java:257)
	at java.base/java.io.RandomAccessFile.<init>(RandomAccessFile.java:211)
	at com.maxmind.db.BufferHolder.<init>(BufferHolder.java:19)
	at com.maxmind.db.Reader.<init>(Reader.java:119)
	at com.maxmind.geoip2.DatabaseReader.<init>(DatabaseReader.java:106)
	at com.maxmind.geoip2.DatabaseReader$Builder.build(DatabaseReader.java:238)
	at AuthMe-6.0.0-Spigot-1.21.jar//fr.xephi.authme.service.GeoIpService.startReading(GeoIpService.java:183)
	at AuthMe-6.0.0-Spigot-1.21.jar//fr.xephi.authme.service.GeoIpService.updateDatabase(GeoIpService.java:150)
	at org.bukkit.craftbukkit.scheduler.CraftTask.run(CraftTask.java:78)
	at org.bukkit.craftbukkit.scheduler.CraftAsyncTask.run(CraftAsyncTask.java:57)
	at com.destroystokyo.paper.ServerSchedulerReportingWrapper.run(ServerSchedulerReportingWrapper.java:22)
	at java.base/java.util.concurrent.ThreadPoolExecutor.runWorker(ThreadPoolExecutor.java:1090)
	at java.base/java.util.concurrent.ThreadPoolExecutor$Worker.run(ThreadPoolExecutor.java:614)
	at java.base/java.lang.Thread.run(Thread.java:1474)

[08-25 10:10:10]: [FINE] The user manansaleh2007 has 3 accounts:
[08-25 10:10:10]: [FINE] §7hanansaleh, §amanansaleh2007§7, manansaleh2005.
[08-25 10:10:10]: [FINE] manansaleh2007 logged in 182.185.162.253
[08-25 10:44:43]: [INFO] AuthMe 6.0.0-b2734 disabled!
[08-25 12:11:36]: [INFO] SQLite Setup finished
[08-25 12:11:36]: [INFO] Hooked into LuckPerms!
[08-25 12:11:36]: [INFO] Hooked successfully into Essentials
[08-25 12:11:36]: [INFO] Essentials spawn file not found: '/server/plugins/Essentials/spawn.yml'
[08-25 12:11:36]: [WARN] WARNING! The protectInventory feature requires PacketEvents! Disabling it...
[08-25 12:11:36]: [INFO] AuthMe 6.0.0 build n.2734 successfully enabled!
[08-25 12:11:40]: [INFO] Downloading GEO IP database, because the old database is older than 30 days or doesn't exist
[08-25 12:11:40]: [WARN] No MaxMind credentials found in the configuration file! GeoIp protections will be disabled.
[08-25 12:11:40]: [INFO] There is no newer GEO IP database uploaded to MaxMind. Using the old one for now.
[08-25 12:11:40]: [WARN] Could not download GeoLiteAPI database [FileNotFoundException]: plugins/AuthMe/GeoLite2-Country.mmdb (No such file or directory)
[08-25 12:11:40]: java.io.FileNotFoundException: plugins/AuthMe/GeoLite2-Country.mmdb (No such file or directory)
	at java.base/java.io.RandomAccessFile.open0(Native Method)
	at java.base/java.io.RandomAccessFile.open(RandomAccessFile.java:338)
	at java.base/java.io.RandomAccessFile.<init>(RandomAccessFile.java:257)
	at java.base/java.io.RandomAccessFile.<init>(RandomAccessFile.java:211)
	at com.maxmind.db.BufferHolder.<init>(BufferHolder.java:19)
	at com.maxmind.db.Reader.<init>(Reader.java:119)
	at com.maxmind.geoip2.DatabaseReader.<init>(DatabaseReader.java:106)
	at com.maxmind.geoip2.DatabaseReader$Builder.build(DatabaseReader.java:238)
	at AuthMe-6.0.0-Spigot-1.21.jar//fr.xephi.authme.service.GeoIpService.startReading(GeoIpService.java:183)
	at AuthMe-6.0.0-Spigot-1.21.jar//fr.xephi.authme.service.GeoIpService.updateDatabase(GeoIpService.java:150)
	at org.bukkit.craftbukkit.scheduler.CraftTask.run(CraftTask.java:78)
	at org.bukkit.craftbukkit.scheduler.CraftAsyncTask.run(CraftAsyncTask.java:57)
	at com.destroystokyo.paper.ServerSchedulerReportingWrapper.run(ServerSchedulerReportingWrapper.java:22)
	at java.base/java.util.concurrent.ThreadPoolExecutor.runWorker(ThreadPoolExecutor.java:1090)
	at java.base/java.util.concurrent.ThreadPoolExecutor$Worker.run(ThreadPoolExecutor.java:614)
	at java.base/java.lang.Thread.run(Thread.java:1474)

[08-25 12:11:50]: [FINE] The user manansaleh2007 has 3 accounts:
[08-25 12:11:50]: [FINE] §7hanansaleh, §amanansaleh2007§7, manansaleh2005.
[08-25 12:11:50]: [FINE] manansaleh2007 logged in 182.185.162.253
[08-25 12:36:40]: [INFO] AuthMe 6.0.0-b2734 disabled!
[08-25 12:41:11]: [INFO] SQLite Setup finished
[08-25 12:41:11]: [INFO] Hooked into LuckPerms!
[08-25 12:41:11]: [INFO] Hooked successfully into Essentials
[08-25 12:41:11]: [INFO] Essentials spawn file not found: '/server/plugins/Essentials/spawn.yml'
[08-25 12:41:11]: [WARN] WARNING! The protectInventory feature requires PacketEvents! Disabling it...
[08-25 12:41:11]: [INFO] AuthMe 6.0.0 build n.2734 successfully enabled!
[08-25 12:41:16]: [INFO] Downloading GEO IP database, because the old database is older than 30 days or doesn't exist
[08-25 12:41:16]: [WARN] No MaxMind credentials found in the configuration file! GeoIp protections will be disabled.
[08-25 12:41:16]: [INFO] There is no newer GEO IP database uploaded to MaxMind. Using the old one for now.
[08-25 12:41:16]: [WARN] Could not download GeoLiteAPI database [FileNotFoundException]: plugins/AuthMe/GeoLite2-Country.mmdb (No such file or directory)
[08-25 12:41:16]: java.io.FileNotFoundException: plugins/AuthMe/GeoLite2-Country.mmdb (No such file or directory)
	at java.base/java.io.RandomAccessFile.open0(Native Method)
	at java.base/java.io.RandomAccessFile.open(RandomAccessFile.java:338)
	at java.base/java.io.RandomAccessFile.<init>(RandomAccessFile.java:257)
	at java.base/java.io.RandomAccessFile.<init>(RandomAccessFile.java:211)
	at com.maxmind.db.BufferHolder.<init>(BufferHolder.java:19)
	at com.maxmind.db.Reader.<init>(Reader.java:119)
	at com.maxmind.geoip2.DatabaseReader.<init>(DatabaseReader.java:106)
	at com.maxmind.geoip2.DatabaseReader$Builder.build(DatabaseReader.java:238)
	at AuthMe-6.0.0-Spigot-1.21.jar//fr.xephi.authme.service.GeoIpService.startReading(GeoIpService.java:183)
	at AuthMe-6.0.0-Spigot-1.21.jar//fr.xephi.authme.service.GeoIpService.updateDatabase(GeoIpService.java:150)
	at org.bukkit.craftbukkit.scheduler.CraftTask.run(CraftTask.java:78)
	at org.bukkit.craftbukkit.scheduler.CraftAsyncTask.run(CraftAsyncTask.java:57)
	at com.destroystokyo.paper.ServerSchedulerReportingWrapper.run(ServerSchedulerReportingWrapper.java:22)
	at java.base/java.util.concurrent.ThreadPoolExecutor.runWorker(ThreadPoolExecutor.java:1090)
	at java.base/java.util.concurrent.ThreadPoolExecutor$Worker.run(ThreadPoolExecutor.java:614)
	at java.base/java.lang.Thread.run(Thread.java:1474)

[08-25 12:41:30]: [FINE] The user manansaleh2007 has 3 accounts:
[08-25 12:41:30]: [FINE] §7hanansaleh, §amanansaleh2007§7, manansaleh2005.
[08-25 12:41:30]: [FINE] manansaleh2007 logged in 182.185.162.253
[08-25 13:23:26]: [INFO] AuthMe 6.0.0-b2734 disabled!
[08-25 19:48:09]: [INFO] SQLite Setup finished
[08-25 19:48:09]: [INFO] Hooked into LuckPerms!
[08-25 19:48:09]: [INFO] Hooked successfully into Essentials
[08-25 19:48:09]: [INFO] Essentials spawn file not found: '/server/plugins/Essentials/spawn.yml'
[08-25 19:48:09]: [WARN] WARNING! The protectInventory feature requires PacketEvents! Disabling it...
[08-25 19:48:09]: [INFO] AuthMe 6.0.0 build n.2734 successfully enabled!
[08-25 19:48:13]: [INFO] Downloading GEO IP database, because the old database is older than 30 days or doesn't exist
[08-25 19:48:13]: [WARN] No MaxMind credentials found in the configuration file! GeoIp protections will be disabled.
[08-25 19:48:13]: [INFO] There is no newer GEO IP database uploaded to MaxMind. Using the old one for now.
[08-25 19:48:13]: [WARN] Could not download GeoLiteAPI database [FileNotFoundException]: plugins/AuthMe/GeoLite2-Country.mmdb (No such file or directory)
[08-25 19:48:13]: java.io.FileNotFoundException: plugins/AuthMe/GeoLite2-Country.mmdb (No such file or directory)
	at java.base/java.io.RandomAccessFile.open0(Native Method)
	at java.base/java.io.RandomAccessFile.open(RandomAccessFile.java:338)
	at java.base/java.io.RandomAccessFile.<init>(RandomAccessFile.java:257)
	at java.base/java.io.RandomAccessFile.<init>(RandomAccessFile.java:211)
	at com.maxmind.db.BufferHolder.<init>(BufferHolder.java:19)
	at com.maxmind.db.Reader.<init>(Reader.java:119)
	at com.maxmind.geoip2.DatabaseReader.<init>(DatabaseReader.java:106)
	at com.maxmind.geoip2.DatabaseReader$Builder.build(DatabaseReader.java:238)
	at AuthMe-6.0.0-Spigot-1.21.jar//fr.xephi.authme.service.GeoIpService.startReading(GeoIpService.java:183)
	at AuthMe-6.0.0-Spigot-1.21.jar//fr.xephi.authme.service.GeoIpService.updateDatabase(GeoIpService.java:150)
	at org.bukkit.craftbukkit.scheduler.CraftTask.run(CraftTask.java:78)
	at org.bukkit.craftbukkit.scheduler.CraftAsyncTask.run(CraftAsyncTask.java:57)
	at com.destroystokyo.paper.ServerSchedulerReportingWrapper.run(ServerSchedulerReportingWrapper.java:22)
	at java.base/java.util.concurrent.ThreadPoolExecutor.runWorker(ThreadPoolExecutor.java:1090)
	at java.base/java.util.concurrent.ThreadPoolExecutor$Worker.run(ThreadPoolExecutor.java:614)
	at java.base/java.lang.Thread.run(Thread.java:1474)

[08-25 19:48:40]: [FINE] The user .HastyBag7675 has 2 accounts:
[08-25 19:48:40]: [FINE] §7.wirycircle3938, §a.HastyBag7675§7.
[08-25 19:48:40]: [FINE] .HastyBag7675 logged in 119.73.117.36
[08-25 20:14:22]: [FINE] The user manansaleh2007 has 3 accounts:
[08-25 20:14:22]: [FINE] §7hanansaleh, §amanansaleh2007§7, manansaleh2005.
[08-25 20:14:22]: [FINE] manansaleh2007 logged in 182.185.162.253
[08-25 20:26:48]: [FINE] The user manansaleh2007 has 3 accounts:
[08-25 20:26:48]: [FINE] §7hanansaleh, §amanansaleh2007§7, manansaleh2005.
[08-25 20:26:48]: [FINE] manansaleh2007 logged in 182.185.162.253
[08-25 20:30:11]: [FINE] The user manansaleh2007 has 3 accounts:
[08-25 20:30:11]: [FINE] §7hanansaleh, §amanansaleh2007§7, manansaleh2005.
[08-25 20:30:11]: [FINE] manansaleh2007 logged in 182.185.162.253
[08-25 21:21:13]: [INFO] AuthMe 6.0.0-b2734 disabled!
[08-25 21:25:43]: [INFO] SQLite Setup finished
[08-25 21:25:43]: [INFO] Hooked into LuckPerms!
[08-25 21:25:43]: [INFO] Hooked successfully into Essentials
[08-25 21:25:43]: [INFO] Essentials spawn file not found: '/server/plugins/Essentials/spawn.yml'
[08-25 21:25:43]: [WARN] WARNING! The protectInventory feature requires PacketEvents! Disabling it...
[08-25 21:25:43]: [INFO] AuthMe 6.0.0 build n.2734 successfully enabled!
[08-25 21:25:47]: [INFO] Downloading GEO IP database, because the old database is older than 30 days or doesn't exist
[08-25 21:25:47]: [WARN] No MaxMind credentials found in the configuration file! GeoIp protections will be disabled.
[08-25 21:25:47]: [INFO] There is no newer GEO IP database uploaded to MaxMind. Using the old one for now.
[08-25 21:25:47]: [WARN] Could not download GeoLiteAPI database [FileNotFoundException]: plugins/AuthMe/GeoLite2-Country.mmdb (No such file or directory)
[08-25 21:25:47]: java.io.FileNotFoundException: plugins/AuthMe/GeoLite2-Country.mmdb (No such file or directory)
	at java.base/java.io.RandomAccessFile.open0(Native Method)
	at java.base/java.io.RandomAccessFile.open(RandomAccessFile.java:338)
	at java.base/java.io.RandomAccessFile.<init>(RandomAccessFile.java:257)
	at java.base/java.io.RandomAccessFile.<init>(RandomAccessFile.java:211)
	at com.maxmind.db.BufferHolder.<init>(BufferHolder.java:19)
	at com.maxmind.db.Reader.<init>(Reader.java:119)
	at com.maxmind.geoip2.DatabaseReader.<init>(DatabaseReader.java:106)
	at com.maxmind.geoip2.DatabaseReader$Builder.build(DatabaseReader.java:238)
	at AuthMe-6.0.0-Spigot-1.21.jar//fr.xephi.authme.service.GeoIpService.startReading(GeoIpService.java:183)
	at AuthMe-6.0.0-Spigot-1.21.jar//fr.xephi.authme.service.GeoIpService.updateDatabase(GeoIpService.java:150)
	at org.bukkit.craftbukkit.scheduler.CraftTask.run(CraftTask.java:78)
	at org.bukkit.craftbukkit.scheduler.CraftAsyncTask.run(CraftAsyncTask.java:57)
	at com.destroystokyo.paper.ServerSchedulerReportingWrapper.run(ServerSchedulerReportingWrapper.java:22)
	at java.base/java.util.concurrent.ThreadPoolExecutor.runWorker(ThreadPoolExecutor.java:1090)
	at java.base/java.util.concurrent.ThreadPoolExecutor$Worker.run(ThreadPoolExecutor.java:614)
	at java.base/java.lang.Thread.run(Thread.java:1474)

[08-25 21:30:31]: [FINE] The user manansaleh2007 has 3 accounts:
[08-25 21:30:31]: [FINE] §7hanansaleh, §amanansaleh2007§7, manansaleh2005.
[08-25 21:30:31]: [FINE] manansaleh2007 logged in 182.185.162.253
[08-25 22:05:49]: [INFO] AuthMe 6.0.0-b2734 disabled!
[08-25 22:29:06]: [INFO] SQLite Setup finished
[08-25 22:29:06]: [INFO] Hooked into LuckPerms!
[08-25 22:29:06]: [INFO] Hooked successfully into Essentials
[08-25 22:29:06]: [INFO] Essentials spawn file not found: '/server/plugins/Essentials/spawn.yml'
[08-25 22:29:06]: [WARN] WARNING! The protectInventory feature requires PacketEvents! Disabling it...
[08-25 22:29:06]: [INFO] AuthMe 6.0.0 build n.2734 successfully enabled!
[08-25 22:29:11]: [INFO] Downloading GEO IP database, because the old database is older than 30 days or doesn't exist
[08-25 22:29:11]: [WARN] No MaxMind credentials found in the configuration file! GeoIp protections will be disabled.
[08-25 22:29:11]: [INFO] There is no newer GEO IP database uploaded to MaxMind. Using the old one for now.
[08-25 22:29:11]: [WARN] Could not download GeoLiteAPI database [FileNotFoundException]: plugins/AuthMe/GeoLite2-Country.mmdb (No such file or directory)
[08-25 22:29:11]: java.io.FileNotFoundException: plugins/AuthMe/GeoLite2-Country.mmdb (No such file or directory)
	at java.base/java.io.RandomAccessFile.open0(Native Method)
	at java.base/java.io.RandomAccessFile.open(RandomAccessFile.java:338)
	at java.base/java.io.RandomAccessFile.<init>(RandomAccessFile.java:257)
	at java.base/java.io.RandomAccessFile.<init>(RandomAccessFile.java:211)
	at com.maxmind.db.BufferHolder.<init>(BufferHolder.java:19)
	at com.maxmind.db.Reader.<init>(Reader.java:119)
	at com.maxmind.geoip2.DatabaseReader.<init>(DatabaseReader.java:106)
	at com.maxmind.geoip2.DatabaseReader$Builder.build(DatabaseReader.java:238)
	at AuthMe-6.0.0-Spigot-1.21.jar//fr.xephi.authme.service.GeoIpService.startReading(GeoIpService.java:183)
	at AuthMe-6.0.0-Spigot-1.21.jar//fr.xephi.authme.service.GeoIpService.updateDatabase(GeoIpService.java:150)
	at org.bukkit.craftbukkit.scheduler.CraftTask.run(CraftTask.java:78)
	at org.bukkit.craftbukkit.scheduler.CraftAsyncTask.run(CraftAsyncTask.java:57)
	at com.destroystokyo.paper.ServerSchedulerReportingWrapper.run(ServerSchedulerReportingWrapper.java:22)
	at java.base/java.util.concurrent.ThreadPoolExecutor.runWorker(ThreadPoolExecutor.java:1090)
	at java.base/java.util.concurrent.ThreadPoolExecutor$Worker.run(ThreadPoolExecutor.java:614)
	at java.base/java.lang.Thread.run(Thread.java:1474)

[08-25 22:29:18]: [FINE] The user manansaleh2007 has 3 accounts:
[08-25 22:29:18]: [FINE] §7hanansaleh, §amanansaleh2007§7, manansaleh2005.
[08-25 22:29:18]: [FINE] manansaleh2007 logged in 182.185.162.253
[08-25 22:30:43]: [FINE] .HastyBag7675 logged in 119.73.121.83
[08-25 22:34:13]: [FINE] The user manansaleh2007 has 3 accounts:
[08-25 22:34:13]: [FINE] §7hanansaleh, §amanansaleh2007§7, manansaleh2005.
[08-25 22:34:13]: [FINE] manansaleh2007 logged in 182.185.162.253
[08-25 23:14:16]: [INFO] AuthMe 6.0.0-b2734 disabled!
[08-26 11:15:02]: [INFO] SQLite Setup finished
[08-26 11:15:02]: [INFO] Hooked into LuckPerms!
[08-26 11:15:02]: [INFO] Hooked successfully into Essentials
[08-26 11:15:02]: [INFO] Essentials spawn file not found: '/server/plugins/Essentials/spawn.yml'
[08-26 11:15:03]: [WARN] WARNING! The protectInventory feature requires PacketEvents! Disabling it...
[08-26 11:15:03]: [INFO] AuthMe 6.0.0 build n.2734 successfully enabled!
[08-26 11:15:07]: [INFO] Downloading GEO IP database, because the old database is older than 30 days or doesn't exist
[08-26 11:15:07]: [WARN] No MaxMind credentials found in the configuration file! GeoIp protections will be disabled.
[08-26 11:15:07]: [INFO] There is no newer GEO IP database uploaded to MaxMind. Using the old one for now.
[08-26 11:15:07]: [WARN] Could not download GeoLiteAPI database [FileNotFoundException]: plugins/AuthMe/GeoLite2-Country.mmdb (No such file or directory)
[08-26 11:15:07]: java.io.FileNotFoundException: plugins/AuthMe/GeoLite2-Country.mmdb (No such file or directory)
	at java.base/java.io.RandomAccessFile.open0(Native Method)
	at java.base/java.io.RandomAccessFile.open(RandomAccessFile.java:338)
	at java.base/java.io.RandomAccessFile.<init>(RandomAccessFile.java:257)
	at java.base/java.io.RandomAccessFile.<init>(RandomAccessFile.java:211)
	at com.maxmind.db.BufferHolder.<init>(BufferHolder.java:19)
	at com.maxmind.db.Reader.<init>(Reader.java:119)
	at com.maxmind.geoip2.DatabaseReader.<init>(DatabaseReader.java:106)
	at com.maxmind.geoip2.DatabaseReader$Builder.build(DatabaseReader.java:238)
	at AuthMe-6.0.0-Spigot-1.21.jar//fr.xephi.authme.service.GeoIpService.startReading(GeoIpService.java:183)
	at AuthMe-6.0.0-Spigot-1.21.jar//fr.xephi.authme.service.GeoIpService.updateDatabase(GeoIpService.java:150)
	at org.bukkit.craftbukkit.scheduler.CraftTask.run(CraftTask.java:78)
	at org.bukkit.craftbukkit.scheduler.CraftAsyncTask.run(CraftAsyncTask.java:57)
	at com.destroystokyo.paper.ServerSchedulerReportingWrapper.run(ServerSchedulerReportingWrapper.java:22)
	at java.base/java.util.concurrent.ThreadPoolExecutor.runWorker(ThreadPoolExecutor.java:1090)
	at java.base/java.util.concurrent.ThreadPoolExecutor$Worker.run(ThreadPoolExecutor.java:614)
	at java.base/java.lang.Thread.run(Thread.java:1474)

[08-26 11:15:12]: [FINE] The user manansaleh2007 has 3 accounts:
[08-26 11:15:12]: [FINE] §7hanansaleh, §amanansaleh2007§7, manansaleh2005.
[08-26 11:15:12]: [FINE] manansaleh2007 logged in 182.185.162.253
[08-26 12:11:34]: [INFO] AuthMe 6.0.0-b2734 disabled!
[08-26 13:59:50]: [INFO] SQLite Setup finished
[08-26 13:59:50]: [INFO] Hooked into LuckPerms!
[08-26 13:59:50]: [INFO] Hooked successfully into Essentials
[08-26 13:59:50]: [INFO] Essentials spawn file not found: '/server/plugins/Essentials/spawn.yml'
[08-26 13:59:50]: [WARN] WARNING! The protectInventory feature requires PacketEvents! Disabling it...
[08-26 13:59:50]: [INFO] AuthMe 6.0.0 build n.2734 successfully enabled!
[08-26 13:59:54]: [INFO] Downloading GEO IP database, because the old database is older than 30 days or doesn't exist
[08-26 13:59:54]: [WARN] No MaxMind credentials found in the configuration file! GeoIp protections will be disabled.
[08-26 13:59:54]: [INFO] There is no newer GEO IP database uploaded to MaxMind. Using the old one for now.
[08-26 13:59:54]: [WARN] Could not download GeoLiteAPI database [FileNotFoundException]: plugins/AuthMe/GeoLite2-Country.mmdb (No such file or directory)
[08-26 13:59:54]: java.io.FileNotFoundException: plugins/AuthMe/GeoLite2-Country.mmdb (No such file or directory)
	at java.base/java.io.RandomAccessFile.open0(Native Method)
	at java.base/java.io.RandomAccessFile.open(RandomAccessFile.java:338)
	at java.base/java.io.RandomAccessFile.<init>(RandomAccessFile.java:257)
	at java.base/java.io.RandomAccessFile.<init>(RandomAccessFile.java:211)
	at com.maxmind.db.BufferHolder.<init>(BufferHolder.java:19)
	at com.maxmind.db.Reader.<init>(Reader.java:119)
	at com.maxmind.geoip2.DatabaseReader.<init>(DatabaseReader.java:106)
	at com.maxmind.geoip2.DatabaseReader$Builder.build(DatabaseReader.java:238)
	at AuthMe-6.0.0-Spigot-1.21.jar//fr.xephi.authme.service.GeoIpService.startReading(GeoIpService.java:183)
	at AuthMe-6.0.0-Spigot-1.21.jar//fr.xephi.authme.service.GeoIpService.updateDatabase(GeoIpService.java:150)
	at org.bukkit.craftbukkit.scheduler.CraftTask.run(CraftTask.java:78)
	at org.bukkit.craftbukkit.scheduler.CraftAsyncTask.run(CraftAsyncTask.java:57)
	at com.destroystokyo.paper.ServerSchedulerReportingWrapper.run(ServerSchedulerReportingWrapper.java:22)
	at java.base/java.util.concurrent.ThreadPoolExecutor.runWorker(ThreadPoolExecutor.java:1090)
	at java.base/java.util.concurrent.ThreadPoolExecutor$Worker.run(ThreadPoolExecutor.java:614)
	at java.base/java.lang.Thread.run(Thread.java:1474)

[08-26 14:00:03]: [FINE] The user manansaleh2007 has 3 accounts:
[08-26 14:00:03]: [FINE] §7hanansaleh, §amanansaleh2007§7, manansaleh2005.
[08-26 14:00:03]: [FINE] manansaleh2007 logged in 182.185.162.253
[08-26 14:49:07]: [FINE] .HastyBag7675 logged in 119.73.121.83
[08-26 16:33:01]: [FINE] The user hanansaleh has 3 accounts:
[08-26 16:33:01]: [FINE] §7§ahanansaleh§7, §amanansaleh2007§7, manansaleh2005.
[08-26 16:33:01]: [FINE] hanansaleh logged in 182.185.162.253
[08-26 16:39:29]: [INFO] AuthMe 6.0.0-b2734 disabled!
[08-26 17:57:13]: [INFO] SQLite Setup finished
[08-26 17:57:13]: [INFO] Hooked into LuckPerms!
[08-26 17:57:13]: [INFO] Hooked successfully into Essentials
[08-26 17:57:13]: [INFO] Essentials spawn file not found: '/server/plugins/Essentials/spawn.yml'
[08-26 17:57:13]: [WARN] WARNING! The protectInventory feature requires PacketEvents! Disabling it...
[08-26 17:57:13]: [INFO] AuthMe 6.0.0 build n.2734 successfully enabled!
[08-26 17:57:18]: [INFO] Downloading GEO IP database, because the old database is older than 30 days or doesn't exist
[08-26 17:57:18]: [WARN] No MaxMind credentials found in the configuration file! GeoIp protections will be disabled.
[08-26 17:57:18]: [INFO] There is no newer GEO IP database uploaded to MaxMind. Using the old one for now.
[08-26 17:57:18]: [WARN] Could not download GeoLiteAPI database [FileNotFoundException]: plugins/AuthMe/GeoLite2-Country.mmdb (No such file or directory)
[08-26 17:57:18]: java.io.FileNotFoundException: plugins/AuthMe/GeoLite2-Country.mmdb (No such file or directory)
	at java.base/java.io.RandomAccessFile.open0(Native Method)
	at java.base/java.io.RandomAccessFile.open(RandomAccessFile.java:338)
	at java.base/java.io.RandomAccessFile.<init>(RandomAccessFile.java:257)
	at java.base/java.io.RandomAccessFile.<init>(RandomAccessFile.java:211)
	at com.maxmind.db.BufferHolder.<init>(BufferHolder.java:19)
	at com.maxmind.db.Reader.<init>(Reader.java:119)
	at com.maxmind.geoip2.DatabaseReader.<init>(DatabaseReader.java:106)
	at com.maxmind.geoip2.DatabaseReader$Builder.build(DatabaseReader.java:238)
	at AuthMe-6.0.0-Spigot-1.21.jar//fr.xephi.authme.service.GeoIpService.startReading(GeoIpService.java:183)
	at AuthMe-6.0.0-Spigot-1.21.jar//fr.xephi.authme.service.GeoIpService.updateDatabase(GeoIpService.java:150)
	at org.bukkit.craftbukkit.scheduler.CraftTask.run(CraftTask.java:78)
	at org.bukkit.craftbukkit.scheduler.CraftAsyncTask.run(CraftAsyncTask.java:57)
	at com.destroystokyo.paper.ServerSchedulerReportingWrapper.run(ServerSchedulerReportingWrapper.java:22)
	at java.base/java.util.concurrent.ThreadPoolExecutor.runWorker(ThreadPoolExecutor.java:1090)
	at java.base/java.util.concurrent.ThreadPoolExecutor$Worker.run(ThreadPoolExecutor.java:614)
	at java.base/java.lang.Thread.run(Thread.java:1474)

[08-26 17:57:48]: [FINE] .HastyBag7675 logged in 119.73.121.83
[08-26 17:59:37]: [FINE] The user manansaleh2007 has 3 accounts:
[08-26 17:59:37]: [FINE] §7hanansaleh, §amanansaleh2007§7, manansaleh2005.
[08-26 17:59:37]: [FINE] manansaleh2007 logged in 182.185.162.253
[08-26 19:22:19]: [INFO] AuthMe 6.0.0-b2734 disabled!
[08-26 20:09:50]: [INFO] SQLite Setup finished
[08-26 20:09:50]: [INFO] Hooked into LuckPerms!
[08-26 20:09:50]: [INFO] Hooked successfully into Essentials
[08-26 20:09:50]: [INFO] Essentials spawn file not found: '/server/plugins/Essentials/spawn.yml'
[08-26 20:09:50]: [WARN] WARNING! The protectInventory feature requires PacketEvents! Disabling it...
[08-26 20:09:51]: [INFO] AuthMe 6.0.0 build n.2734 successfully enabled!
[08-26 20:09:56]: [INFO] Downloading GEO IP database, because the old database is older than 30 days or doesn't exist
[08-26 20:09:56]: [WARN] No MaxMind credentials found in the configuration file! GeoIp protections will be disabled.
[08-26 20:09:56]: [INFO] There is no newer GEO IP database uploaded to MaxMind. Using the old one for now.
[08-26 20:09:56]: [WARN] Could not download GeoLiteAPI database [FileNotFoundException]: plugins/AuthMe/GeoLite2-Country.mmdb (No such file or directory)
[08-26 20:09:56]: java.io.FileNotFoundException: plugins/AuthMe/GeoLite2-Country.mmdb (No such file or directory)
	at java.base/java.io.RandomAccessFile.open0(Native Method)
	at java.base/java.io.RandomAccessFile.open(RandomAccessFile.java:338)
	at java.base/java.io.RandomAccessFile.<init>(RandomAccessFile.java:257)
	at java.base/java.io.RandomAccessFile.<init>(RandomAccessFile.java:211)
	at com.maxmind.db.BufferHolder.<init>(BufferHolder.java:19)
	at com.maxmind.db.Reader.<init>(Reader.java:119)
	at com.maxmind.geoip2.DatabaseReader.<init>(DatabaseReader.java:106)
	at com.maxmind.geoip2.DatabaseReader$Builder.build(DatabaseReader.java:238)
	at AuthMe-6.0.0-Spigot-1.21.jar//fr.xephi.authme.service.GeoIpService.startReading(GeoIpService.java:183)
	at AuthMe-6.0.0-Spigot-1.21.jar//fr.xephi.authme.service.GeoIpService.updateDatabase(GeoIpService.java:150)
	at org.bukkit.craftbukkit.scheduler.CraftTask.run(CraftTask.java:78)
	at org.bukkit.craftbukkit.scheduler.CraftAsyncTask.run(CraftAsyncTask.java:57)
	at com.destroystokyo.paper.ServerSchedulerReportingWrapper.run(ServerSchedulerReportingWrapper.java:22)
	at java.base/java.util.concurrent.ThreadPoolExecutor.runWorker(ThreadPoolExecutor.java:1090)
	at java.base/java.util.concurrent.ThreadPoolExecutor$Worker.run(ThreadPoolExecutor.java:614)
	at java.base/java.lang.Thread.run(Thread.java:1474)

[08-26 20:10:05]: [FINE] The user manansaleh2007 has 3 accounts:
[08-26 20:10:05]: [FINE] §7hanansaleh, §amanansaleh2007§7, manansaleh2005.
[08-26 20:10:05]: [FINE] manansaleh2007 logged in 182.185.162.253
[08-26 20:10:21]: [FINE] .HastyBag7675 logged in 119.73.121.83
[08-26 20:33:41]: [FINE] The user manansaleh2007 has 3 accounts:
[08-26 20:33:41]: [FINE] §7hanansaleh, §amanansaleh2007§7, manansaleh2005.
[08-26 20:33:41]: [FINE] manansaleh2007 logged in 182.185.162.253
[08-26 20:39:53]: [FINE] The user hanansaleh has 3 accounts:
[08-26 20:39:53]: [FINE] §7§ahanansaleh§7, §amanansaleh2007§7, manansaleh2005.
[08-26 20:39:53]: [FINE] hanansaleh logged in 182.185.162.253
